,net
1999-12-21,0.0
1999-12-22,-0.0009999999999999998
1999-12-23,-0.003917613149411838
1999-12-27,-0.0056064268249281235
1999-12-28,0.009924035596564705
1999-12-29,0.00764340043552396
1999-12-30,-0.006900377128526709
1999-12-31,-0.0019470624823806413
2000-01-03,0.005897198045952343
2000-01-04,-0.008814290417578162
2000-01-05,-0.006874602406880006
2000-01-06,-0.019875888921159327
2000-01-07,-0.0141938160421554
2000-01-10,0.02668657436270877
2000-01-11,-0.006681866410529499
2000-01-12,-0.010984948389933781
2000-01-13,0.0003095289864715542
2000-01-14,-0.0004739003337350704
2000-01-18,0.010854953611502221
2000-01-19,-0.0028780159606553585
2000-01-20,-0.0010875775457691692
2000-01-21,0.009638679551232788
2000-01-24,-0.00475691195092316
2000-01-25,-0.002578641254308686
2000-01-26,-0.005002327985400055
2000-01-27,-0.009181262887178342
2000-01-28,-0.00024989603587617605
2000-01-31,0.001411262745215774
2000-02-01,0.003281049980826983
2000-02-02,0.012454882256077065
2000-02-03,0.008868374433066335
2000-02-04,0.019127719118536717
2000-02-07,0.0020045151701350156
2000-02-08,-0.010716450800245534
2000-02-09,-0.0009133528809308659
2000-02-10,0.01583201362690932
2000-02-11,0.0031640883398797153
2000-02-14,0.004093725163254217
2000-02-15,-0.004430395845785083
2000-02-16,0.007279620119723741
2000-02-17,0.016800709723681816
2000-02-18,-0.009932455349409937
2000-02-22,-0.015140334736186157
2000-02-23,0.007546434566950232
2000-02-24,0.022107233557104877
2000-02-25,0.0025638155445813883
2000-02-28,-0.01895920866227707
2000-02-29,0.008190272035685776
2000-03-01,0.006716435891160042
2000-03-02,0.006492226454621589
2000-03-03,0.0018483540171362585
2000-03-06,0.008076329934873817
2000-03-07,0.025402938313601093
2000-03-08,-0.0029291253564817828
2000-03-09,-0.00916872486806996
2000-03-10,0.003589755395424156
2000-03-13,-0.013162864198440205
2000-03-14,-0.009013208930460741
2000-03-15,-0.04289030904485279
2000-03-16,-0.021542056751244074
2000-03-17,0.009927782495382072
2000-03-20,-0.004520662994100446
2000-03-21,-0.0008374297203849832
2000-03-22,0.00774174122379233
2000-03-23,0.002365329656036111
2000-03-24,0.0024988273754812007
2000-03-27,0.00830340989494716
2000-03-28,-0.00959498593020628
2000-03-29,-0.01709421792192801
2000-03-30,-0.019406818502787342
2000-03-31,0.010722677029353653
2000-04-03,-0.0470245727266039
2000-04-04,-0.011010518076065573
2000-04-05,0.005204299822092619
2000-04-06,0.012682655623931132
2000-04-07,0.012823937195141499
2000-04-10,-0.03191457605718075
2000-04-11,-0.01365891231267537
2000-04-12,-0.019434752299943153
2000-04-13,-0.00312033919547728
2000-04-14,0.010460837698091674
2000-04-17,0.018270600235244912
2000-04-18,0.007861175760483941
2000-04-19,-0.011204386218278127
2000-04-20,-0.00892914806936619
2000-04-24,-0.01801877502663214
2000-04-25,0.014200164360002212
2000-04-26,0.0023483199379776337
2000-04-27,0.01620498134296337
2000-04-28,0.008191621854561454
2000-05-01,0.010614641960568353
2000-05-02,-0.022048376808070768
2000-05-03,-0.0016902611242610895
2000-05-04,0.013657985823425589
2000-05-05,0.00958895237344523
2000-05-08,-0.006738018194502184
2000-05-09,-0.012472983960787758
2000-05-10,-0.015119474864102209
2000-05-11,0.016807850852808552
2000-05-12,-0.00494541266764313
2000-05-15,0.008637930265075505
2000-05-16,0.006794750571525743
2000-05-17,0.008763115640427225
2000-05-18,-0.0064643686371391494
2000-05-19,-0.01914748733006869
2000-05-22,0.005126452655884729
2000-05-23,-0.03234492999453353
2000-05-24,0.013161804386346275
2000-05-25,0.004252244710523234
2000-05-26,2.1295649316439082e-05
2000-05-30,0.016473539576498473
2000-05-31,0.0006704045476787186
2000-06-01,0.012288507462197965
2000-06-02,-0.004342852174209851
2000-06-05,-0.002191501134703531
2000-06-06,0.008740066346254667
2000-06-07,0.007108282573797076
2000-06-08,-0.004921894153833071
2000-06-09,-0.0005243488272048565
2000-06-12,-0.000890560195937546
2000-06-13,0.00931084459255928
2000-06-14,-0.011000032415542713
2000-06-15,0.0007628969705468598
2000-06-16,0.005943424966735254
2000-06-19,0.013104763334253523
2000-06-20,0.007924245101774375
2000-06-21,0.00671423454157503
2000-06-22,-0.014395214418153175
2000-06-23,-0.008236459444404546
2000-06-26,0.012525465877050107
2000-06-27,-0.025458565235018316
2000-06-28,0.00412918080103643
2000-06-29,-0.0006222994956462478
2000-06-30,-0.002661695159004162
2000-07-03,-0.014352505393956194
2000-07-05,-0.013689280802363799
2000-07-06,0.006519097545900986
2000-07-07,-0.007553786468626394
2000-07-10,-0.007009638159811531
2000-07-11,-0.007401050751928253
2000-07-12,0.002645911213191823
2000-07-13,0.0002656615093350181
2000-07-14,0.005097217372075248
2000-07-17,0.007936355495975624
2000-07-18,0.0015952645264045843
2000-07-19,-0.0044488756637504
2000-07-20,0.0085324544651374
2000-07-21,-0.007035795402769073
2000-07-24,0.0002750406569847121
2000-07-25,0.004173987274498001
2000-07-26,0.0030030619464373985
2000-07-27,-0.011552018594232764
2000-07-28,-0.0029648562842529433
2000-07-31,0.008469361735570405
2000-08-01,-0.006189257924872694
2000-08-02,-0.0004737595634678591
2000-08-03,0.0012723664239771455
2000-08-04,0.002602734554724257
2000-08-07,-0.0022739275486040244
2000-08-08,-0.005058899435341329
2000-08-09,-0.007703769173656111
2000-08-10,0.0062617627834459285
2000-08-11,-0.008309107079551115
2000-08-14,0.0037032885749350352
2000-08-15,0.0044193325810159365
2000-08-16,0.010885925110342294
2000-08-17,0.005664718886024571
2000-08-18,-0.005564006552992547
2000-08-21,0.006140972097660399
2000-08-22,0.0003496484567517026
2000-08-23,0.003295653265812273
2000-08-24,0.00032087154219462017
2000-08-25,-0.0028914397193769426
2000-08-28,0.0032127126833185896
2000-08-29,0.0035597993537039465
2000-08-30,0.00247834243875354
2000-08-31,0.009229455681513442
2000-09-01,-0.003910323266812724
2000-09-05,-0.003516481237576908
2000-09-06,-0.008270221371271647
2000-09-07,0.004472084967978834
2000-09-08,0.006834472689568046
2000-09-11,0.014152811396211322
2000-09-12,-0.0015900440891510224
2000-09-13,0.003359706621495587
2000-09-14,0.004306805094296008
2000-09-15,0.00900788186809025
2000-09-18,-0.00916056844383667
2000-09-19,0.011305022244440525
2000-09-20,0.004079998557176849
2000-09-21,-0.017616145686581645
2000-09-22,-0.0029626357222749316
2000-09-25,0.006573766953917598
2000-09-26,0.0038226526699349514
2000-09-27,-0.0037502519110507847
2000-09-28,0.002241860548680896
2000-09-29,-0.004393982178403329
2000-10-02,0.0030984290832093914
2000-10-03,-0.019259158523717415
2000-10-04,-0.005098532327523092
2000-10-05,0.008264744381553097
2000-10-06,-0.006679494788285882
2000-10-09,0.0034903837691183863
2000-10-10,-0.015308278861279535
2000-10-11,0.006346544161777467
2000-10-12,-0.0058582831345249785
2000-10-13,0.016513133950885547
2000-10-16,0.009018387501117303
2000-10-17,-0.006301130616685224
2000-10-18,-0.0014344500731300976
2000-10-19,0.005172243980530977
2000-10-20,0.015552048494386425
2000-10-23,0.0010059000151330627
2000-10-24,-0.019180187432161985
2000-10-25,-0.01714940995440051
2000-10-26,-0.007187583128244679
2000-10-27,0.0026227158061882384
2000-10-30,-0.010873265762588366
2000-10-31,0.005863107461030325
2000-11-01,0.001438229369382132
2000-11-02,-0.006673593416329089
2000-11-03,-0.003663499463336741
2000-11-06,0.002158683260190623
2000-11-07,-0.005702340921338146
2000-11-08,-0.007057298712252974
2000-11-09,0.0007369212332063156
2000-11-10,0.0034052222451621565
2000-11-13,-0.008577833275526463
2000-11-14,-0.005537204700865628
2000-11-15,0.008549392985236126
2000-11-16,0.0008644308641234144
2000-11-17,-0.0008255308820374024
2000-11-20,-0.0009724556569619125
2000-11-21,0.0076843537126234495
2000-11-22,-0.0027280367887817115
2000-11-24,0.007533932472594444
2000-11-27,-0.010980466919469606
2000-11-28,-0.011334161662539689
2000-11-29,-0.0077965771658965715
2000-11-30,0.004714346392761314
2000-12-01,-0.01877653754963817
2000-12-04,-0.004443998247604481
2000-12-05,0.014470516081692338
2000-12-06,-0.007534688414588511
2000-12-07,0.005316259193356244
2000-12-08,0.0049477638143852155
2000-12-11,0.005709822062301329
2000-12-12,-0.004719601366880439
2000-12-13,0.004257433418665837
2000-12-14,-0.015104869797813
2000-12-15,0.01040267625004739
2000-12-18,0.0076278112549338995
2000-12-19,-0.016786341072607677
2000-12-20,-0.01806690876388795
2000-12-21,-0.005513644191971914
2000-12-22,0.002447770048147023
2000-12-26,0.021103314797476097
2000-12-27,-0.0073368930030118795
2000-12-28,0.004725989488526369
2000-12-29,-0.005978048721341551
2001-01-02,-0.025167331393206784
2001-01-03,-0.011902750013300047
2001-01-04,-0.00963793552406369
2001-01-05,-0.008823190434112596
2001-01-08,0.00449709676660097
2001-01-09,-0.007018843202883053
2001-01-10,0.00951717615840004
2001-01-11,-0.019623470724258404
2001-01-12,0.00021102258273755905
2001-01-16,0.006399547959542033
2001-01-17,-0.01951117413137835
2001-01-18,-0.019113535169879015
2001-01-19,-0.00820258794004075
2001-01-22,0.006906606414500183
2001-01-23,0.0011759212806100698
2001-01-24,0.002863561338549304
2001-01-25,0.012016921362831794
2001-01-26,-0.002541275569965963
2001-01-29,-0.0059900296967269045
2001-01-30,0.0036152391225779037
2001-01-31,0.006800909533597738
2001-02-01,-0.004252858963803563
2001-02-02,0.007803040423031432
2001-02-05,0.007598517049831619
2001-02-06,-0.0037531584722456882
2001-02-07,0.00564858025217313
2001-02-08,0.003389888112022613
2001-02-09,0.008208071712461688
2001-02-12,0.00835744740412626
2001-02-13,0.009111980395604603
2001-02-14,-0.00990996827801563
2001-02-15,-0.007975376220866663
2001-02-16,0.022087194976651257
2001-02-20,0.00915348882567899
2001-02-21,-0.005175614723502774
2001-02-22,-0.004629817690028976
2001-02-23,0.003623618770015641
2001-02-26,0.008366947173564392
2001-02-27,0.013145554625169878
2001-02-28,-0.001400849913601919
2001-03-01,-0.010210748028787237
2001-03-02,0.023268258753393622
2001-03-05,-0.00620520078322319
2001-03-06,-0.00971077101275504
2001-03-07,0.011414499241538877
2001-03-08,0.00883707234342845
2001-03-09,0.012301313874433567
2001-03-12,-0.013712492169918995
2001-03-13,0.00036067383386471485
2001-03-14,0.009763320883337454
2001-03-15,0.0005984058301794183
2001-03-16,-0.004579624746543126
2001-03-19,-0.00018126740940319248
2001-03-20,0.00020904151586641277
2001-03-21,-0.02186381153844142
2001-03-22,-0.028130354661860976
2001-03-23,0.005530765276541611
2001-03-26,0.00611826441732387
2001-03-27,-0.004302865216801612
2001-03-28,0.023132483473647696
2001-03-29,0.015445008000891283
2001-03-30,0.004715874626796783
2001-04-02,0.010869423842574494
2001-04-03,0.010710233604467306
2001-04-04,-0.010843778617356544
2001-04-05,-0.014297197034816852
2001-04-06,0.006952134044894622
2001-04-09,0.00030158882112324274
2001-04-10,-0.008462818712710565
2001-04-11,-0.012982286163375477
2001-04-12,-0.016624535104174724
2001-04-16,0.017458483617070333
2001-04-17,-0.0007779653684737385
2001-04-18,-0.005880193576741045
2001-04-19,-0.018456830240003354
2001-04-20,-0.015022241931849268
2001-04-23,0.013049764674719634
2001-04-24,0.002505575897669217
2001-04-25,0.001594039670189244
2001-04-26,0.013030582654764276
2001-04-27,0.004168391184501015
2001-04-30,-0.015476374856690909
2001-05-01,-0.003790851609983557
2001-05-02,-0.0003798505091228514
2001-05-03,0.005506307650082058
2001-05-04,0.002431466066762462
2001-05-07,-0.00177798949628418
2001-05-08,-0.006807862093738275
2001-05-09,0.006362394704273314
2001-05-10,0.00361797724603388
2001-05-11,0.008500578231699515
2001-05-14,0.006841266271835852
2001-05-15,-0.0034301697726227395
2001-05-16,0.002769532174392003
2001-05-17,0.00889752906603013
2001-05-18,0.0008834936353201739
2001-05-21,-0.00327535079452687
2001-05-22,0.002768977648809195
2001-05-23,0.0012415720647296923
2001-05-24,-0.013232605439016512
2001-05-25,0.005213777518711971
2001-05-29,0.01389904904131992
2001-05-30,-0.00016630795158626213
2001-05-31,0.004212582062093599
2001-06-01,0.0005596060197802864
2001-06-04,-0.0017077033528190286
2001-06-05,-0.008342066521180892
2001-06-06,0.0034803925185451544
2001-06-07,0.0034926038709016116
2001-06-08,0.001378194891193668
2001-06-11,0.0008132231929797106
2001-06-12,0.003978656312473811
2001-06-13,-0.00420964119294132
2001-06-14,-0.0037987962460328054
2001-06-15,0.0007817233360792053
2001-06-18,0.004722727853107745
2001-06-19,-0.004657180381271184
2001-06-20,0.01179418361326382
2001-06-21,0.0009446632228229315
2001-06-22,-0.006879116449414976
2001-06-25,-0.005535942092519997
2001-06-26,0.004715023086579924
2001-06-27,0.0072547687412172854
2001-06-28,0.005559979827497947
2001-06-29,-0.010364046913811459
2001-07-02,0.007195915003234589
2001-07-03,0.010227799367578538
2001-07-05,0.004783262671180909
2001-07-06,-0.006054967399753347
2001-07-09,0.00010461250468874481
2001-07-10,0.003067753346863675
2001-07-11,-0.006666683135986049
2001-07-12,0.0023923184237490494
2001-07-13,0.009853009842064674
2001-07-16,-0.000602657102568577
2001-07-17,0.008337140614788878
2001-07-18,0.004812579356549393
2001-07-19,-0.0024597297171580776
2001-07-20,-7.46643206402439e-05
2001-07-23,-0.012951334040304446
2001-07-24,-0.00010211719846336953
2001-07-25,0.0031907633411897376
2001-07-26,-0.0038226052820379704
2001-07-27,-0.001335008093965175
2001-07-30,-7.384601396710788e-05
2001-07-31,-0.002899539777800579
2001-08-01,-0.012188814596238596
2001-08-02,-0.0036072714368296952
2001-08-03,0.00826328488278942
2001-08-06,-0.009737116726048442
2001-08-07,0.0021213375550920384
2001-08-08,-0.0003207618069848004
2001-08-09,0.0009476689678573473
2001-08-10,0.011095499527236815
2001-08-13,-0.0048656237756132805
2001-08-14,0.00042757452702200303
2001-08-15,-0.00828347422143209
2001-08-16,0.00017432651970868715
2001-08-17,0.004205190314258339
2001-08-20,0.005538901491661805
2001-08-21,-8.953354579502824e-06
2001-08-22,4.746363545115993e-06
2001-08-23,-0.002317047799564537
2001-08-24,0.008179626375880359
2001-08-27,0.0036395656795255205
2001-08-28,-0.0022031505394973297
2001-08-29,-0.009327106436540333
2001-08-30,0.0017290258333033637
2001-08-31,0.0034908028709474924
2001-09-04,-0.006449044241409833
2001-09-05,0.011457385559919606
2001-09-06,-0.010635584653956354
2001-09-07,-0.012048548052512546
2001-09-10,-0.0061395051975669
2001-09-17,-0.0045656438640806155
2001-09-18,-0.0005798805260350408
2001-09-19,-0.009885037205332146
2001-09-20,-0.008423180777525416
2001-09-21,0.002338455897800264
2001-09-24,0.016736026768226123
2001-09-25,0.01568560115542477
2001-09-26,-0.005281511239670781
2001-09-27,-0.013411397649832046
2001-09-28,-0.0017047760857346046
2001-10-01,0.0035745163444509706
2001-10-02,0.00807327789406245
2001-10-03,0.000878054306282594
2001-10-04,0.0014775702819907035
2001-10-05,-0.0012551467651290078
2001-10-08,-0.009216818220951132
2001-10-09,0.0024272206882084446
2001-10-10,0.007153358350092617
2001-10-11,0.0027473069779953498
2001-10-12,-0.0026089063621926845
2001-10-15,0.0020916678589053455
2001-10-16,-0.00814106895051087
2001-10-17,-0.016047617789864764
2001-10-18,0.006404787707250638
2001-10-19,-0.0020826255357270645
2001-10-22,0.004727612927946685
2001-10-23,-0.005596998462592488
2001-10-24,0.00022661200136267175
2001-10-25,-0.001845346662003707
2001-10-26,0.0008906678730750607
2001-10-29,-0.006773162110207248
2001-10-30,0.006504352430599492
2001-10-31,-0.0064109031624896015
2001-11-01,0.011459935546414125
2001-11-02,0.00598519448560115
2001-11-05,-0.012875506274706875
2001-11-06,0.008687803389307448
2001-11-07,-0.008890371623421359
2001-11-08,-0.003171735878017126
2001-11-09,0.0004385147829379793
2001-11-12,0.0067974142324447205
2001-11-13,0.0018780617955337863
2001-11-14,0.013865468039541917
2001-11-15,-0.0019455073400367882
2001-11-16,-0.007839810661502232
2001-11-19,0.006842962283910128
2001-11-20,-0.0015198650172194774
2001-11-21,-0.0007449798184071409
2001-11-23,0.007843615732326751
2001-11-26,-0.0017611519049594907
2001-11-27,0.0019060241574228635
2001-11-28,-0.0007953223405621055
2001-11-29,0.003563115760560678
2001-11-30,0.0006184004485250971
2001-12-03,-0.008008716534887316
2001-12-04,-0.0016226118909947636
2001-12-05,0.0008487027526407728
2001-12-06,0.0011045223276834515
2001-12-07,0.008914956431007095
2001-12-10,-0.00610168546480697
2001-12-11,0.002474880959718182
2001-12-12,-0.0037842655262599347
2001-12-13,0.008478931055228999
2001-12-14,-0.00528944688028775
2001-12-17,0.0005129091508220561
2001-12-18,0.0016843212946687234
2001-12-19,-0.008817685870980222
2001-12-20,0.007310076596765818
2001-12-21,-0.001727408385095525
2001-12-24,0.005538093733110603
2001-12-26,0.002770104872400884
2001-12-27,-0.003573745119566517
2001-12-28,0.0008140782477326974
2001-12-31,0.0062291845459680265
2002-01-02,0.0028897138465467575
2002-01-03,-0.008894603251879789
2002-01-04,0.010628389539523513
2002-01-07,0.0031744988331988723
2002-01-08,0.0029193408493006596
2002-01-09,0.002865263431248367
2002-01-10,-0.0027339504250668617
2002-01-11,-0.0032883735198264838
2002-01-14,0.007543518911214661
2002-01-15,-0.0036940238402639767
2002-01-16,0.0007113288264897753
2002-01-17,0.003111612370023565
2002-01-18,-0.0035660460173529097
2002-01-22,0.025979321948617528
2002-01-23,0.002820913907907417
2002-01-24,0.0038450914758489034
2002-01-25,0.008867371618057942
2002-01-28,0.006134257926803228
2002-01-29,0.0016076194641766951
2002-01-30,0.0022888517819080415
2002-01-31,0.0010136568801851907
2002-02-01,-0.0024816854355758883
2002-02-04,0.00379161025072717
2002-02-05,0.016280148997602523
2002-02-06,0.003030770470843448
2002-02-07,-0.009269757354325912
2002-02-08,-0.004533833122808152
2002-02-11,-0.0017293376418675696
2002-02-12,0.0016794559367731149
2002-02-13,-0.0014713735391936103
2002-02-14,0.014310951827252226
2002-02-15,0.004603630145236637
2002-02-19,0.0015842622063104975
2002-02-20,0.0007078908133824563
2002-02-21,0.0020734388059232617
2002-02-22,0.0010157835137685305
2002-02-25,-0.0036298805842493644
2002-02-26,0.001494088095799713
2002-02-27,0.007807330991189498
2002-02-28,0.00021617983172093512
2002-03-01,-0.006038129598112032
2002-03-04,-0.014242573466378855
2002-03-05,-0.002081289744095712
2002-03-06,-0.00658116392970789
2002-03-07,-0.007055294238234837
2002-03-08,0.0019205927116287469
2002-03-11,-0.006375074860824752
2002-03-12,0.010846465196176332
2002-03-13,0.0008900295154509661
2002-03-14,0.0020394576404921335
2002-03-15,-0.004592565124052872
2002-03-18,0.0010533592950942776
2002-03-19,0.0039481342665487655
2002-03-20,0.007023482277959995
2002-03-21,-0.006964387264343418
2002-03-22,0.011448371334944531
2002-03-25,0.005677515282490197
2002-03-26,0.0012930419891605935
2002-03-27,0.009829777548378396
2002-03-28,-0.006903191535175922
2002-04-01,-0.00690938579202605
2002-04-02,0.012033322356899327
2002-04-03,-0.002834329610708303
2002-04-04,0.009285956578511301
2002-04-05,0.012147257005655275
2002-04-08,-5.950961672488613e-06
2002-04-09,0.0029181069204956855
2002-04-10,-0.004816788927219803
2002-04-11,0.007919388988101359
2002-04-12,0.0040047690986694156
2002-04-15,0.0044653606886374386
2002-04-16,-0.009398649530462704
2002-04-17,0.006006733308966522
2002-04-18,-0.0038543775254198743
2002-04-19,-0.0028047314317518114
2002-04-22,0.007208018044784527
2002-04-23,0.009116778248323987
2002-04-24,0.003570260557250973
2002-04-25,-0.002004116417054698
2002-04-26,0.010443475151592716
2002-04-29,-0.008227090315451477
2002-04-30,-0.004725792282814106
2002-05-01,0.0023697531809271457
2002-05-02,0.009738519699983668
2002-05-03,0.0041551066780903725
2002-05-06,-0.003022774246493593
2002-05-07,0.016426955678378333
2002-05-08,-0.02112905944464361
2002-05-09,0.0034423348480708536
2002-05-10,0.005526788804201907
2002-05-13,-0.012998973894247262
2002-05-14,-0.011101099991243191
2002-05-15,0.005817828165805235
2002-05-16,-0.00041016340423194356
2002-05-17,0.007862954127538003
2002-05-20,-0.0010941807942368286
2002-05-21,-0.0019074019093512531
2002-05-22,0.0008881317701311026
2002-05-23,-0.020845981891841666
2002-05-24,0.020538260830832614
2002-05-28,-0.001445736199052042
2002-05-29,0.005254480029713718
2002-05-30,-0.0028421216717512705
2002-05-31,0.007698638641655985
2002-06-03,0.013368757976451063
2002-06-04,0.006146696129372981
2002-06-05,-0.004503505317781506
2002-06-06,0.00966048179856043
2002-06-07,0.004216001925321748
2002-06-10,0.008310769071253794
2002-06-11,0.01590138905494256
2002-06-12,-0.0025955714501501703
2002-06-13,-0.0030424126723454007
2002-06-14,-0.01742154401627086
2002-06-17,-0.012003198784674676
2002-06-18,0.0007260393477223068
2002-06-19,-0.006795285291782359
2002-06-20,0.025330916448557977
2002-06-21,0.014051625469664033
2002-06-24,-0.004463398802176891
2002-06-25,0.006316025009835857
2002-06-26,-0.01498012675251798
2002-06-27,-0.005598048349795616
2002-06-28,0.008327246752222293
2002-07-01,0.015338017665268903
2002-07-02,0.0015412031059872607
2002-07-03,0.0045119814978838305
2002-07-05,0.013334632478147814
2002-07-08,0.009385860350177334
2002-07-09,0.02133294071380635
2002-07-10,0.01137285979531701
2002-07-11,-0.02353540557934386
2002-07-12,0.003925535935630976
2002-07-15,-0.0068518063085821045
2002-07-16,-0.011889411161499107
2002-07-17,-0.014043955009681522
2002-07-18,0.009854209701966361
2002-07-19,0.004800953927477571
2002-07-22,-0.002090998749858855
2002-07-23,0.03568819232585381
2002-07-24,-0.024871308170020694
2002-07-25,-0.022947062003992297
2002-07-26,-0.0020575097862310958
2002-07-29,0.014727715012404111
2002-07-30,-0.022206391141358417
2002-07-31,-0.018004847639629014
2002-08-01,-0.005134499074167217
2002-08-02,-0.017325500912196333
2002-08-05,-0.001272194407304022
2002-08-06,-0.012543124089848744
2002-08-07,0.0034777816872956376
2002-08-08,-0.024787234384289796
2002-08-09,0.010337953911527286
2002-08-12,0.0035039645365315367
2002-08-13,0.024507333973371286
2002-08-14,-0.004037164518815646
2002-08-15,0.0008860541366168579
2002-08-16,-0.017029753781323848
2002-08-19,0.000726746943107482
2002-08-20,-0.00335332466741821
2002-08-21,-0.005568026121466175
2002-08-22,-0.009903221658080542
2002-08-23,0.002976761899443213
2002-08-26,0.0019531064422552288
2002-08-27,-0.0013980064285170689
2002-08-28,0.0012250999207004726
2002-08-29,-0.005613652670588008
2002-08-30,0.015078527319257068
2002-09-03,0.00762485782948632
2002-09-04,-0.004198287315258682
2002-09-05,0.00909670644044639
2002-09-06,-0.008965544247438811
2002-09-09,-0.007410886757222696
2002-09-10,0.0035561771134739744
2002-09-11,-0.010307225138793714
2002-09-12,0.007935934564359967
2002-09-13,-0.002004388944725752
2002-09-16,0.007118122074371002
2002-09-17,0.0147992305851164
2002-09-18,0.009982179050807156
2002-09-19,0.00852828833319102
2002-09-20,0.0016106277433845584
2002-09-23,0.007074686235136023
2002-09-24,0.01069546290997262
2002-09-25,-0.007309616425276066
2002-09-26,-0.004362762872952655
2002-09-27,0.004617185361156991
2002-09-30,-0.005202709497774085
2002-10-01,-0.01245659549028878
2002-10-02,-0.006858823906219086
2002-10-03,-0.004208181340921504
2002-10-04,-0.0024187362701423676
2002-10-07,0.005628004569705795
2002-10-08,0.016117585208829752
2002-10-09,0.005186364429154137
2002-10-10,-0.009393940936184198
2002-10-11,-0.013605247767802621
2002-10-14,0.02450363070380956
2002-10-15,0.007788301457311049
2002-10-16,0.0211291190205439
2002-10-17,-0.014612825435436363
2002-10-18,-0.0017341348383692636
2002-10-21,-0.012705610980820396
2002-10-22,-0.011338327767371838
2002-10-23,-0.0037064826118219955
2002-10-24,-0.014699108280219603
2002-10-25,-0.006913140646254834
2002-10-28,1.260104272728102e-05
2002-10-29,0.004937906698218583
2002-10-30,-0.025769837613706735
2002-10-31,-0.01375762966072806
2002-11-01,-0.0008394674925396163
2002-11-04,-0.0014558794128318219
2002-11-05,0.004482232692856988
2002-11-06,0.008821894616267879
2002-11-07,0.0024732204521295147
2002-11-08,0.003176349008122088
2002-11-11,-0.004675974098471002
2002-11-12,0.012131614499878894
2002-11-13,-0.0014948653719950617
2002-11-14,-0.0020287123896446913
2002-11-15,0.006951604773023414
2002-11-18,-0.016787724032688113
2002-11-19,-0.0038185955875531937
2002-11-20,0.007145057855784892
2002-11-21,-0.003813359389510838
2002-11-22,-0.005726548105448524
2002-11-25,-0.004486171445347478
2002-11-26,0.004023086590947597
2002-11-27,0.003983295833953412
2002-11-29,-0.003751956291071814
2002-12-02,0.0009371177394974198
2002-12-03,-0.00805577806879397
2002-12-04,-0.004177102294664353
2002-12-05,0.008437526688498617
2002-12-06,-0.0036142161384285195
2002-12-09,-0.0021952718340627095
2002-12-10,-0.009238257142427332
2002-12-11,-0.0065126647324065855
2002-12-12,0.0029111897938656154
2002-12-13,-0.011481961111468172
2002-12-16,-0.0023618452499978002
2002-12-17,-0.003373742318944994
2002-12-18,-0.0038665746397248584
2002-12-19,-0.004519518228759624
2002-12-20,-0.0013136558535961804
2002-12-23,0.004830648992171476
2002-12-24,-0.0054758232959019534
2002-12-26,-0.007237213702799723
2002-12-27,-0.003571274570541297
2002-12-30,-0.004779821812470257
2002-12-31,0.0006760966903106511
2003-01-02,-0.0031806611580595164
2003-01-03,-0.001750761503729601
2003-01-06,-0.0011639757245782809
2003-01-07,0.010797161641157203
2003-01-08,-0.0019913386160193237
2003-01-09,-0.0017760565846918126
2003-01-10,-0.003979416558383812
2003-01-13,0.0037066049994174694
2003-01-14,0.001921335603411362
2003-01-15,-0.0020397297407207192
2003-01-16,-0.0021157251467490514
2003-01-17,-0.0022800248674768007
2003-01-21,0.005846348543399821
2003-01-22,0.0009325058434386337
2003-01-23,-0.0011118711545908566
2003-01-24,-0.00026468904062833774
2003-01-27,-0.0003020054266536043
2003-01-28,-0.0005639175292073092
2003-01-29,0.0012628860921494406
2003-01-30,-0.001555439737692255
2003-01-31,-0.0016201121172047927
2003-02-03,-0.006550762931220033
2003-02-04,0.0024302625148637804
2003-02-05,-0.00010525187973812908
2003-02-06,-0.0037440987440603203
2003-02-07,0.003722709101052199
2003-02-10,-0.0029426185354075973
2003-02-11,2.358157297884276e-05
2003-02-12,0.0005961075831126781
2003-02-13,-0.0015921366321815797
2003-02-14,-0.007146843141324032
2003-02-18,0.006248238291878936
2003-02-19,0.002167566517440737
2003-02-20,-0.004905550806105401
2003-02-21,0.0019243553504407383
2003-02-24,0.0009288758940949556
2003-02-25,0.002540713494177417
2003-02-26,-9.831292177309213e-05
2003-02-27,0.0018483288708377498
2003-02-28,0.0037526977974764513
2003-03-03,-0.0034987946731142652
2003-03-04,0.004723243105518643
2003-03-05,0.0007049461108096732
2003-03-06,-0.00025541285963930505
2003-03-07,-0.0003678531372611459
2003-03-10,0.0023966644666376345
2003-03-11,-0.006201139963913138
2003-03-12,-0.005094148120566139
2003-03-13,0.0008683864021490815
2003-03-14,0.0013954468059502098
2003-03-17,0.0032568617985156696
2003-03-18,0.007102140717582013
2003-03-19,-0.008617080636021943
2003-03-20,-0.004874767817799902
2003-03-21,-0.005680095948281985
2003-03-24,-0.004735141991623938
2003-03-25,0.010010325012869735
2003-03-26,0.0012482365072052312
2003-03-27,-0.0048635473154694684
2003-03-28,0.003619827282693762
2003-03-31,-0.00452731791356642
2003-04-01,0.00395877904980769
2003-04-02,0.0017026732398915502
2003-04-03,0.003233058612672025
2003-04-04,-0.009950722754580112
2003-04-07,-0.010755597715417196
2003-04-08,-0.0037797453054582257
2003-04-09,-0.0029444030225147747
2003-04-10,-0.0016846161108215734
2003-04-11,-0.0049685423113221714
2003-04-14,0.0005251274168697546
2003-04-15,-0.005717852860243255
2003-04-16,0.003772380196537857
2003-04-17,0.005998491053689258
2003-04-21,0.0013909809285954202
2003-04-22,0.012123446200728387
2003-04-23,0.004783245745476896
2003-04-24,0.002972296748071528
2003-04-25,-0.0016358103729043234
2003-04-28,-0.005083884403637221
2003-04-29,-0.003321402087206837
2003-04-30,-0.010037495264440234
2003-05-01,0.005270668873786013
2003-05-02,0.0010657875426160048
2003-05-05,-0.00022973375704596368
2003-05-06,-0.0014568343824646335
2003-05-07,-0.009914986106784582
2003-05-08,0.002152523793920193
2003-05-09,0.004740529675182774
2003-05-12,0.0024771433980137958
2003-05-13,0.0034979377296248267
2003-05-14,4.87348474631328e-05
2003-05-15,-0.002344743162200001
2003-05-16,0.00595037895669165
2003-05-19,-0.00671285273460813
2003-05-20,-0.002638449990861196
2003-05-21,0.0001369698764324891
2003-05-22,0.005300848229788999
2003-05-23,0.004167200832516048
2003-05-27,0.0069255265978723545
2003-05-28,-0.00468536086414929
2003-05-29,-0.0015311271348503097
2003-05-30,0.005159618166232913
2003-06-02,-0.004522010509785031
2003-06-03,-0.0002753566161860537
2003-06-04,0.010883717628799574
2003-06-05,0.016374361776230764
2003-06-06,-0.007332536239730814
2003-06-09,-0.010935615471513133
2003-06-10,-0.000593264727153545
2003-06-11,0.005687341712518165
2003-06-12,-0.0006351232619865913
2003-06-13,0.001118620535773726
2003-06-16,-0.0018426311233456004
2003-06-17,-0.005619852571079671
2003-06-18,-0.016219505907469855
2003-06-19,-0.0081915886311055
2003-06-20,0.000940928749776093
2003-06-23,-0.004534531364533603
2003-06-24,0.003520927686269908
2003-06-25,0.009902875849585028
2003-06-26,-0.0024867313769777757
2003-06-27,0.0016017446416631523
2003-06-30,-0.0012523032189971995
2003-07-01,-0.00853400078815869
2003-07-02,-0.0016700506377913642
2003-07-03,0.001553236367875857
2003-07-07,-0.0031561806684398406
2003-07-08,0.004980375791913141
2003-07-09,0.005018774333585491
2003-07-10,-0.0009593376956617713
2003-07-11,-0.0014656630647133218
2003-07-14,0.0030427103892895404
2003-07-15,0.006373087476424213
2003-07-16,-0.00029044968094070283
2003-07-17,-0.00975040758719618
2003-07-18,-0.009439859286041276
2003-07-21,0.0033825906462081516
2003-07-22,0.0008305626879668316
2003-07-23,0.004891700157909621
2003-07-24,-0.0008923631220574726
2003-07-25,-0.005246646905347163
2003-07-28,0.007165437819460147
2003-07-29,-0.000814712706735112
2003-07-30,-0.006556874496233101
2003-07-31,0.000411794878886313
2003-08-01,-0.007822756788879637
2003-08-04,-0.014957756679957041
2003-08-05,0.004250968084015831
2003-08-06,-0.010871024352504898
2003-08-07,0.001789120334157385
2003-08-08,-0.0025457801453914524
2003-08-11,0.004743673055241612
2003-08-12,0.0015029655718680987
2003-08-13,0.0037665467543669465
2003-08-14,-0.0018175409078253035
2003-08-15,-0.001114379297660857
2003-08-18,0.00856551383632146
2003-08-19,0.007158844434432493
2003-08-20,0.004442107107794747
2003-08-21,0.008553732665157429
2003-08-22,-0.003962409418489315
2003-08-25,-0.0040367180132377
2003-08-26,0.0033728028489540935
2003-08-27,0.008880300695897118
2003-08-28,0.002421495082707785
2003-08-29,0.00623154722439632
2003-09-02,0.0038132041287871734
2003-09-03,-0.005399335660742774
2003-09-04,0.004077234079604323
2003-09-05,0.0020446776719507645
2003-09-08,0.007058246690265263
2003-09-09,-0.0007908973860324105
2003-09-10,-0.010127481921795916
2003-09-11,0.0037027796328728707
2003-09-12,0.0032060961023655304
2003-09-15,-0.0026236126219411587
2003-09-16,-0.0020526342030588946
2003-09-17,0.001989571634170839
2003-09-18,0.0008354785369407186
2003-09-19,-0.0011179638736573722
2003-09-22,0.0006053585982927458
2003-09-23,-0.0019913662935330287
2003-09-24,-0.003672145153476876
2003-09-25,-0.009090490083641906
2003-09-26,-0.0021365116012075293
2003-09-29,0.003317246627663692
2003-09-30,0.004979066969289742
2003-10-01,0.0013706315304306388
2003-10-02,0.010822100797468433
2003-10-03,0.005697445757983598
2003-10-06,0.0019442475708483626
2003-10-07,0.0019891228317230262
2003-10-08,-0.001465566738529174
2003-10-09,0.0019793476737134377
2003-10-10,0.0029953100171261197
2003-10-13,0.0024870831042863566
2003-10-14,-0.001333650325207905
2003-10-15,-0.0027271964828271336
2003-10-16,7.885885814011643e-05
2003-10-17,-0.002027472951008667
2003-10-20,0.0030240595483691565
2003-10-21,0.005572947105278099
2003-10-22,-0.0012570702248585759
2003-10-23,-0.017626668156892754
2003-10-24,-0.0006602093710607255
2003-10-27,0.005654381354190483
2003-10-28,0.008839972513535424
2003-10-29,-0.00040908884212132704
2003-10-30,0.000341906590604339
2003-10-31,-0.007766122966010077
2003-11-03,0.011217650759491516
2003-11-04,0.0046655145827301705
2003-11-05,-0.0016050832670133639
2003-11-06,-0.003965730485509551
2003-11-07,0.0032363387348592443
2003-11-10,-0.0020263966199586684
2003-11-11,-0.007822321579645361
2003-11-12,0.002414876767025714
2003-11-13,-0.004832600359861414
2003-11-14,-0.0050777887615880805
2003-11-17,-0.007784412305687055
2003-11-18,0.0037881890009273736
2003-11-19,-0.0016954486237226866
2003-11-20,0.0015867017204098076
2003-11-21,0.005069014457828518
2003-11-24,0.001059999458150861
2003-11-25,0.0012677504165632832
2003-11-26,0.0007933726047201456
2003-11-28,0.006013263476047959
2003-12-01,0.0031425318940469676
2003-12-02,-0.0003800687200656973
2003-12-03,0.0017162097220141549
2003-12-04,-0.00662952313291793
2003-12-05,0.003368014576937955
2003-12-08,-0.0016091103254697984
2003-12-09,0.006646884303518471
2003-12-10,-0.00782868537824257
2003-12-11,0.0005751025125373051
2003-12-12,-0.002739118564533096
2003-12-15,-0.0033777525614305647
2003-12-16,0.0021519012322690333
2003-12-17,0.002113635995597911
2003-12-18,0.004882377159896888
2003-12-19,-5.4285122817061804e-05
2003-12-22,0.004703235815736792
2003-12-23,0.0012888148303109948
2003-12-24,0.0041252687810688846
2003-12-26,0.0007425250187930335
2003-12-29,0.0049149529920198935
2003-12-30,-0.0030684523856693772
2003-12-31,0.0013236438631320188
2004-01-02,0.005675945623626829
2004-01-05,0.016010263262032566
2004-01-06,-0.002428734218795512
2004-01-07,-0.008026041528806803
2004-01-08,0.005853670467273163
2004-01-09,0.0008328626096260132
2004-01-12,0.001633715968467377
2004-01-13,-0.0003270999227351654
2004-01-14,-0.01075095142253906
2004-01-15,-0.01080976865336673
2004-01-16,-0.00786633225092472
2004-01-20,0.013525053639472501
2004-01-21,-0.005154525478451188
2004-01-22,-0.003545658456881054
2004-01-23,0.0029898602629259666
2004-01-26,-0.004067749739226327
2004-01-27,0.006124949182424721
2004-01-28,-0.004504796516794424
2004-01-29,-0.022752364027371526
2004-01-30,-0.0029574183644448236
2004-02-02,0.0019329632936616813
2004-02-03,0.0046389956277094685
2004-02-04,2.851597470850776e-05
2004-02-05,-0.0054796060693687075
2004-02-06,0.001117751951374148
2004-02-09,0.006221751522502787
2004-02-10,0.0018816929802661468
2004-02-11,0.005075453970258572
2004-02-12,0.00581627407076075
2004-02-13,-0.0035952611821116385
2004-02-17,-0.001876814231529424
2004-02-18,-0.004201189523306111
2004-02-19,-0.006618627403771314
2004-02-20,-0.00432990504406754
2004-02-23,-0.000613455287014261
2004-02-24,0.004265699989262902
2004-02-25,-0.001318689277078268
2004-02-26,-0.0015544119249299472
2004-02-27,0.007693156595267203
2004-03-01,0.006885311675426836
2004-03-02,-0.0017052755832565917
2004-03-03,-0.006157190709555303
2004-03-04,-0.00031961511096631896
2004-03-05,0.00737160380775958
2004-03-08,0.00702977182448815
2004-03-09,-0.008628775871944182
2004-03-10,-0.009163206509639836
2004-03-11,-0.009121849503776298
2004-03-12,0.0007291810248459964
2004-03-15,-0.006463060951973289
2004-03-16,0.004280526598171983
2004-03-17,0.004928601177495176
2004-03-18,0.00676779452861399
2004-03-19,0.006804396769176627
2004-03-22,-0.0027081393071197238
2004-03-23,0.005676450415871361
2004-03-24,-0.010891714851959264
2004-03-25,-0.0037445458549452987
2004-03-26,0.0034808366012597314
2004-03-29,-0.00470084680738586
2004-03-30,0.006088676257321712
2004-03-31,0.009012810340515662
2004-04-01,0.004690585185813547
2004-04-02,-0.006824447983277288
2004-04-05,-0.006947962585333349
2004-04-06,0.00025071902774607144
2004-04-07,0.002481369972627585
2004-04-08,-0.0003581413465997953
2004-04-12,-0.0008646254737645664
2004-04-13,-0.005227303431646414
2004-04-14,-0.013174319311749613
2004-04-15,0.002023920818339256
2004-04-16,0.004900994034739774
2004-04-19,-0.005520671915812911
2004-04-20,0.0069702676869122454
2004-04-21,-0.0097499347747269
2004-04-22,-0.0028543536419047264
2004-04-23,-0.0012475342884076524
2004-04-26,0.0013118456393596033
2004-04-27,-0.0008425802802168945
2004-04-28,-0.0171251474718867
2004-04-29,-0.008244155722027285
2004-04-30,0.0026073128030094663
2004-05-03,0.005783433692499803
2004-05-04,0.0053927976623556915
2004-05-05,-0.0011298222905731302
2004-05-06,-0.017060198461065285
2004-05-07,-0.014245140616537928
2004-05-10,-0.029281967075319496
2004-05-11,0.009806538441943506
2004-05-12,0.006543781815285136
2004-05-13,-0.004525628117780736
2004-05-14,-0.00015839397683358066
2004-05-17,-0.005936802523163052
2004-05-18,-0.0030535371717462425
2004-05-19,0.011772383809966728
2004-05-20,-0.0033956498721280075
2004-05-21,0.0008796582107170132
2004-05-24,0.0017594842539357296
2004-05-25,-0.002123568704581671
2004-05-26,-0.00668467564313709
2004-05-27,-0.0033110986585033965
2004-05-28,-0.0043517883385350686
2004-06-01,0.009227289412931513
2004-06-02,0.0046010875807315004
2004-06-03,0.00320758201641794
2004-06-04,0.0010668429249496634
2004-06-07,-0.0011299952578294797
2004-06-08,-0.0011112283405236949
2004-06-09,7.316373228209223e-05
2004-06-10,0.00755760638322412
2004-06-14,0.0070475420899191316
2004-06-15,-0.004768768658157595
2004-06-16,0.0035807493202631422
2004-06-17,0.00027618886304995406
2004-06-18,0.007490427104052734
2004-06-21,-0.00026081773508964735
2004-06-22,-0.0037066124426265476
2004-06-23,-0.0013924110951887849
2004-06-24,-0.00912582813908269
2004-06-25,-0.004326747238762122
2004-06-28,0.006191184271075616
2004-06-29,-0.00505931236840785
2004-06-30,-0.004780480669463484
2004-07-01,-0.002382868569662358
2004-07-02,-0.0015010436962388592
2004-07-06,0.002187853140306886
2004-07-07,-0.0011077095248554116
2004-07-08,0.001366015965528058
2004-07-09,-0.0010017253278835102
2004-07-12,0.003926856829058596
2004-07-13,-0.004387259225822072
2004-07-14,0.009846720345437954
2004-07-15,0.002789186390373004
2004-07-16,0.00432572186247601
2004-07-19,-0.002328523515245306
2004-07-20,0.002505059325368867
2004-07-21,-0.0020571564457873364
2004-07-22,-0.008790240043381881
2004-07-23,0.0015633295248768974
2004-07-26,-0.0031857701650349003
2004-07-27,0.0006366256733863116
2004-07-28,0.004596008466657449
2004-07-29,-0.0016296270935751802
2004-07-30,-0.0029165174472035437
2004-08-02,0.007347141511044424
2004-08-03,0.006491723236913633
2004-08-04,-0.005337795818335958
2004-08-05,-0.010203088462247937
2004-08-06,0.007059993797545955
2004-08-09,-0.0015081243465477033
2004-08-10,-0.0031697935214169853
2004-08-11,-0.0015689140535331734
2004-08-12,0.004909862310429357
2004-08-13,-0.0016602403425659185
2004-08-16,0.001212933411288215
2004-08-17,-0.0013059599240626584
2004-08-18,-0.006046130495420193
2004-08-19,0.000249437519994311
2004-08-20,0.004464518315977126
2004-08-23,-0.004391014839654165
2004-08-24,0.0037984943196416403
2004-08-25,-0.004645325337191893
2004-08-26,-0.0014733897454996914
2004-08-27,-0.0018713790055600995
2004-08-30,0.013080886470710991
2004-08-31,0.005834020727704211
2004-09-01,-0.005909970520190216
2004-09-02,-0.003638888384935285
2004-09-03,0.010371960588326472
2004-09-07,0.010007590887598113
2004-09-08,0.0008707130377207955
2004-09-09,-0.012057903425929613
2004-09-10,-0.01231257871280164
2004-09-13,-0.0067822504516208484
2004-09-14,0.0011185442092022271
2004-09-15,0.00810709058584081
2004-09-16,0.009305037606941957
2004-09-17,0.0015300375178053064
2004-09-20,-0.0036883229201728224
2004-09-21,0.0039575156534304625
2004-09-22,0.003747105310726988
2004-09-23,-0.0015253273994195917
2004-09-24,0.01003377223222655
2004-09-27,0.00511315385973731
2004-09-28,0.007964029161486625
2004-09-29,-0.0037472547576871225
2004-09-30,0.0036601133297193213
2004-10-01,-0.003685960008772192
2004-10-04,-0.00023080369163743636
2004-10-05,0.0050472985205305175
2004-10-06,-0.001333257726545964
2004-10-07,0.0028963039717620205
2004-10-08,0.014211701847904167
2004-10-11,-0.0038798654107802836
2004-10-12,0.0010355330901919535
2004-10-13,-0.01337611130094908
2004-10-14,0.0070612023839855915
2004-10-15,0.007067581908137308
2004-10-18,-0.005805768675265749
2004-10-19,-0.005631969004423676
2004-10-20,-0.0028368465874776126
2004-10-21,0.0035232854797126833
2004-10-22,0.011445100977361488
2004-10-25,-0.0014277663253287663
2004-10-26,0.0017541489178202491
2004-10-27,-0.014041395305581803
2004-10-28,-0.005825561970930313
2004-10-29,0.00744654816366563
2004-11-01,0.003683107857092732
2004-11-02,-0.004522730643303311
2004-11-03,0.004660162720290848
2004-11-04,0.0015738322089776332
2004-11-05,-0.010459446471886204
2004-11-08,-0.005715345036370378
2004-11-09,0.0010260157767924107
2004-11-10,0.010613773385775646
2004-11-11,-0.0011388750048403962
2004-11-12,0.005391013504188063
2004-11-15,-0.008320230636218312
2004-11-16,-0.0014361604715739957
2004-11-17,-0.003367997566581825
2004-11-18,-0.0037033439571961
2004-11-19,0.009880544283576495
2004-11-22,0.007992009774073772
2004-11-23,0.007585155072879667
2004-11-24,0.001687650111376431
2004-11-26,0.011467833227826834
2004-11-29,-7.277729512684852e-05
2004-11-30,0.003782542318903371
2004-12-01,-0.010248822888608644
2004-12-02,-0.013038128908496155
2004-12-03,0.007490329427975755
2004-12-06,-0.0004305485600752694
2004-12-07,-0.0018129139391456844
2004-12-08,-0.007753343460241089
2004-12-09,0.0008214473401301315
2004-12-10,0.0033475025593140547
2004-12-13,0.005663410784047519
2004-12-14,-0.0042331716303293295
2004-12-15,0.0035856710698775863
2004-12-16,-0.00301842405009904
2004-12-17,0.006972801111223327
2004-12-20,0.007959803650778046
2004-12-21,0.0011710951732755576
2004-12-22,8.681858241749311e-05
2004-12-23,0.00021526584254674162
2004-12-27,0.006761038414312801
2004-12-28,-0.004666714554654863
2004-12-29,-0.0011200830568180908
2004-12-30,0.001968258800817773
2004-12-31,-0.001972999620710664
2005-01-03,-0.0028175404625911766
2005-01-04,-0.003084032022114914
2005-01-05,-0.006468763894008734
2005-01-06,-0.001892613972605804
2005-01-07,-0.0014571228667901888
2005-01-10,-0.0030951248273397222
2005-01-11,0.0018071951542640427
2005-01-12,-0.0017558745616802053
2005-01-13,0.006758994912160269
2005-01-14,0.00244877585463017
2005-01-18,-0.0052481563388989275
2005-01-19,0.008782465174050584
2005-01-20,-0.008918073964192481
2005-01-21,0.009609032632020174
2005-01-24,0.012222133717721793
2005-01-25,-0.00534912388608738
2005-01-26,7.348861464713579e-05
2005-01-27,-0.0008631396200453337
2005-01-28,0.0017230811929222212
2005-01-31,0.0002948127147221031
2005-02-01,0.002064827738586087
2005-02-02,0.003479708818224278
2005-02-03,0.006157366722184175
2005-02-04,-0.008503377106647721
2005-02-07,0.0017758512761473235
2005-02-08,-0.0034350934433833094
2005-02-09,0.016266866150453464
2005-02-10,0.0029067194588587603
2005-02-11,-0.006881735413818027
2005-02-14,0.001474760773177708
2005-02-15,2.1575469290478e-06
2005-02-16,0.003871883204793392
2005-02-17,0.009423572208938023
2005-02-18,0.0020452777457050917
2005-02-22,0.0029470458915030542
2005-02-23,0.004378283740278323
2005-02-24,0.0007947868328167462
2005-02-25,0.0012988343570167638
2005-02-28,0.007338634916996245
2005-03-01,-0.015830952409524986
2005-03-02,0.004270192882802577
2005-03-03,0.009726177585398834
2005-03-04,0.009986722545635254
2005-03-07,-0.00547477930852234
2005-03-08,0.0035783677124274797
2005-03-09,-0.00856451657229682
2005-03-10,-0.013005871973877899
2005-03-11,0.01066047617118775
2005-03-14,-0.012728283503171765
2005-03-15,-0.001007371557271482
2005-03-16,0.005836317344079953
2005-03-17,0.010051516288735537
2005-03-18,0.0012613009409612177
2005-03-21,-0.008218727750355608
2005-03-22,-0.004150198138642265
2005-03-23,-0.017904847779815797
2005-03-24,0.0009319431953900727
2005-03-28,-2.59953536265988e-05
2005-03-29,-0.0005054582904880549
2005-03-30,-0.0009193325750574797
2005-03-31,0.011604634373961854
2005-04-01,0.015473450464857923
2005-04-04,-0.007079335527564501
2005-04-05,-0.006282039532060125
2005-04-06,-0.00026038392897133214
2005-04-07,-0.0006550162840525449
2005-04-08,0.001305826129896329
2005-04-11,0.003908060497125833
2005-04-12,-0.004155035995327866
2005-04-13,-0.0029863120767671045
2005-04-14,-0.005360445417157885
2005-04-15,-0.006578905603016325
2005-04-18,0.0052383189798165175
2005-04-19,0.010168834893123379
2005-04-20,-0.002137249539903881
2005-04-21,-0.0019008236422894502
2005-04-22,0.005375999710869305
2005-04-25,0.004720722208296464
2005-04-26,-0.0024885542156298625
2005-04-27,-0.008436651081889401
2005-04-28,-0.0053114273668270345
2005-04-29,0.004158022760934785
2005-05-02,0.0012421897464704582
2005-05-03,-0.00693961087766193
2005-05-04,0.005579864585062416
2005-05-05,-0.00016890008084966722
2005-05-06,-0.00015100305041144897
2005-05-09,6.0621533159720164e-05
2005-05-10,-0.007293363659199582
2005-05-11,-0.0012781963450643305
2005-05-12,-0.011614090902771509
2005-05-13,-0.01301868188510857
2005-05-16,-0.0008217967253181693
2005-05-17,0.0031802026925480333
2005-05-18,0.0015830610466264713
2005-05-19,0.002167218497557743
2005-05-20,-0.001333958081489357
2005-05-23,-0.0007473967813221741
2005-05-24,0.001543963465621106
2005-05-25,0.002857994757187544
2005-05-26,-0.003375836057720891
2005-05-27,0.00586660070545915
2005-05-31,0.0028976823981994577
2005-06-01,0.0038966907933021848
2005-06-02,0.002388260164743752
2005-06-03,0.006221600150623646
2005-06-06,-0.002884786768863576
2005-06-07,-0.0038519604905434273
2005-06-08,0.0033454701639507294
2005-06-09,-0.0037745582509783582
2005-06-10,0.00701065135139842
2005-06-13,0.002420126642157288
2005-06-14,0.008815189174380835
2005-06-15,0.00014371431397567356
2005-06-16,0.000789150289980125
2005-06-17,0.005280938854533293
2005-06-20,0.0011671125314792446
2005-06-21,-0.007665815388504398
2005-06-22,0.002429722666643642
2005-06-23,0.0027064002165243742
2005-06-24,0.0021529362190311732
2005-06-27,0.011840787643613659
2005-06-28,-0.007297036128047105
2005-06-29,0.0035132943034016707
2005-06-30,0.004038914565655
2005-07-01,0.004767140359501053
2005-07-05,-0.0024982286684174836
2005-07-06,-0.0006785834813860425
2005-07-07,0.002080652161669501
2005-07-08,-0.00704264265439037
2005-07-11,0.001194666737963087
2005-07-12,0.0034073203085714463
2005-07-13,0.00149204600820231
2005-07-14,-0.010272329399388555
2005-07-15,-0.005254094189651952
2005-07-18,0.0027681695774723312
2005-07-19,0.0034738340509832817
2005-07-20,-0.004539531321531191
2005-07-21,-0.002044162506718734
2005-07-22,0.004616474865865194
2005-07-25,-0.005789987564457139
2005-07-26,0.005307963191711601
2005-07-27,0.0012028894225247434
2005-07-28,0.0033698766829277508
2005-07-29,0.0035753358822249483
2005-08-01,0.005327766526695752
2005-08-02,0.006521194669751775
2005-08-03,-0.002049704680679514
2005-08-04,0.0028225592170040125
2005-08-05,-0.00834637698001346
2005-08-08,-4.09089358503481e-05
2005-08-09,0.003476145426196224
2005-08-10,0.0037633009955468557
2005-08-11,-0.006625197370281342
2005-08-12,0.0027801873550417845
2005-08-15,0.0025453308641958453
2005-08-16,-0.0014609132775456346
2005-08-17,-0.00792022782689482
2005-08-18,-0.005475241408001856
2005-08-19,-0.0027414768588804074
2005-08-22,0.008430744893906075
2005-08-23,-0.0004786575204601243
2005-08-24,0.001000300311181434
2005-08-25,0.00564828903874123
2005-08-26,-0.0036942269531264654
2005-08-29,-0.0014789668228070594
2005-08-30,0.0064490908677692195
2005-08-31,0.010422009175536812
2005-09-01,0.014105529165771916
2005-09-02,0.003339605967758287
2005-09-06,0.0011581179056149359
2005-09-07,-0.0012283459165291614
2005-09-08,0.002023626043444715
2005-09-09,0.0062356390726965565
2005-09-12,-0.009732788064599613
2005-09-13,-0.0013626519534534953
2005-09-14,0.010497386031035305
2005-09-15,0.007604601964944301
2005-09-16,0.0027733761192708897
2005-09-19,0.01353479790207291
2005-09-20,0.003443701654428123
2005-09-21,0.020095139351630445
2005-09-22,-0.007680388111689755
2005-09-23,-0.003638545397062204
2005-09-26,0.007652071458136478
2005-09-27,-0.0014600687504362224
2005-09-28,0.008676918771053642
2005-09-29,-0.005024547810707322
2005-09-30,-0.0056193793813321
2005-10-03,0.003921821455014817
2005-10-04,-0.00685307121289324
2005-10-05,-0.011135709907361872
2005-10-06,-0.020067245385658846
2005-10-07,0.011812796646726461
2005-10-10,0.006578014290528548
2005-10-11,0.009584052091251677
2005-10-12,-0.01211345620261891
2005-10-13,-0.010722000824956798
2005-10-14,-0.0029566479662197073
2005-10-17,0.00464162677170457
2005-10-18,-0.007593716830910955
2005-10-19,-0.004495242314253327
2005-10-20,-0.015133137897130902
2005-10-21,0.007453993622159252
2005-10-24,0.0014232762482291664
2005-10-25,0.00346244567606804
2005-10-26,0.004261188932352075
2005-10-27,0.003977123965696728
2005-10-28,-0.004523508052812498
2005-10-31,0.003154709824479676
2005-11-01,0.007580045190831784
2005-11-02,-0.00730426662073795
2005-11-03,-0.005132339433152424
2005-11-04,-0.003733160653643071
2005-11-07,-0.0012775457483445761
2005-11-08,0.005996815025356036
2005-11-09,-0.005592952445740849
2005-11-10,-0.010567012019114847
2005-11-11,-0.0011132689161006022
2005-11-14,-0.004985064088871033
2005-11-15,0.005766486197705582
2005-11-16,0.007300851059523291
2005-11-17,-0.002345581261318567
2005-11-18,-0.00804506395227819
2005-11-21,0.0008613395633524427
2005-11-22,-0.0025838657986624845
2005-11-23,-0.0002922668325790229
2005-11-25,0.0025968963013164605
2005-11-28,0.005503023767572393
2005-11-29,-0.0015421437520230206
2005-11-30,-0.0031067392790452147
2005-12-01,0.002363324179663737
2005-12-02,0.003719237430330038
2005-12-05,0.005889041119217771
2005-12-06,0.0068737270937076905
2005-12-07,-0.004205544852607882
2005-12-08,-0.002177452292064921
2005-12-09,0.0003778135844266225
2005-12-12,0.0003588840372236872
2005-12-13,-0.0011804928762720291
2005-12-14,-0.005103768509106562
2005-12-15,-0.0026535332879356584
2005-12-16,-0.0023192952118007205
2005-12-19,0.0019100182567831849
2005-12-20,0.0013879769041756247
2005-12-21,0.004356300391349093
2005-12-22,-0.0030042351339595783
2005-12-23,-0.0007886727243628772
2005-12-27,0.005082213989438289
2005-12-28,0.0003695060625444293
2005-12-29,0.008971372763433752
2005-12-30,0.0032969875257680206
2006-01-03,0.00553097913410157
2006-01-04,0.002568068498141178
2006-01-05,-0.00826784574901939
2006-01-06,0.0025689819252671404
2006-01-09,0.0006152824342297816
2006-01-10,-0.009653853617393616
2006-01-11,0.004531181861301056
2006-01-12,0.003411905510276846
2006-01-13,0.0028298317227179945
2006-01-17,-0.006884663899275966
2006-01-18,-0.007855562150285943
2006-01-19,0.00896863507435162
2006-01-20,0.004834749337725887
2006-01-23,0.007923669238281092
2006-01-24,0.0057609393332320805
2006-01-25,-0.001996902530225929
2006-01-26,0.005307217284197195
2006-01-27,-0.0041001139004432545
2006-01-30,0.003577831006284513
2006-01-31,0.008894071448388871
2006-02-01,-0.010457989462167075
2006-02-02,2.2635655956323292e-05
2006-02-03,-0.001502270263028329
2006-02-06,0.006886349804122727
2006-02-07,-0.013475674076446845
2006-02-08,-0.005429138367783818
2006-02-09,0.006160630810456983
2006-02-10,-0.00660260266955026
2006-02-13,-0.010792749673592159
2006-02-14,0.003734168091892476
2006-02-15,-0.007339761506705312
2006-02-16,0.00855723272160482
2006-02-17,0.006120345288872681
2006-02-21,0.0035982038616359604
2006-02-22,-0.00021622249649389953
2006-02-23,0.0021737219518145933
2006-02-24,0.0016166994137293584
2006-02-27,-0.008827021584274486
2006-02-28,0.007242099204025733
2006-03-01,-0.0012247148514058744
2006-03-02,0.0030058105559152134
2006-03-03,-0.0005858007986291336
2006-03-06,-0.005349890398482824
2006-03-07,-0.010917483824139101
2006-03-08,-0.008060832758027884
2006-03-09,0.003969510895482118
2006-03-10,0.0008617043275649603
2006-03-13,0.0012152514519506395
2006-03-14,0.001959726225772904
2006-03-15,0.0037421835768013645
2006-03-16,0.007021730792686294
2006-03-17,-0.0011541324670947682
2006-03-20,-0.001735926887166525
2006-03-21,-0.004294881906546769
2006-03-22,-0.00038907870464448323
2006-03-23,-0.0036237305866563684
2006-03-24,0.0037053208925642996
2006-03-27,-0.005601043262113645
2006-03-28,-0.0041818108806287255
2006-03-29,0.0009571703204859453
2006-03-30,0.007050652118458708
2006-03-31,0.0008898262629509269
2006-04-03,0.003277204635321608
2006-04-04,-0.0015931987633384772
2006-04-05,-0.00247313440195711
2006-04-06,0.0010797756969969019
2006-04-07,-0.0024258042038923207
2006-04-10,-0.0006829047774083939
2006-04-11,0.0009003466479729462
2006-04-12,-0.00209054870702596
2006-04-13,-0.0037350478267776876
2006-04-17,0.011272603182674784
2006-04-18,0.0020905957239514975
2006-04-19,0.008199349087638039
2006-04-20,-0.01092446782874619
2006-04-21,0.014582221341340195
2006-04-24,-0.004212938908304514
2006-04-25,0.00021037818553331503
2006-04-26,0.006551320204087805
2006-04-27,-0.010426439933947217
2006-04-28,0.011412327606520698
2006-05-01,0.004645070843445119
2006-05-02,0.006496203939926015
2006-05-03,-0.002253401850303984
2006-05-04,0.004731782632677612
2006-05-05,-0.00028489625700846397
2006-05-08,0.0025797539361349666
2006-05-09,0.013206707588776147
2006-05-10,0.0031766010162582953
2006-05-11,0.005288263906395749
2006-05-12,-0.004184335276519614
2006-05-15,-0.018355843356325823
2006-05-16,0.008532097972024743
2006-05-17,-0.01178501218279408
2006-05-18,-0.0005012183442519671
2006-05-19,-0.006444363194552169
2006-05-22,-0.011591513478202866
2006-05-23,0.013640370336788738
2006-05-24,-0.01860849470530447
2006-05-25,0.002546834915389148
2006-05-26,-0.001332466397589793
2006-05-30,0.004071265057684678
2006-05-31,-0.0030432356745817295
2006-06-01,-0.01450482470401016
2006-06-02,0.006677066168200803
2006-06-05,0.0005033376940263354
2006-06-06,-0.0060589121587697956
2006-06-07,-0.003323728605849829
2006-06-08,-0.016992168341183424
2006-06-09,0.0009705296760067453
2006-06-12,0.0032128247334371695
2006-06-13,-0.024820180957709468
2006-06-14,0.004345798823356254
2006-06-15,0.007874358310986472
2006-06-16,0.0013706341427363051
2006-06-19,-0.0012722433294006686
2006-06-20,0.00593623944485233
2006-06-21,0.006075383096165847
2006-06-22,0.002461839431351781
2006-06-23,0.0006826821922092575
2006-06-26,0.0008309850520308837
2006-06-27,0.002592446049909141
2006-06-28,0.002156417313404378
2006-06-29,0.00543766584112402
2006-06-30,0.007167745248545095
2006-07-03,0.002231512250240712
2006-07-05,0.0037435135633519107
2006-07-06,0.0042928570947567395
2006-07-07,0.004209953483066017
2006-07-10,0.007466326547056741
2006-07-11,-0.0018417026146164996
2006-07-12,0.006699787379751708
2006-07-13,0.002804598938654785
2006-07-14,0.0007807207271918491
2006-07-17,-0.00956372599133136
2006-07-18,-4.601847044773946e-05
2006-07-19,0.003699737904413261
2006-07-20,0.0034009298759329464
2006-07-21,0.005258097087591155
2006-07-24,-0.0056103206052373344
2006-07-25,-0.006311414638049014
2006-07-26,-0.00017816821953170223
2006-07-27,0.004672252815118489
2006-07-28,-0.004786942389396176
2006-07-31,-0.0010379771966483144
2006-08-01,0.01076472163896262
2006-08-02,-0.005500568309298015
2006-08-03,-0.004097776959118291
2006-08-04,0.007944757136680526
2006-08-07,0.0019576702844233923
2006-08-08,-0.00037636717535344483
2006-08-09,0.0012098856043633991
2006-08-10,-0.009800727749940449
2006-08-11,0.0043776839628568015
2006-08-14,-0.004609911260128671
2006-08-15,-0.006430632707716995
2006-08-16,-0.01000897073143934
2006-08-17,-0.008377495488322171
2006-08-18,0.0004911196637444131
2006-08-21,0.011858160006296505
2006-08-22,0.000863735922581666
2006-08-23,-0.0026291031114918616
2006-08-24,0.0005531856015037384
2006-08-25,-0.0008476769197638135
2006-08-28,9.776384038280399e-05
2006-08-29,-0.005127926670719115
2006-08-30,-0.0028470796957265764
2006-08-31,-0.000921601020610126
2006-09-01,-0.0013490670011476254
2006-09-05,-7.14389568022234e-05
2006-09-06,0.005630862361995538
2006-09-07,-0.00536712910368676
2006-09-08,-0.0030651369347599604
2006-09-11,-0.009806459637689715
2006-09-12,-0.006779737317307385
2006-09-13,0.0012927529372329621
2006-09-14,-0.0008941375080954555
2006-09-15,-0.00025944947695370226
2006-09-18,0.0012640804548556565
2006-09-19,0.0010798632853530501
2006-09-20,-0.0036968566935828757
2006-09-21,0.0033546900299431725
2006-09-22,0.0054504598139639175
2006-09-25,-0.006974878610572137
2006-09-26,-0.005175656840014978
2006-09-27,0.002292510343097177
2006-09-28,-0.0005682973704606572
2006-09-29,0.003678822158769924
2006-10-02,0.0009460963373539354
2006-10-03,0.0031665936757229204
2006-10-04,-0.003748563444039864
2006-10-05,-0.003956884156939637
2006-10-06,-0.0028185275893385818
2006-10-09,-0.0019323116580096992
2006-10-10,-0.0005677335505124364
2006-10-11,0.0020312023374892702
2006-10-12,-0.0022093945406054926
2006-10-13,-0.000411567481854184
2006-10-16,-0.005985452276263634
2006-10-17,0.0014645608889910574
2006-10-18,0.007303416495878933
2006-10-19,-0.001126076487760021
2006-10-20,0.00538828100903732
2006-10-23,0.0011064703439738295
2006-10-24,-0.0030095804553958686
2006-10-25,-0.002528930842883944
2006-10-26,0.0021405629517704497
2006-10-27,-0.0010703660489091442
2006-10-30,0.00021339864254426162
2006-10-31,0.0010574294407032351
2006-11-01,0.003929244560309935
2006-11-02,-0.006681863064679345
2006-11-03,-0.006069666187194567
2006-11-06,0.003990358939091092
2006-11-07,-0.0035817697770552616
2006-11-08,-0.0004860427778006943
2006-11-09,0.0008445435890662874
2006-11-10,0.0026811617246865114
2006-11-13,0.0018298338426973686
2006-11-14,-0.002146782220966768
2006-11-15,-0.001237666427582575
2006-11-16,0.007165097228168413
2006-11-17,-0.0006354002558550135
2006-11-20,0.011202765338256497
2006-11-21,0.0035076624851637693
2006-11-22,0.001653031626948187
2006-11-24,-0.0005709483569314002
2006-11-27,-0.011794592286954654
2006-11-28,-0.0034987377853612474
2006-11-29,0.005126217042618963
2006-11-30,0.0006709559128844091
2006-12-01,-0.0028308195699626956
2006-12-04,0.0030838042503715133
2006-12-05,0.0021226064868534156
2006-12-06,-0.0016552293640221024
2006-12-07,0.00030874243049413484
2006-12-08,0.003343749111084885
2006-12-11,0.006773972549529166
2006-12-12,0.0007848372108671098
2006-12-13,0.0012665319529705761
2006-12-14,-0.0020913654632988897
2006-12-15,-0.0035420188786357476
2006-12-18,0.0027372994925012727
2006-12-19,0.0017033913103425965
2006-12-20,-2.1634539299176744e-05
2006-12-21,-0.0005454872757696757
2006-12-22,-1.0614448663994808e-05
2006-12-26,0.0051063835170687775
2006-12-27,0.007400989610068015
2006-12-28,0.0030854097583779294
2006-12-29,0.0025306525576961436
2007-01-03,0.011510233181114929
2007-01-04,-0.011984914307114182
2007-01-05,-0.007459443195770153
2007-01-08,0.003122890757378668
2007-01-09,-0.006047912417602511
2007-01-10,-0.0032235316510378646
2007-01-11,0.0035589348020826504
2007-01-12,-0.003297866575508282
2007-01-16,0.00845602632963003
2007-01-17,0.0012994505855770775
2007-01-18,0.007310243360299854
2007-01-19,0.004327155667119643
2007-01-22,0.0030008125283341102
2007-01-23,0.003897133783763045
2007-01-24,-0.0026712000116872535
2007-01-25,-0.004167733092094388
2007-01-26,0.0013907247632573068
2007-01-29,-0.0027000257829214985
2007-01-30,0.005719710608383302
2007-01-31,-0.0031353754099973027
2007-02-01,-0.004785231570553609
2007-02-02,-0.001150418992803558
2007-02-05,-0.00026855016698752965
2007-02-06,0.008771422442894852
2007-02-07,0.004486461103466544
2007-02-08,-0.00039882675964342045
2007-02-09,-0.004169716081364202
2007-02-12,-0.0038331117427114368
2007-02-13,0.00028504411638312246
2007-02-14,-0.003750406738897322
2007-02-15,0.0014255729942743915
2007-02-16,-0.0029510205481838464
2007-02-20,0.0030505793391699984
2007-02-21,-0.0054369597206193575
2007-02-22,-0.0053730742031618236
2007-02-23,-0.006254994350030282
2007-02-26,-0.00042718355836866996
2007-02-27,-0.018361756918121308
2007-02-28,0.009755768941886398
2007-03-01,-0.0028273909712854817
2007-03-02,0.0001154537002160464
2007-03-05,-0.01542780468555761
2007-03-06,0.01519281354312414
2007-03-07,-0.0046371166951622
2007-03-08,0.005341689053191158
2007-03-09,0.004878530882897319
2007-03-12,0.003412316801219074
2007-03-13,-0.005901812815229903
2007-03-14,-0.00018880064352123083
2007-03-15,0.004138625765400792
2007-03-16,0.0012610833787489253
2007-03-19,0.005837469045655189
2007-03-20,0.0015883056222441416
2007-03-21,-0.0015944812338090216
2007-03-22,-0.0006453915192207232
2007-03-23,-0.00043884649803534344
2007-03-26,0.0016814751101830857
2007-03-27,-0.0031015754000347853
2007-03-28,-2.5994423804844512e-05
2007-03-29,0.0054591973011565076
2007-03-30,0.0013797076866174025
2007-04-02,0.00939902442844992
2007-04-03,-0.0009555071053065908
2007-04-04,-0.002077714307609044
2007-04-05,-0.0033145799943011933
2007-04-09,0.0011222029845307372
2007-04-10,0.002471448840277385
2007-04-11,-0.00016356624025994142
2007-04-12,-0.006166585397314848
2007-04-13,0.004035888591933334
2007-04-16,-0.002180422911642761
2007-04-17,0.0020627742073438633
2007-04-18,-0.00638381566754481
2007-04-19,-0.0032525553894705087
2007-04-20,-0.0006734085601696679
2007-04-23,-0.005522560687040048
2007-04-24,-0.00546373848539045
2007-04-25,-0.0002750648724188307
2007-04-26,-0.010076077342546945
2007-04-27,0.0034771270388116184
2007-04-30,0.007150344352436506
2007-05-01,-0.0020439899800726883
2007-05-02,0.0011823568948310676
2007-05-03,-0.0014968028555625294
2007-05-04,0.00592469310485617
2007-05-07,0.004910919917941083
2007-05-08,-0.0053716842138434
2007-05-09,0.003609864095007814
2007-05-10,-0.0020668253812341007
2007-05-11,0.008789926808543354
2007-05-14,0.0004588892554899776
2007-05-15,0.00934879161801118
2007-05-16,0.00025762674806190957
2007-05-17,-0.0025810485940111214
2007-05-18,0.006742916914721687
2007-05-21,-0.008176416473320392
2007-05-22,-0.014082589457015226
2007-05-23,0.003328340795216364
2007-05-24,-0.004927747384115369
2007-05-25,0.007626344933987164
2007-05-29,-0.0031293774879808246
2007-05-30,0.004649189120837708
2007-05-31,-0.0034196066602724742
2007-06-01,0.0063140898830127655
2007-06-04,-0.004061559839913088
2007-06-05,0.002129918026285467
2007-06-06,-0.007328920508070865
2007-06-07,-0.0016940236996368873
2007-06-08,0.00796922177276983
2007-06-11,0.009344588570302353
2007-06-12,-2.761104124164423e-05
2007-06-13,0.0034616821660747783
2007-06-14,0.007945080102030506
2007-06-15,0.00459283465448005
2007-06-18,0.0069449465327839546
2007-06-19,-0.0014478177578647119
2007-06-20,-0.0006306495977211775
2007-06-21,0.004772093462863091
2007-06-22,-0.0014298757198293944
2007-06-25,0.006230458562547846
2007-06-26,0.0024629981625499267
2007-06-27,-0.008464994179783256
2007-06-28,0.006031861571939233
2007-06-29,0.0073223897300500294
2007-07-02,0.0013540294240735537
2007-07-03,0.007755932121109421
2007-07-05,-0.0006179324719975446
2007-07-06,-0.005096562424958068
2007-07-09,0.006994810803136206
2007-07-10,0.0036499374639891247
2007-07-11,0.005313827161778214
2007-07-12,0.006251110174722444
2007-07-13,-0.0070758717501688585
2007-07-16,0.0010069216496118197
2007-07-17,0.0032903226099881716
2007-07-18,-0.0035040604719668873
2007-07-19,0.001669674240042004
2007-07-20,0.005385592266273396
2007-07-23,0.020602636043357166
2007-07-24,-0.0009166235588541659
2007-07-25,0.00402801584431567
2007-07-26,-0.009092970374090988
2007-07-27,0.0024977711113035083
2007-07-30,0.009363517195990498
2007-07-31,0.006922100860884317
2007-08-01,-0.007744716754593289
2007-08-02,-0.008976316943749145
2007-08-03,0.00812976865715678
2007-08-06,-0.001989916704939187
2007-08-07,-0.012211104348194939
2007-08-08,-0.019600288166794416
2007-08-09,-0.01690403404454704
2007-08-10,0.006571870517349453
2007-08-13,0.017349472072842067
2007-08-14,0.007642237934027407
2007-08-15,-0.009504001081162143
2007-08-16,-0.035668384937192855
2007-08-17,0.004463032360206741
2007-08-20,0.003657379223026604
2007-08-21,-0.004661582264162513
2007-08-22,0.021322179243762014
2007-08-23,0.011491126091081051
2007-08-24,0.011484338331138837
2007-08-27,0.021040718480829227
2007-08-28,-0.0010825552633788767
2007-08-29,0.005846125998051022
2007-08-30,-0.001560056507202085
2007-08-31,0.001233716815897676
2007-09-04,-0.0019341683281620058
2007-09-05,0.009715773506264985
2007-09-06,0.005949550759236523
2007-09-07,0.0028074288471861084
2007-09-10,0.013862082036627916
2007-09-11,0.0016343702312076095
2007-09-12,0.006622387387435791
2007-09-13,-0.003601851652900269
2007-09-14,-0.008353041981219257
2007-09-17,-0.005246331249909024
2007-09-18,-0.0050567136729792826
2007-09-19,-0.001630682176223372
2007-09-20,0.016915326559086265
2007-09-21,0.011854921818424752
2007-09-24,0.023577369426207292
2007-09-25,0.012873421774706555
2007-09-26,0.011145152758144096
2007-09-27,0.0061516099391013355
2007-09-28,0.0010445270629093615
2007-10-01,-0.0036407421527900534
2007-10-02,-0.016285152973980525
2007-10-03,-0.02691535600160674
2007-10-04,0.012265056955735433
2007-10-05,0.002073903564190781
2007-10-08,0.007208212575985785
2007-10-09,0.007351618741438714
2007-10-10,0.00013243372833499463
2007-10-11,-0.0009757349805073372
2007-10-12,0.022092955229717458
2007-10-15,0.01972867364743857
2007-10-16,0.007175098498975903
2007-10-17,0.028512316523297075
2007-10-18,0.005344861371675291
2007-10-19,-0.007029693167356745
2007-10-22,-0.02252126641523389
2007-10-23,0.012705935930389576
2007-10-24,0.0022696184686402062
2007-10-25,0.008960012657855922
2007-10-26,0.0005170922840493351
2007-10-29,0.019617046906599864
2007-10-30,-0.016278547939629084
2007-10-31,0.022098899504871695
2007-11-01,0.013495504906596744
2007-11-02,0.014144271579008112
2007-11-05,-0.012204296413072123
2007-11-06,0.012242218360013508
2007-11-07,0.0083548560155382
2007-11-08,0.0037701163894818114
2007-11-09,-0.008640734487788557
2007-11-12,-0.04027719885517817
2007-11-13,-0.0008109461577480146
2007-11-14,0.01908874343858332
2007-11-15,-0.0037181152633547964
2007-11-16,0.01781930880594334
2007-11-19,0.008580914680420944
2007-11-20,0.030455577997422167
2007-11-21,-0.00834599580755557
2007-11-23,-0.0038496755175836134
2007-11-26,0.018893342040396943
2007-11-27,-0.0017085715957489574
2007-11-28,-0.020579069453772216
2007-11-29,0.0059143008466289
2007-11-30,-0.022375525461665297
2007-12-03,0.005681433417292812
2007-12-04,0.010148582163305706
2007-12-05,4.7231664083795416e-05
2007-12-06,-0.027904333328716717
2007-12-07,-0.010216619482024916
2007-12-10,-0.016743139586725027
2007-12-11,0.02778701647716539
2007-12-12,0.020875477989633132
2007-12-13,-0.011335418563242992
2007-12-14,0.0017864704785920168
2007-12-17,-0.013059963897726413
2007-12-18,0.006348736540656728
2007-12-19,0.004722151487207083
2007-12-20,0.002657724193350192
2007-12-21,0.0025275890406898996
2007-12-24,-0.006858223519513237
2007-12-26,0.011647449719398259
2007-12-27,0.010063525688405461
2007-12-28,0.012797572063366298
2007-12-31,-0.009113044032633704
2008-01-02,0.029101283835175934
2008-01-03,0.022767519907326294
2008-01-04,0.01858426087897697
2008-01-07,-0.004092972708919727
2008-01-08,0.030185875335092625
2008-01-09,0.007233580566417578
2008-01-10,-0.008306647573164414
2008-01-11,-0.005173019584814919
2008-01-14,0.00021338571275395136
2008-01-15,-0.005846225416527922
2008-01-16,-0.03912521123723521
2008-01-17,-0.006002052274757254
2008-01-18,0.0124552777457736
2008-01-22,-0.04222633821381455
2008-01-23,-0.06760595667866762
2008-01-24,0.019414001577972954
2008-01-25,0.01749127417424582
2008-01-28,-0.01902655361703211
2008-01-29,-0.006557543681935313
2008-01-30,0.010890967094814923
2008-01-31,-0.025825015579495323
2008-02-01,-0.02350737689718001
2008-02-04,0.02369526548201004
2008-02-05,-0.002226540071517932
2008-02-06,0.00992423955878884
2008-02-07,5.093158144396995e-05
2008-02-08,0.025006058947373275
2008-02-11,0.01037706065600692
2008-02-12,-0.014066237496695593
2008-02-13,0.00016609030347596382
2008-02-14,0.011993547229183391
2008-02-15,0.0052570534930139416
2008-02-19,0.026507890023497353
2008-02-20,0.00017000665579078162
2008-02-21,0.0012647892301163467
2008-02-22,0.0019290830486697933
2008-02-25,-0.008251151889452307
2008-02-26,0.0009154417867656822
2008-02-27,0.006893076391403226
2008-02-28,0.027825688308836187
2008-02-29,0.0018909601337131039
2008-03-03,0.020194100272697964
2008-03-04,-0.01891025651160204
2008-03-05,0.023614122940873526
2008-03-06,0.007874656410200508
2008-03-07,-0.010277908776896187
2008-03-10,-0.0011256447390196286
2008-03-11,-0.008717856864288755
2008-03-12,0.010314655695680115
2008-03-13,0.0004157418884384429
2008-03-14,0.010650007789768198
2008-03-17,-0.01770126192841993
2008-03-18,-0.023944788231458878
2008-03-19,-0.03487936246002964
2008-03-20,-0.04467365271382764
2008-03-24,-0.011412938596843713
2008-03-25,0.023479167349827017
2008-03-26,0.029984249359735433
2008-03-27,0.002457676632601157
2008-03-28,-0.0017517353524535385
2008-03-31,-0.017321075826077587
2008-04-01,-0.0318569631825454
2008-04-02,0.01973642043229708
2008-04-03,0.0024760508387420034
2008-04-04,0.014374115834829447
2008-04-07,0.00706801707332625
2008-04-08,0.0067528617877512164
2008-04-09,0.017297634946245106
2008-04-10,-0.006471431400188689
2008-04-11,0.006380712236101824
2008-04-14,0.010290316840505213
2008-04-15,0.005993992040990646
2008-04-16,3.159808403491156e-05
2008-04-17,-0.0021991957750928655
2008-04-18,-0.013782926760197167
2008-04-21,0.0040858054052324445
2008-04-22,0.01112237747478007
2008-04-23,-0.01679009428917083
2008-04-24,-0.03041916411537312
2008-04-25,0.0049417207072044896
2008-04-28,-0.0011768987152039143
2008-04-29,-0.02637175249715589
2008-04-30,0.024417758616589867
2008-05-01,-0.030165353049549235
2008-05-02,0.0161410314376814
2008-05-05,0.022683078620911835
2008-05-06,0.00557267852392779
2008-05-07,0.007403910363515936
2008-05-08,0.012117350195365983
2008-05-09,0.005849746650307918
2008-05-12,-0.013121383207645457
2008-05-13,0.009168323206097673
2008-05-14,-0.009545990458212845
2008-05-15,0.002865208470081915
2008-05-16,0.015940297799729268
2008-05-19,0.004393626037582508
2008-05-20,0.02004701946641633
2008-05-21,0.016054139663174326
2008-05-22,-0.013336279980662096
2008-05-23,0.007979609584321364
2008-05-27,-0.02254047703171403
2008-05-28,0.017897796917546886
2008-05-29,-0.030990369202719595
2008-05-30,0.01622686244717264
2008-06-02,0.015068391506756618
2008-06-03,-0.015295814829223073
2008-06-04,-0.01067259508193206
2008-06-05,0.025253440080226116
2008-06-06,0.025551256537955563
2008-06-09,0.009075600659232318
2008-06-10,-0.01632458811833829
2008-06-11,0.02454825390206878
2008-06-12,-0.004035793734201166
2008-06-13,-0.007226012646944922
2008-06-16,0.0014992756410285313
2008-06-17,0.016842273918488044
2008-06-18,0.013112203977569209
2008-06-19,-0.02345029023780226
2008-06-20,0.007656338284367228
2008-06-23,0.024949240460097208
2008-06-24,-0.013828630393934071
2008-06-25,-0.006823044612240273
2008-06-26,0.02131873807697899
2008-06-27,0.011350197128748567
2008-06-30,0.012904810144496296
2008-07-01,-0.003352001327481771
2008-07-02,-0.010670401351668
2008-07-03,-0.004918951135362833
2008-07-07,-0.0029592220991692545
2008-07-08,-0.04678277761008194
2008-07-09,0.010399900667648823
2008-07-10,0.031228431446887608
2008-07-11,0.012735939965098647
2008-07-14,0.01662063713588731
2008-07-15,-0.017674903667969623
2008-07-16,-0.04329914096273763
2008-07-17,-0.05089855344960594
2008-07-18,-0.006750868142990021
2008-07-21,0.02025494045193556
2008-07-22,-0.04295034020245631
2008-07-23,-0.03381430752877798
2008-07-24,0.00819821510865839
2008-07-25,0.003488669357709729
2008-07-28,0.017909222465424375
2008-07-29,-0.02197252813915973
2008-07-30,0.02223650317523717
2008-07-31,-0.007814355093808373
2008-08-01,-0.005527993801521661
2008-08-04,-0.03316720472540508
2008-08-05,-0.0242458015570216
2008-08-06,0.009674847005742808
2008-08-07,-0.0036070993737136216
2008-08-08,-0.02627428253615517
2008-08-11,-0.015322844366722942
2008-08-12,0.007031785392275241
2008-08-13,0.027120705161715636
2008-08-14,-0.007904552271804059
2008-08-15,-0.016299094444053346
2008-08-18,0.005166676129124814
2008-08-19,0.019223702125333395
2008-08-20,0.008129818036583374
2008-08-21,0.007202460962086324
2008-08-22,-0.012751820493755396
2008-08-25,0.0029923656862114118
2008-08-26,0.0021455445486640726
2008-08-27,-0.0023146438669583522
2008-08-28,-0.007902557824780245
2008-08-29,-0.0022115343538469667
2008-09-02,-0.013233109457565858
2008-09-03,-0.004757110926573851
2008-09-04,-0.0010204868817080867
2008-09-05,-0.008789601755815554
2008-09-08,-0.017795301718954156
2008-09-09,-0.0034334770743090007
2008-09-10,0.0046443439312053815
2008-09-11,0.015665735981802327
2008-09-12,-0.029442452388988734
2008-09-15,0.003737127981646518
2008-09-16,0.018103440978184285
2008-09-17,-0.03683982285430859
2008-09-18,0.009722778750574323
2008-09-19,-0.029546954899424837
2008-09-22,-0.022226614591543178
2008-09-23,-0.002516724637128332
2008-09-24,0.0026485394283935794
2008-09-25,-0.005459774374380735
2008-09-26,0.017772320574116072
2008-09-29,0.029102100909571285
2008-09-30,-0.011456734007604368
2008-10-01,-0.008093016943724067
2008-10-02,0.028505878642002453
2008-10-03,-0.016655747951275838
2008-10-06,0.019632435760393096
2008-10-07,-0.0099470079928194
2008-10-08,-0.006246393891726926
2008-10-09,-0.020513500168288908
2008-10-10,0.06316542870525697
2008-10-13,-0.06434742104286335
2008-10-14,-0.0035603160582663206
2008-10-15,0.033276350463125916
2008-10-16,0.018415478097627908
2008-10-17,0.0046500770133942985
2008-10-20,-0.02478326198715255
2008-10-21,0.02233629752770421
2008-10-22,0.04079909055489311
2008-10-23,-0.013381972858273413
2008-10-24,0.01274523272756486
2008-10-27,0.008788839519533475
2008-10-28,-0.04811865233314368
2008-10-29,-0.014230819465026242
2008-10-30,-0.0038743642426555397
2008-10-31,0.032039208428875095
2008-11-03,-0.007817085498890892
2008-11-04,-0.03951748025112246
2008-11-05,-0.0067472369829880705
2008-11-06,0.031528767898921735
2008-11-07,-0.007584269804588218
2008-11-10,-0.02709330628764592
2008-11-11,0.028557632290171647
2008-11-12,0.018936257099927696
2008-11-13,-0.011840604022873154
2008-11-14,0.0062191798968718555
2008-11-17,0.007214034916607824
2008-11-18,0.001499541917749108
2008-11-19,-0.002172958720679979
2008-11-20,0.014392343489429568
2008-11-21,-0.04621560617766
2008-11-24,-0.024034945966224117
2008-11-25,0.017811414229463397
2008-11-26,-0.006922524756506669
2008-11-28,0.00878077448797611
2008-12-01,5.7860413123683556e-05
2008-12-02,0.012053580034914198
2008-12-03,0.0189900140129128
2008-12-04,0.016920620092996965
2008-12-05,0.021422234910850876
2008-12-08,-0.018073992020272617
2008-12-09,-0.007452186013948811
2008-12-10,-0.011085531871139084
2008-12-11,-0.017592783256318058
2008-12-12,0.004831012017163954
2008-12-15,-0.0049736850001843354
2008-12-16,0.0027964525874810938
2008-12-17,0.006171199199661437
2008-12-18,0.010270142785792552
2008-12-19,0.005863763693018762
2008-12-22,0.004404711507301111
2008-12-23,-0.008963616197969334
2008-12-24,-0.0009468610656674307
2008-12-26,-0.0015450968661628135
2008-12-29,-0.014466187721587526
2008-12-30,0.007774695438945482
2008-12-31,-0.015353141969654253
2009-01-02,-0.02392334427218483
2009-01-05,-0.01559555114288306
2009-01-06,-0.009659667033369327
2009-01-07,0.014436675787048893
2009-01-08,0.0033994250490326887
2009-01-09,0.004459187045033361
2009-01-12,0.011815134129928365
2009-01-13,0.0031884772893813525
2009-01-14,0.011089434475312618
2009-01-15,0.008144367802005753
2009-01-16,0.0006214276822091575
2009-01-20,0.01659431553733927
2009-01-21,-0.016453131147131442
2009-01-22,0.0012885404348715681
2009-01-23,-0.0008922177535030187
2009-01-26,-0.004142175815426935
2009-01-27,0.013935609084545076
2009-01-28,-0.012460129725948793
2009-01-29,0.0096431730149471
2009-01-30,0.014436854639522536
2009-02-02,-0.002947091130926358
2009-02-03,-0.004373448596755955
2009-02-04,0.006777937416584983
2009-02-05,-0.002451653694385458
2009-02-06,-0.0063876062159208885
2009-02-09,-0.008496812839676631
2009-02-10,0.028214011895834237
2009-02-11,0.009641142221393562
2009-02-12,0.005740471337016125
2009-02-13,0.009016366769342527
2009-02-17,0.043724646278392884
2009-02-18,-0.0001227923832261631
2009-02-19,-0.009699345909813709
2009-02-20,0.004803764898721453
2009-02-23,0.008067063968089743
2009-02-24,-0.036688577810224964
2009-02-25,-0.004536651767288506
2009-02-26,-0.019024710261538708
2009-02-27,-0.0009534184680013909
2009-03-02,0.015320247337191673
2009-03-03,0.0006936334516970657
2009-03-04,-0.010232665900817135
2009-03-05,0.033296640038720536
2009-03-06,-0.00042219372273157854
2009-03-09,-0.006336437549612378
2009-03-10,-0.025358334176512395
2009-03-11,0.007662346646348685
2009-03-12,-0.027752065213582363
2009-03-13,0.007825068701472671
2009-03-16,-0.002319376535731183
2009-03-17,-0.018435882668338104
2009-03-18,-0.0016705184691804716
2009-03-19,0.002031155356298549
2009-03-20,0.004676633514143559
2009-03-23,-0.027584679154558187
2009-03-24,0.004116608070719925
2009-03-25,0.004752248317798696
2009-03-26,0.0047614818070938585
2009-03-27,0.012510470399461262
2009-03-30,0.013888816075100082
2009-03-31,-0.014611627036049388
2009-04-01,0.011431205728051804
2009-04-02,-0.024453931384587818
2009-04-03,-0.01830850834513725
2009-04-06,0.00042640346213255835
2009-04-07,0.024581182585715504
2009-04-08,-0.00451241921748427
2009-04-09,-0.021333518562186588
2009-04-13,0.0016331804230462843
2009-04-14,0.0122901728670221
2009-04-15,-0.014733509341593263
2009-04-16,-0.008455816361083286
2009-04-17,-0.02028806516318925
2009-04-20,0.037073625833198245
2009-04-21,-0.010680309513789605
2009-04-22,0.003163512417656197
2009-04-23,-0.0028876813573355292
2009-04-24,-0.003881938946164124
2009-04-27,0.0035399241929092774
2009-04-28,-0.008130956703623127
2009-04-29,0.005758654102274756
2009-04-30,0.006120077516333523
2009-05-01,-0.005203539391911904
2009-05-04,-0.00018540626196359832
2009-05-05,0.005845737215693094
2009-05-06,-0.019647520204613335
2009-05-07,-0.013685547930411237
2009-05-08,-0.02214850026090528
2009-05-11,0.008996907469611171
2009-05-12,-0.0065838743366844815
2009-05-13,0.014521110024567333
2009-05-14,-0.0056661745467989685
2009-05-15,0.014962512183609595
2009-05-18,0.00019673197563831657
2009-05-19,0.017194326407559572
2009-05-20,0.0008862676878751952
2009-05-21,0.01013030061026609
2009-05-22,0.009533620462679485
2009-05-26,-0.014831802658193316
2009-05-27,0.007116655561361591
2009-05-28,-0.00478528391456084
2009-05-29,0.0006870937622538689
2009-06-01,-0.0127355786041906
2009-06-02,0.002432851497367989
2009-06-03,0.000691036994016876
2009-06-04,-0.008208613359111593
2009-06-05,-0.0012431997100059806
2009-06-08,-0.0048541979867139165
2009-06-09,-0.001998503187362574
2009-06-10,0.004954457151968039
2009-06-11,-0.0012131115675466434
2009-06-12,-0.011481857790604209
2009-06-15,-0.0098152643546684
2009-06-16,-0.0005206574841815684
2009-06-17,-0.004903107118331983
2009-06-18,-0.002689984340678983
2009-06-19,0.004105482498937056
2009-06-22,0.006536700807520873
2009-06-23,0.004281286451831042
2009-06-24,0.012236317888551541
2009-06-25,-0.005908072946724881
2009-06-26,0.006695167132961335
2009-06-29,0.0014597288663398573
2009-06-30,-0.0007264605047211021
2009-07-01,0.008277306399313367
2009-07-02,0.012096150293219969
2009-07-06,0.006414632952654432
2009-07-07,0.005436428712817976
2009-07-08,-0.0005559147577719654
2009-07-09,0.0007672508715125564
2009-07-10,0.0006798212794945087
2009-07-13,-0.00879767631627451
2009-07-14,-0.002158326596838631
2009-07-15,0.006148105877189102
2009-07-16,-0.011973162520434413
2009-07-17,0.008508128648311346
2009-07-20,0.007482903897401217
2009-07-21,-0.00032235228979750927
2009-07-22,-0.008426086635539457
2009-07-23,-0.0006720322047393736
2009-07-24,-0.009025560318940947
2009-07-27,-0.008901164149673799
2009-07-28,0.0033313416927471806
2009-07-29,-0.0013923101106808413
2009-07-30,-0.008483116131698007
2009-07-31,-0.0009037557449319504
2009-08-03,-0.004290152219082155
2009-08-04,-0.018669317590692482
2009-08-05,-0.016542949150474794
2009-08-06,0.004275457196321324
2009-08-07,-0.0136012230576657
2009-08-10,-0.004842427873522712
2009-08-11,0.009591508156139537
2009-08-12,0.001529193082479226
2009-08-13,0.0024842641536050726
2009-08-14,0.0048865043865101735
2009-08-17,0.0011635343762577892
2009-08-18,0.002880716202792028
2009-08-19,-0.003907917663022014
2009-08-20,0.0019508550496439188
2009-08-21,-0.005449271662853262
2009-08-24,-0.0033892634970112117
2009-08-25,0.00745264009454954
2009-08-26,-0.0018253251270494277
2009-08-27,-0.002081928548384148
2009-08-28,0.0025992481528902423
2009-08-31,0.010711868419352026
2009-09-01,0.009768418044766657
2009-09-02,0.01016510006175959
2009-09-03,0.009811327443609163
2009-09-04,0.00041070712115007864
2009-09-08,-0.014523415575422336
2009-09-09,-0.0011389637358415858
2009-09-10,-0.015689085438216822
2009-09-11,0.00921705772320342
2009-09-14,-0.00905104189566021
2009-09-15,-0.00553554015881589
2009-09-16,-0.009100777896723634
2009-09-17,0.003174825218538302
2009-09-18,-0.0032171234478134444
2009-09-21,0.008228070220163322
2009-09-22,-0.0021603083162622895
2009-09-23,0.0028587031560392893
2009-09-24,0.0020962663350958715
2009-09-25,0.0031801793809835078
2009-09-28,-0.0008530601145545315
2009-09-29,0.003156256477875843
2009-09-30,-0.004022400388258076
2009-10-01,0.002411400306907319
2009-10-02,-0.003080967177229276
2009-10-05,-0.006828911078380572
2009-10-06,0.006646528128481191
2009-10-07,-0.001376794708863221
2009-10-08,-0.0002264269206619804
2009-10-09,-0.0037231191935918682
2009-10-12,-0.0017056435936939093
2009-10-13,0.007182359937536586
2009-10-14,0.005114323323338667
2009-10-15,-0.013571547665894287
2009-10-16,-0.0029158030221992535
2009-10-19,0.0029161140984427965
2009-10-20,-0.006883803004083348
2009-10-21,0.005882903649035536
2009-10-22,-0.009925156077329262
2009-10-23,0.008330489398538875
2009-10-26,-8.270674054269989e-05
2009-10-27,-0.013022215724861733
2009-10-28,-0.005915150919372115
2009-10-29,0.01011343249686312
2009-10-30,-0.003168876713784613
2009-11-02,0.007726760705899409
2009-11-03,-0.0010706368245457952
2009-11-04,0.01906198370809434
2009-11-05,-0.002729581227049198
2009-11-06,0.009347080750586784
2009-11-09,0.008832250698429354
2009-11-10,0.005176200021826411
2009-11-11,-0.007948649925031089
2009-11-12,-0.00314122258601171
2009-11-13,0.012776847483496232
2009-11-16,0.0010667278291128304
2009-11-17,0.0011838800912045162
2009-11-18,-0.0016347239059095959
2009-11-19,0.004560209305447999
2009-11-20,-0.0006448456930563099
2009-11-23,0.004132438525595583
2009-11-24,0.0033971083902568358
2009-11-25,0.0046232361613880255
2009-11-27,-0.017724941047960796
2009-11-30,0.0038460099690088142
2009-12-01,0.017834174586432473
2009-12-02,0.005825339964245233
2009-12-03,0.0027551106020705283
2009-12-04,-0.02292922008007605
2009-12-07,-0.010392607575053484
2009-12-08,-0.015617031726511138
2009-12-09,0.008501631020620038
2009-12-10,-0.0019030397258947662
2009-12-11,-0.005915025080851641
2009-12-14,-0.002789130033885345
2009-12-15,-0.007413012023405061
2009-12-16,-0.0027497965907006035
2009-12-17,-0.02411390769962631
2009-12-18,-0.0037251687753180433
2009-12-21,-0.00445989338016475
2009-12-22,-0.005739065314249981
2009-12-23,0.004195020125740778
2009-12-24,0.008913409681899647
2009-12-28,-0.0028807587400404796
2009-12-29,-0.0005422765736530735
2009-12-30,0.0017162317077331975
2009-12-31,0.006085402257807931
2010-01-04,0.007661089893704382
2010-01-05,0.005061903557809146
2010-01-06,0.0009382239987188205
2010-01-07,-0.014776952740227552
2010-01-08,0.006904603622790279
2010-01-11,0.006599062507707695
2010-01-12,-0.011628401348147275
2010-01-13,-0.001464694615837019
2010-01-14,-0.0037230381387059553
2010-01-15,-0.003824704321927246
2010-01-19,0.005353396827884733
2010-01-20,-0.009432549703778891
2010-01-21,-0.012704516847712757
2010-01-22,-0.0070402819164401545
2010-01-25,0.000606618391713662
2010-01-26,0.0006991976984002464
2010-01-27,-0.001124178570010223
2010-01-28,-0.002695347216845173
2010-01-29,-0.005783307802961005
2010-02-01,0.00143955969457268
2010-02-02,-0.0052054671151626096
2010-02-03,0.0031516804682213194
2010-02-04,-0.008986913116999213
2010-02-05,0.0014423823042020495
2010-02-08,0.00310448987041258
2010-02-09,0.007103550439898184
2010-02-10,-0.004838501114954836
2010-02-11,0.010437827860397922
2010-02-12,0.003225037942001724
2010-02-16,0.0009213789724855793
2010-02-17,0.005886613729263458
2010-02-18,0.0051617259741277705
2010-02-19,0.003051390865717686
2010-02-22,0.003004427112311637
2010-02-23,0.0032494687825766555
2010-02-24,-0.001776501197867812
2010-02-25,0.0030090070879570155
2010-02-26,-0.007243966956403806
2010-03-01,0.00828752588943787
2010-03-02,-0.005725757738707171
2010-03-03,-0.00722890743776682
2010-03-04,0.00843363134664763
2010-03-05,-0.0004609659795145536
2010-03-08,0.0032826863797923303
2010-03-09,0.0065508838381593765
2010-03-10,-0.0018235005353252765
2010-03-11,0.002644121952460037
2010-03-12,0.0029057865671533486
2010-03-15,0.00416505203787954
2010-03-16,-0.0025381869936763365
2010-03-17,0.0011216489206895678
2010-03-18,0.008191677174523633
2010-03-19,0.0010870030834392356
2010-03-22,0.009940634195866672
2010-03-23,0.003411071161536177
2010-03-24,0.007734117775454324
2010-03-25,0.004135934065110421
2010-03-26,-0.006211411486676455
2010-03-29,-0.006689270676081381
2010-03-30,0.0006113096271927662
2010-03-31,-0.00504243475965546
2010-04-01,-0.016878681313370687
2010-04-05,-0.0006372807819578009
2010-04-06,0.011353535143155666
2010-04-07,-0.00014658736502683964
2010-04-08,0.005225683745905905
2010-04-09,-0.009884228292160669
2010-04-12,0.0006680090120864436
2010-04-13,0.001191227870996413
2010-04-14,0.0005707964603595157
2010-04-15,0.005098989929268372
2010-04-16,0.004558250973984119
2010-04-19,0.005471383641475521
2010-04-20,0.0031368195639552465
2010-04-21,0.00961592107111867
2010-04-22,0.009360067594971305
2010-04-23,-0.004158974213318744
2010-04-26,7.897843475657639e-05
2010-04-27,0.002623924185277332
2010-04-28,8.158852822836665e-05
2010-04-29,0.017358276767945824
2010-04-30,-0.014284005448211701
2010-05-03,0.01085371456767446
2010-05-04,0.004231116095468545
2010-05-05,0.009149435877681569
2010-05-06,0.002053607194150113
2010-05-07,-0.019123298873573134
2010-05-10,-0.009477543565736227
2010-05-11,0.013372079774822089
2010-05-12,0.005144192769205292
2010-05-13,-0.004222595271386717
2010-05-14,0.003404492536475022
2010-05-17,0.0031342103177059155
2010-05-18,-0.003623407598044721
2010-05-19,-0.006527632200996614
2010-05-20,-0.009649945385219794
2010-05-21,2.5160142081314578e-05
2010-05-24,0.004315413423931482
2010-05-25,0.006812475612003579
2010-05-26,0.004503612565692204
2010-05-27,-0.011417632933431957
2010-05-28,-0.0015122361092352779
2010-06-01,-0.0016626498540855787
2010-06-02,-0.008068471087205258
2010-06-03,-0.003046618164775031
2010-06-04,-0.008318973671997815
2010-06-07,-0.007701225534551753
2010-06-08,-0.002785938643337805
2010-06-09,0.0028187464017518527
2010-06-10,-0.006177669241461216
2010-06-11,-0.0007757662096181681
2010-06-14,-0.00294331337862735
2010-06-15,-0.00898695054176368
2010-06-16,0.0015721230999006378
2010-06-17,-0.0021850434312768296
2010-06-18,-0.0001071358226124821
2010-06-21,-0.006168416703555425
2010-06-22,-0.007547749401560822
2010-06-23,-0.00018262828834149069
2010-06-24,-0.0017557459299607676
2010-06-25,0.00493221799035743
2010-06-28,-0.0006661959331476722
2010-06-29,0.007115766759524442
2010-06-30,-0.001934695451949825
2010-07-01,-0.019133455469503464
2010-07-02,-0.006224614533660383
2010-07-06,-0.022582890632708772
2010-07-07,0.004012245946603295
2010-07-08,-0.0018461606632343861
2010-07-09,0.007301056121320987
2010-07-12,0.003903094503272607
2010-07-13,0.001402324005864403
2010-07-14,-0.002933293947362938
2010-07-15,-0.01046451160250377
2010-07-16,-0.001376440729989156
2010-07-19,-0.002176041119085809
2010-07-20,0.003752930024356394
2010-07-21,0.0038845622271263336
2010-07-22,-0.003775159657575975
2010-07-23,-0.0011942666451577218
2010-07-26,0.001251882325717455
2010-07-27,-0.008710956345673546
2010-07-28,0.004084639036656584
2010-07-29,-0.008165699988911285
2010-07-30,0.0016133231412463493
2010-08-02,-0.0030537228937057392
2010-08-03,0.0001856272450667161
2010-08-04,0.001203790313212477
2010-08-05,0.0027067623764538366
2010-08-06,0.003307031306655731
2010-08-09,-0.0009065612814774938
2010-08-10,0.006312379263303103
2010-08-11,0.006264324004667422
2010-08-12,0.004392095395194187
2010-08-13,0.0045056230873710985
2010-08-16,0.007171100821918361
2010-08-17,-0.0019508769372746
2010-08-18,-0.00025372482281518533
2010-08-19,0.008367671497759613
2010-08-20,0.0026513184553813938
2010-08-23,0.00366508235637406
2010-08-24,0.004386450295663883
2010-08-25,0.000891227173440742
2010-08-26,0.00358973032008091
2010-08-27,-0.0030661435515626665
2010-08-30,0.0042653645213092065
2010-08-31,0.010053120549382432
2010-09-01,-0.0052675872314154664
2010-09-02,-0.0064557164962967
2010-09-03,-0.00606576273760505
2010-09-07,0.007347339406165776
2010-09-08,-0.0013401439215566242
2010-09-09,-0.005128258175910963
2010-09-10,-0.004990156332334165
2010-09-13,-0.0020885414411091294
2010-09-14,0.005694457228226499
2010-09-15,0.0019236610519030707
2010-09-16,0.002980247154008772
2010-09-17,0.0028506142564230846
2010-09-20,0.00014792388183739737
2010-09-21,0.00017436178875397776
2010-09-22,0.00622549669129813
2010-09-23,-0.002383618976842726
2010-09-24,-0.0038427915805290735
2010-09-27,0.00534823193112893
2010-09-28,-0.0012353134063623154
2010-09-29,-0.002007374112000573
2010-09-30,0.0013446736393692763
2010-10-01,0.007522177164641867
2010-10-04,0.008455662650704725
2010-10-05,-0.002273569028193399
2010-10-06,-0.0005678605029376606
2010-10-07,0.004085873656850037
2010-10-08,0.0012103954430371952
2010-10-11,0.004877467414902591
2010-10-12,-0.00367291740897152
2010-10-13,0.0057486909629110685
2010-10-14,0.0031519073432588847
2010-10-15,0.0036159213309647073
2010-10-18,0.00016412895721795522
2010-10-19,-0.011192943203002223
2010-10-20,0.007947268901207455
2010-10-21,-0.00027074108910359604
2010-10-22,0.0015658611967477737
2010-10-25,0.006790150105114892
2010-10-26,-0.0019556290122170576
2010-10-27,-0.008849826483128792
2010-10-28,0.002835715362941867
2010-10-29,0.003047532789512424
2010-11-01,0.010637673221678202
2010-11-02,-0.004019819234870957
2010-11-03,-0.001800543399491209
2010-11-04,0.006379580008483604
2010-11-05,0.0001024554217990326
2010-11-08,0.0016011213127329095
2010-11-09,-0.014106647640682752
2010-11-10,0.005210393965015839
2010-11-11,0.006674984896787768
2010-11-12,-0.009423697015490087
2010-11-15,-0.006901426338413867
2010-11-16,-0.002410859229779762
2010-11-17,0.0007508308143365837
2010-11-18,0.005198029834429006
2010-11-19,-0.00026300494930923534
2010-11-22,0.007567580374423529
2010-11-23,0.004531197928964489
2010-11-24,-0.0016276467073864512
2010-11-26,-0.00020843585844866828
2010-11-29,0.009721762457692396
2010-11-30,0.01069576424491815
2010-12-01,-0.011318347206727192
2010-12-02,-0.008762524181313144
2010-12-03,0.00036665026332606527
2010-12-06,0.0037248337317705073
2010-12-07,-0.005089665127909905
2010-12-08,-0.01773625847510309
2010-12-09,0.0032776826372030296
2010-12-10,0.00128042459813669
2010-12-13,0.0007141412480724221
2010-12-14,0.0036353019084486306
2010-12-15,-0.0015181872575563897
2010-12-16,0.006777775508247423
2010-12-17,0.0032413647580770634
2010-12-20,-0.005631906700673066
2010-12-21,0.0018514498030386376
2010-12-22,-0.00623025577972565
2010-12-23,0.0050396291513861375
2010-12-27,-0.00026904573348698825
2010-12-28,0.003511633751493217
2010-12-29,0.0009816002512368553
2010-12-30,0.0007483754905360173
2010-12-31,-0.005231756509892941
2011-01-03,-0.0044079226102136885
2011-01-04,-0.006893959961440672
2011-01-05,0.005488493093207704
2011-01-06,0.005101350877535084
2011-01-07,0.0017737909127223657
2011-01-10,0.0072208438491805
2011-01-11,-0.0007451903755235679
2011-01-12,-0.013858597196419017
2011-01-13,-0.0074055870450382595
2011-01-14,-0.004910650337455446
2011-01-18,0.0036484029109562304
2011-01-19,-0.0107248379866727
2011-01-20,-0.012484244090477258
2011-01-21,-0.009210080494102067
2011-01-24,0.002498946538267863
2011-01-25,0.003513257387190353
2011-01-26,0.013384254527115034
2011-01-27,0.0010837409776187454
2011-01-28,0.0058613012967505835
2011-01-31,-0.0031466225653391366
2011-02-01,0.008705443282788477
2011-02-02,2.7100374718285136e-05
2011-02-03,0.008715607320733669
2011-02-04,0.007734090177066773
2011-02-07,0.009190179581028012
2011-02-08,0.003658300331123061
2011-02-09,-0.0009562674283479021
2011-02-10,0.010318495507663448
2011-02-11,-0.0015081721848097826
2011-02-14,0.005906569985072075
2011-02-15,-0.004100579261575585
2011-02-16,0.000827982980605689
2011-02-17,0.002757779598384102
2011-02-18,0.0009306662794895746
2011-02-22,-0.0023191310339536787
2011-02-23,-0.006896760079384799
2011-02-24,-0.005823039364724516
2011-02-25,0.006915106780356182
2011-02-28,0.0009433632786324013
2011-03-01,0.0008572140712969952
2011-03-02,-0.0002048220306409871
2011-03-03,0.0017577067894892972
2011-03-04,0.004651835384860547
2011-03-07,-0.004435863807722322
2011-03-08,-0.007325291302073857
2011-03-09,-0.0073182739173613285
2011-03-10,-0.003852311252545431
2011-03-11,0.0039047495114253247
2011-03-14,-0.003409717458782438
2011-03-15,-0.007623345097160299
2011-03-16,0.0030181914868866724
2011-03-17,-0.005645541391900689
2011-03-18,-0.0013104380912981307
2011-03-21,0.005766327184170924
2011-03-22,-0.005327087093628044
2011-03-23,-0.003290830120909624
2011-03-24,-0.002747199364272365
2011-03-25,0.0014764395247644272
2011-03-28,-0.0014209562834619814
2011-03-29,0.0026338014866444225
2011-03-30,-0.0031515319558999785
2011-03-31,-0.0008296748999708862
2011-04-01,-0.0033270792230611795
2011-04-04,0.0012851160799368954
2011-04-05,0.010005288367253125
2011-04-06,-0.0013585234331508888
2011-04-07,0.0033079487620940266
2011-04-08,0.008018283023586169
2011-04-11,-0.011656016812431181
2011-04-12,-0.007954824554535658
2011-04-13,0.0015257209857376737
2011-04-14,0.004571169848450412
2011-04-15,0.008058907999094577
2011-04-18,0.0051664940037823666
2011-04-19,-0.003962092054119886
2011-04-20,0.005894113685534976
2011-04-21,0.004815042825055677
2011-04-25,0.0018745086105116677
2011-04-26,-0.00939496127672313
2011-04-27,0.015032620125660118
2011-04-28,-0.0029728050786960625
2011-04-29,0.0026904207311495
2011-05-02,-0.019974025037198282
2011-05-03,-0.015709689676296178
2011-05-04,-0.014726477000050918
2011-05-05,-0.025655649012173896
2011-05-06,0.002489400106707988
2011-05-09,0.025973659242352762
2011-05-10,0.0008820510635324236
2011-05-11,-0.016931897092195385
2011-05-12,-0.0022394946019904894
2011-05-13,0.007058645920392146
2011-05-16,-0.011761207059185328
2011-05-17,0.0030366213899793823
2011-05-18,0.009095044773721441
2011-05-19,0.0018150329127545827
2011-05-20,-0.00016138608241641442
2011-05-23,-0.0015350007425205736
2011-05-24,0.00688773631516745
2011-05-25,0.006869449619149683
2011-05-26,-0.0028363433240690726
2011-05-27,0.00017718096597164055
2011-05-31,-0.0017899817170055263
2011-06-01,-0.00434375884114413
2011-06-02,-0.0027879007025307613
2011-06-03,0.004388918833244699
2011-06-06,0.002106312153012181
2011-06-07,0.0044134370677448975
2011-06-08,0.0018677981436496728
2011-06-09,0.0006679130068221384
2011-06-10,-0.008358154065813092
2011-06-13,-0.0062520260622954795
2011-06-14,0.0006605448641117788
2011-06-15,0.002138218118287363
2011-06-16,0.0013881099923432859
2011-06-17,0.0012195975328525167
2011-06-20,0.0021669744361966833
2011-06-21,-0.0011867008171079845
2011-06-22,-0.002346670881843875
2011-06-23,-0.0016995359738777725
2011-06-24,-0.005793600095334028
2011-06-27,-0.0028448616822556202
2011-06-28,-0.0009707451231806647
2011-06-29,0.0011591952268048147
2011-06-30,-0.003101411501832275
2011-07-01,0.0016945128255553134
2011-07-05,0.0044988241833605015
2011-07-06,0.005904148797932897
2011-07-07,-3.0133282420280417e-05
2011-07-08,0.006299088671836779
2011-07-11,-0.002492009636723239
2011-07-12,-0.0030403956166754264
2011-07-13,-0.0003556350024478938
2011-07-14,0.0034529135486523975
2011-07-15,0.0028834170811324737
2011-07-18,0.0012502250913427196
2011-07-19,-0.0031270215133896873
2011-07-20,0.000798832974907475
2011-07-21,-5.920847219248698e-05
2011-07-22,0.0033539839268956965
2011-07-25,-0.0016330533182292075
2011-07-26,0.0028320673130638866
2011-07-27,-0.0031660117814258665
2011-07-28,0.0017414730132421237
2011-07-29,0.004687023748532916
2011-08-01,-0.006050898551279264
2011-08-02,0.003154457208869536
2011-08-03,0.003673280168181459
2011-08-04,-0.007867653646204155
2011-08-05,-0.003396317468312197
2011-08-08,0.007498558828581136
2011-08-09,0.0035762453886744694
2011-08-10,0.012834023438022722
2011-08-11,-0.009676275655137064
2011-08-12,0.005159930093857989
2011-08-15,0.0026122436331160485
2011-08-16,0.006271598669765548
2011-08-17,-0.0002769644333168209
2011-08-18,0.0033609736148808578
2011-08-19,0.00932883121277097
2011-08-22,0.002436662619794491
2011-08-23,-0.006741224871716319
2011-08-24,-0.006946832222305254
2011-08-25,-0.002693886069969003
2011-08-26,0.009219461106085961
2011-08-29,-0.006418680839583189
2011-08-30,0.0036633908266510674
2011-08-31,-0.006739271882329647
2011-09-01,0.0027211044173660014
2011-09-02,0.01909550017135896
2011-09-06,-0.0007020231184855152
2011-09-07,-0.004698609553939334
2011-09-08,0.008730721026713054
2011-09-09,0.0007202764344373094
2011-09-12,-0.008040278305963265
2011-09-13,0.002016142212475156
2011-09-14,-0.009227684401845229
2011-09-15,-0.002821796470118633
2011-09-16,0.00898930158153944
2011-09-19,-0.0005181076658239713
2011-09-20,0.004804005482325601
2011-09-21,-0.0014099044494993167
2011-09-22,-0.019399444006691365
2011-09-23,-0.03558098903427954
2011-09-26,-0.005160165703461126
2011-09-27,0.0045424270761128755
2011-09-28,-0.013823329418474818
2011-09-29,-0.00421010549854099
2011-09-30,0.008392875063637192
2011-10-03,0.004137036580980953
2011-10-04,-0.0008487070949044664
2011-10-05,0.0015105545821472118
2011-10-06,0.0017064931546391224
2011-10-07,-0.0021524012021539285
2011-10-10,0.0026731444641386794
2011-10-11,-0.0023154233336674
2011-10-12,-0.005871099555793594
2011-10-13,0.00215191217475682
2011-10-14,0.004043445142657174
2011-10-17,0.005106605989469097
2011-10-18,-0.0019797509507603088
2011-10-19,-0.007953203431864835
2011-10-20,0.0030671087138930513
2011-10-21,-4.130170823475805e-05
2011-10-24,-0.0017115391253960722
2011-10-25,0.003133747142540851
2011-10-26,-0.0028264359081758973
2011-10-27,-0.011261943772989872
2011-10-28,-0.0036351392577641597
2011-10-31,0.0094841645209255
2011-11-01,0.0016723540252859717
2011-11-02,-0.0006110422018050799
2011-11-03,0.0017035155107886528
2011-11-04,0.002630916386636011
2011-11-07,0.0022303511112455906
2011-11-08,-0.002675177102454526
2011-11-09,0.008149737518554736
2011-11-10,0.003046972448124034
2011-11-11,0.0041928846669892625
2011-11-14,0.007367716740328363
2011-11-15,0.006062153524512788
2011-11-16,0.005181275746460302
2011-11-17,-0.003025376056606131
2011-11-18,-0.001052425107958326
2011-11-21,0.004097121301054709
2011-11-22,-0.0014026799034628393
2011-11-23,-0.002063764302193864
2011-11-25,-0.00208514489593442
2011-11-28,0.00011729671269406373
2011-11-29,0.0022941478823606592
2011-11-30,-0.001562737009733544
2011-12-01,-0.0030872841147161602
2011-12-02,0.002875834471502879
2011-12-05,0.00464997298397557
2011-12-06,0.0016033102325443468
2011-12-07,0.0003462358579465018
2011-12-08,0.005551845325195087
2011-12-09,0.003722058579120092
2011-12-12,0.015106209508023952
2011-12-13,-0.002932755887062473
2011-12-14,0.0027417613438611497
2011-12-15,0.0031025415245378063
2011-12-16,0.003013957971415587
2011-12-19,0.006531174740944265
2011-12-20,-0.001171501812661372
2011-12-21,0.00173918593827691
2011-12-22,-0.0021666822138267506
2011-12-23,0.0024546747714263646
2011-12-27,0.008809303651950463
2011-12-28,0.006966041316750569
2011-12-29,0.0006938675971758987
2011-12-30,-0.0029773647518478415
2012-01-03,-0.017925218827538565
2012-01-04,0.00011557133712566328
2012-01-05,0.016214644847864078
2012-01-06,0.0023656359048742793
2012-01-09,-0.0011129095804613982
2012-01-10,-0.0056871368598021485
2012-01-11,0.007494982119904377
2012-01-12,-0.00302311308463609
2012-01-13,0.010082196140134086
2012-01-17,-0.003033185276547682
2012-01-18,-0.0019328939511611765
2012-01-19,-0.0006391594655607856
2012-01-20,-0.010246772056539052
2012-01-23,-0.017264988801171093
2012-01-24,0.0048773973913090836
2012-01-25,-0.011008459200770508
2012-01-26,0.0012325152806821396
2012-01-27,-0.004465784568818234
2012-01-30,0.010648057777079849
2012-01-31,0.001967104490784641
2012-02-01,0.0007320136553033815
2012-02-02,-0.0104986865964053
2012-02-03,0.0061200401170340875
2012-02-06,0.0019036860180951058
2012-02-07,0.001906155434492597
2012-02-08,-0.002507948249865179
2012-02-09,-0.0030077190348845413
2012-02-10,0.007925477510820844
2012-02-13,0.008143492003528837
2012-02-14,-0.0037369835959236808
2012-02-15,-0.0017448060663764861
2012-02-16,-0.007639774477592266
2012-02-17,-0.008509815416463994
2012-02-21,-0.01470510765142268
2012-02-22,-0.005102491022999538
2012-02-23,0.009341117773195663
2012-02-24,0.0005903694033603142
2012-02-27,0.012948715433701987
2012-02-28,-0.003533908426339815
2012-02-29,0.002658992681878962
2012-03-01,0.0016970474188049173
2012-03-02,0.00408898542744561
2012-03-05,0.01286845211349337
2012-03-06,0.00975942050098478
2012-03-07,0.004662971185459939
2012-03-08,-0.0038715750053673996
2012-03-09,0.005510224336427443
2012-03-12,0.010268865644308752
2012-03-13,-0.0018713519652974082
2012-03-14,0.009004190612325092
2012-03-15,0.003465092904181658
2012-03-16,-0.009994345823855905
2012-03-19,-0.002402886088565488
2012-03-20,0.006577924673929257
2012-03-21,0.004671496618522536
2012-03-22,0.012355967929817116
2012-03-23,-0.006085546493835086
2012-03-26,0.006480943257932714
2012-03-27,0.009287154389653544
2012-03-28,0.009691876990277133
2012-03-29,0.006735258221387325
2012-03-30,-0.004942870223948941
2012-04-02,-0.008404985341088503
2012-04-03,0.011637768667251839
2012-04-04,0.011525794439788916
2012-04-05,0.005961082359166803
2012-04-09,-0.005095623386099104
2012-04-10,-0.0034491320252230326
2012-04-11,0.0062572680292739494
2012-04-12,-0.008809208382439608
2012-04-13,0.00671765241331253
2012-04-16,0.0012795437602823884
2012-04-17,0.005407708703904274
2012-04-18,0.004445549210215216
2012-04-19,0.0031581233554940392
2012-04-20,0.0006730067743938506
2012-04-23,0.0002489964218187363
2012-04-24,0.0011685388465118365
2012-04-25,-0.004533133890126503
2012-04-26,0.009482561065596378
2012-04-27,0.0002945030526155622
2012-04-30,-0.009289903819950047
2012-05-01,-0.004429136331929597
2012-05-02,0.022410430573295587
2012-05-03,-0.0011011252177978736
2012-05-04,-0.0020025182211899353
2012-05-07,-0.002854970143949883
2012-05-08,0.0034713207049204046
2012-05-09,0.006219712604092895
2012-05-10,-0.0049731759326012695
2012-05-11,0.009384047497969283
2012-05-14,0.012624454020660515
2012-05-15,0.011290320845200623
2012-05-16,-0.0028786556940252634
2012-05-17,-0.02312835110235569
2012-05-18,-0.012365297562632905
2012-05-21,0.0028083234407621422
2012-05-22,0.01124175921319483
2012-05-23,0.0012085562406880044
2012-05-24,0.009940665689507404
2012-05-25,0.001494427920889436
2012-05-29,0.012220434617618738
2012-05-30,0.004421448192723132
2012-05-31,0.0011833572539996996
2012-06-01,-0.021809576554563406
2012-06-04,-0.018632261389075127
2012-06-05,0.007784755522892483
2012-06-06,-0.0013499382368218798
2012-06-07,0.009371968476539762
2012-06-08,0.010707385544061625
2012-06-11,0.0020724141609251324
2012-06-12,-0.004946849789224163
2012-06-13,-0.005041771533776845
2012-06-14,-0.007403522235600153
2012-06-15,0.001893779544152323
2012-06-18,0.0060121118529691125
2012-06-19,-0.0028909084067397462
2012-06-20,0.00309559912109255
2012-06-21,0.00912744999404395
2012-06-22,-0.0023650408707051244
2012-06-25,0.0006298811633476217
2012-06-26,0.0036851845750150384
2012-06-27,0.0029732542775265883
2012-06-28,0.003980755313698411
2012-06-29,-0.017655826894055312
2012-07-02,0.008303374029150915
2012-07-03,-0.01679785196503485
2012-07-05,0.011365759059842601
2012-07-06,0.017377664889553363
2012-07-09,-0.0027880349658236216
2012-07-10,0.006345874534386025
2012-07-11,-0.01372343119938842
2012-07-12,0.009467478105738225
2012-07-13,0.00012451863083620516
2012-07-16,0.003797420576646889
2012-07-17,0.001983441371036977
2012-07-18,-0.004631066347497038
2012-07-19,-0.013656126692662298
2012-07-20,0.007043769071811186
2012-07-23,0.009566142192534861
2012-07-24,-0.0014233472736844095
2012-07-25,-0.004686449311495571
2012-07-26,-0.0025520910815458263
2012-07-27,-0.005415372434751524
2012-07-30,-0.010818972575740313
2012-07-31,-0.0034802545762815953
2012-08-01,-0.0075509146142186115
2012-08-02,0.013479667700885677
2012-08-03,-0.014003753660606355
2012-08-06,-0.008421003847289403
2012-08-07,-0.0065060570854375156
2012-08-08,-0.000696087262460383
2012-08-09,-0.001537231782363531
2012-08-10,-0.0020275844984880822
2012-08-13,0.008166268394722974
2012-08-14,0.001967682991113049
2012-08-15,0.002310348009430226
2012-08-16,-0.003890509266315025
2012-08-17,0.0008849334135445315
2012-08-20,-0.007700855168551307
2012-08-21,-0.008138333372562508
2012-08-22,0.0004441202802867571
2012-08-23,0.0010230606689927487
2012-08-24,0.009260383678775254
2012-08-27,0.004939257044907946
2012-08-28,0.0028489553896218146
2012-08-29,0.004059278206683978
2012-08-30,0.00214849595813736
2012-08-31,-0.00778883279967319
2012-09-04,0.010474852029095953
2012-09-05,-1.736208694429485e-05
2012-09-06,0.00048277327946811074
2012-09-07,-0.018117986333756195
2012-09-10,0.00042555444012400937
2012-09-11,-0.00674291261581128
2012-09-12,0.0021999061892476867
2012-09-13,-0.010733146961443016
2012-09-14,-0.0024550088037023536
2012-09-17,0.005662948724645334
2012-09-18,-0.0030806593937695026
2012-09-19,0.006270875204772366
2012-09-20,0.004195885065205331
2012-09-21,-0.0019655438040218623
2012-09-24,0.0019496669120505773
2012-09-25,-0.00016566337010387574
2012-09-26,-0.010536954241981814
2012-09-27,-0.004839682058932147
2012-09-28,-0.0006037585071655764
2012-10-01,-0.008036466549070717
2012-10-02,0.0035646711459019066
2012-10-03,0.015984893723658748
2012-10-04,-0.00664695155174088
2012-10-05,0.003910068119298518
2012-10-08,-0.004052506024190054
2012-10-09,-0.009725326994989555
2012-10-10,0.003185631583030518
2012-10-11,-0.009269962533422946
2012-10-12,9.249741209596519e-05
2012-10-15,0.001967347459983013
2012-10-16,-0.0016603749831022167
2012-10-17,0.003991643530523459
2012-10-18,-0.0033915948579229783
2012-10-19,0.0012289792078364853
2012-10-22,-0.00268388776776462
2012-10-23,0.001924474670470205
2012-10-24,0.005046472840321018
2012-10-25,-0.008288417525705478
2012-10-26,-0.00260049610047129
2012-10-31,0.003993839974628137
2012-11-01,-0.0035380985079448146
2012-11-02,-0.003971192625740393
2012-11-05,0.0037380198588578316
2012-11-06,-0.00500101872183556
2012-11-07,0.008500655251349886
2012-11-08,0.0005753302721015122
2012-11-09,-0.0036558839423714083
2012-11-12,-0.0018918782390375858
2012-11-13,0.003741501489670719
2012-11-14,-0.004207933184132637
2012-11-15,-0.003848818663780596
2012-11-16,0.006478070553734595
2012-11-19,-0.0025739268687669753
2012-11-20,0.014645774749254535
2012-11-21,0.0027140708228899145
2012-11-23,0.001552929426352744
2012-11-26,-0.004724780072585118
2012-11-27,0.0018568191761749605
2012-11-28,-0.002067234368144167
2012-11-29,-0.005135072063332019
2012-11-30,-0.002564163097550751
2012-12-03,0.0020928243118396766
2012-12-04,0.0008949609046620251
2012-12-05,-0.005127933230020178
2012-12-06,0.0005632356963094714
2012-12-07,-0.002104211022038812
2012-12-10,-0.0016102480115581783
2012-12-11,-0.0021101090890791453
2012-12-12,0.002225417231169403
2012-12-13,0.0017356133530370644
2012-12-14,-0.001354055220684389
2012-12-17,0.00402832975764657
2012-12-18,-0.0021422692902249175
2012-12-19,-0.005054606773295364
2012-12-20,0.0010652967470181035
2012-12-21,-0.002385832373369422
2012-12-24,0.00025996289063558885
2012-12-26,-0.004973565204307945
2012-12-27,0.0018402683424799896
2012-12-28,0.002818447776294755
2012-12-31,-0.0012839228811525646
2013-01-02,-0.0013012771682446708
2013-01-03,0.0026145469244898646
2013-01-04,-0.0002284004900140374
2013-01-07,0.002653394047968829
2013-01-08,0.0013744511375176015
2013-01-09,0.008846577155352604
2013-01-10,-0.005359159684349279
2013-01-11,-0.0015731646451828147
2013-01-14,-0.0016009938001127456
2013-01-15,-0.0017400416844481372
2013-01-16,-0.002403502543958371
2013-01-17,0.0022639389837880264
2013-01-18,-0.0038262016838578293
2013-01-22,-0.0039798046043512236
2013-01-23,0.00648048104150914
2013-01-24,0.014198388756469933
2013-01-25,0.009572933693665697
2013-01-28,0.005265093351090018
2013-01-29,-0.0035477056410304353
2013-01-30,-0.0047211340138842706
2013-01-31,-0.00011188579002208884
2013-02-01,-0.002645345075487311
2013-02-04,-0.007354801503815894
2013-02-05,-0.001152270614008563
2013-02-06,-0.006255406140714607
2013-02-07,0.0016436711474747052
2013-02-08,0.004220780942544571
2013-02-11,0.003083992701578928
2013-02-12,0.007332301323812075
2013-02-13,0.0025193666089722024
2013-02-14,0.0015079253298794161
2013-02-15,0.010958604952313806
2013-02-19,0.0028909576792587755
2013-02-20,0.004598959129524275
2013-02-21,-0.002743780668196173
2013-02-22,0.0037682492961063564
2013-02-25,-0.017950921065875272
2013-02-26,0.004459860594533603
2013-02-27,0.014369198983568598
2013-02-28,0.004944481061242104
2013-03-01,0.007056074969750946
2013-03-04,0.012291305280020844
2013-03-05,0.004969631469339638
2013-03-06,-0.00976989180725297
2013-03-07,-0.003165423085343875
2013-03-08,-0.00021907897408217434
2013-03-11,0.004409719772860066
2013-03-12,-0.005083482161700405
2013-03-13,0.009794535151827643
2013-03-14,0.00029809190334603253
2013-03-15,-1.405102070585617e-06
2013-03-18,-0.0019015370044239894
2013-03-19,0.0031864259318669726
2013-03-20,0.008834849441151225
2013-03-21,-0.007846662262634693
2013-03-22,0.004619497671883217
2013-03-25,-0.00018502387023985287
2013-03-26,0.00041430829895347445
2013-03-27,-0.0024328626265074367
2013-03-28,0.004444242441828693
2013-04-01,-0.0003634844616149166
2013-04-02,0.010568746039500863
2013-04-03,0.0002546324997594338
2013-04-04,0.005097215549025716
2013-04-05,-0.0013861070980794867
2013-04-08,0.009772925579551422
2013-04-09,-0.01588145113974847
2013-04-10,0.013193666850685381
2013-04-11,0.009366739307849122
2013-04-12,0.02298816459839758
2013-04-15,0.01612820773158286
2013-04-16,0.0037306640880925106
2013-04-17,0.00765330284038861
2013-04-18,-0.010845357059881542
2013-04-19,0.008429664996084397
2013-04-22,-0.004766981178495391
2013-04-23,0.01451571015721127
2013-04-24,-0.017763346372055868
2013-04-25,-0.005701242697272756
2013-04-26,0.011230555898148092
2013-04-29,-0.004587321693975062
2013-04-30,-0.007092588842773069
2013-05-01,0.0010332326317803848
2013-05-02,0.0002359585957459861
2013-05-03,0.0026923850134526923
2013-05-06,0.0012896162916289408
2013-05-07,0.004556938885094759
2013-05-08,-0.008633915161049303
2013-05-09,0.0039021729858497063
2013-05-10,0.00793891007232843
2013-05-13,0.012256530079443684
2013-05-14,0.013836113445315537
2013-05-15,0.014398553724013434
2013-05-16,-0.011479142698208156
2013-05-17,0.016525640608957295
2013-05-20,-0.02184466909953204
2013-05-21,0.012086645668098642
2013-05-22,-0.0034745898976376406
2013-05-23,-0.004553883282455547
2013-05-24,0.003146128574387516
2013-05-28,0.0020157044202426875
2013-05-29,-0.0142604359814362
2013-05-30,-0.008919418428437154
2013-05-31,0.0029651655121346668
2013-06-03,-0.014664944234517767
2013-06-04,0.0007644834166273357
2013-06-05,-0.008236859550682372
2013-06-06,0.003780537098122683
2013-06-07,0.028517920739556522
2013-06-10,0.0007084193077116694
2013-06-11,0.003745515645268876
2013-06-12,-0.005431995022993728
2013-06-13,0.006310849788683402
2013-06-14,-0.0016321946750756614
2013-06-17,0.007194468652136491
2013-06-18,0.014435713405508999
2013-06-19,0.0041069986298285285
2013-06-20,0.014318788703703324
2013-06-21,-0.005452123283168632
2013-06-24,0.007978838906382138
2013-06-25,0.0018128981680560017
2013-06-26,0.022310018751343186
2013-06-27,-0.0007324586259718664
2013-06-28,-0.024988231469121627
2013-07-01,0.0036695349323776845
2013-07-02,0.012824425665657899
2013-07-03,-0.0005261089377887129
2013-07-05,0.026761482576869777
2013-07-08,-0.00014102884325608428
2013-07-09,-0.001537915629745062
2013-07-10,0.005133600903568751
2013-07-11,-0.020708592340221037
2013-07-12,0.015472031482484236
2013-07-15,-0.005473933628830095
2013-07-16,-0.01241221438888872
2013-07-17,0.006439034055039741
2013-07-18,0.003915967826577518
2013-07-19,-0.0013629349327770027
2013-07-22,-0.01708530802243111
2013-07-23,-0.012405057494214548
2013-07-24,0.010520350002654366
2013-07-25,-0.0006783712106194946
2013-07-26,-0.0022013037464096463
2013-07-29,0.00433388056439373
2013-07-30,0.009013479097481222
2013-07-31,0.004472121020521094
2013-08-01,0.01594781393639147
2013-08-02,0.002855294753300423
2013-08-05,0.005388631403238116
2013-08-06,0.004655693976875402
2013-08-07,-0.0004680232081761989
2013-08-08,-0.024667159846194282
2013-08-09,-0.007831233746008972
2013-08-12,-0.015490851566349956
2013-08-13,0.006016728890007067
2013-08-14,-0.014483052705164902
2013-08-15,-0.020998783564999197
2013-08-16,0.008314954756779708
2013-08-19,0.005696011012942057
2013-08-20,0.0007321244865288899
2013-08-21,0.010943808394218662
2013-08-22,-0.0027701630181197817
2013-08-23,-0.014125835426470786
2013-08-26,0.003084982146931482
2013-08-27,-0.005911384208441026
2013-08-28,0.00799294196921416
2013-08-29,0.0008969647411518379
2013-08-30,-0.0072271171887698755
2013-09-03,0.003288688375759119
2013-09-04,0.0015807257651084838
2013-09-05,0.004274621216637636
2013-09-06,-0.013101429212814934
2013-09-09,-0.00200932640996069
2013-09-10,0.010850058454069287
2013-09-11,-0.003038917948684834
2013-09-12,0.014541287297504056
2013-09-13,-0.002345641163053423
2013-09-16,0.003894766492008032
2013-09-17,0.00036093871430675783
2013-09-18,-0.02981713632616945
2013-09-19,0.004915939700345313
2013-09-20,0.017930884475153955
2013-09-23,-0.0001086254517260325
2013-09-24,0.001856977369138629
2013-09-25,-0.0034166262190273556
2013-09-26,0.005963620139908172
2013-09-27,0.0051193248743756
2013-09-30,0.0008555057592324212
2013-10-01,0.007322062860309317
2013-10-02,-0.006337133543289686
2013-10-03,-0.002098095840950354
2013-10-04,0.004538802359465964
2013-10-07,-0.01570201795877178
2013-10-08,-0.008047570386592054
2013-10-09,-0.007496294190772129
2013-10-10,0.01199277706927946
2013-10-11,0.0031602869751596045
2013-10-14,0.002878898259011957
2013-10-15,-0.002328785746519723
2013-10-16,0.00921694294147095
2013-10-17,-0.008588055116724266
2013-10-18,0.004645551879482671
2013-10-21,-0.0026906732340324984
2013-10-22,-0.0083817536133564
2013-10-23,0.0015034502714063556
2013-10-24,-8.315464042234257e-05
2013-10-25,-0.005423539658571578
2013-10-28,0.0003827985731750771
2013-10-29,0.005858302188561373
2013-10-30,-0.007265237025446016
2013-10-31,0.008391262955003986
2013-11-01,0.004531301450801188
2013-11-04,-0.0004112162055254411
2013-11-05,0.005913202362857397
2013-11-06,-0.004610703824754561
2013-11-07,-0.004382571677161027
2013-11-08,0.017087628667932776
2013-11-11,0.004231099810682967
2013-11-12,0.005576117418478668
2013-11-13,0.00025937708740451357
2013-11-14,-0.010856383035188282
2013-11-15,0.002173866191268909
2013-11-18,-0.0005423925830798599
2013-11-19,0.0004750471110877282
2013-11-20,0.00766269401391644
2013-11-21,0.007714739711685696
2013-11-22,0.006773321029014496
2013-11-25,0.0009094113684616397
2013-11-26,0.005463193129780958
2013-11-27,0.001460595442567603
2013-11-29,-0.0055328522141712974
2013-12-02,0.014018198520879908
2013-12-03,-0.006600255393260085
2013-12-04,-0.012370864170488922
2013-12-05,0.00187745956774284
2013-12-06,0.0023012406346792995
2013-12-09,-0.0076817792188978995
2013-12-10,-0.013945382496607902
2013-12-11,0.0013962515262725317
2013-12-12,0.006175956838157587
2013-12-13,-0.001899497399118803
2013-12-16,0.003864712926413339
2013-12-17,-0.0005060745852332663
2013-12-18,0.009789908505876398
2013-12-19,0.007696986842944854
2013-12-20,0.004706719399869516
2013-12-23,0.0034110807630429877
2013-12-24,-0.0022156209883337813
2013-12-26,0.0033916393550067984
2013-12-27,-0.007514263298123341
2013-12-30,0.007592408553463027
2013-12-31,0.0003401531077963022
2014-01-02,-0.010386099398681318
2014-01-03,-0.0009198542456498413
2014-01-06,-0.0030886034170782453
2014-01-07,0.008641423356702172
2014-01-08,0.009993114892940644
2014-01-09,0.007437255960623351
2014-01-10,-0.008179361037939481
2014-01-13,-0.012994250671141454
2014-01-14,0.014487158936504917
2014-01-15,0.0017718306425445667
2014-01-16,0.0009586869839821752
2014-01-17,-0.0058498825005578615
2014-01-21,0.008026432339744509
2014-01-22,0.001977728401192603
2014-01-23,-0.002766407440116759
2014-01-24,-0.012335589316262701
2014-01-27,-0.005287009154053639
2014-01-28,0.006054299675213355
2014-01-29,-0.006083805455051559
2014-01-30,0.005055838517201728
2014-01-31,-0.008617900854442334
2014-02-03,-0.0145880086269277
2014-02-04,0.004596108561964099
2014-02-05,-0.005025621838214395
2014-02-06,-0.0011103576279566623
2014-02-07,0.004466175987211752
2014-02-10,-0.0006310816282475018
2014-02-11,0.0037234957741226096
2014-02-12,0.004647870361201153
2014-02-13,0.005586111045390753
2014-02-14,-0.0102769224002594
2014-02-18,0.011355023457957686
2014-02-19,-0.0007449380495061987
2014-02-20,0.002234901004493906
2014-02-21,0.004446436982727325
2014-02-24,-0.0010031375843773905
2014-02-25,0.006773098337158056
2014-02-26,-0.00029556537757511616
2014-02-27,-0.0066147182222617675
2014-02-28,0.0002730364171034339
2014-03-03,-0.006435669142318744
2014-03-04,0.013551056002073028
2014-03-05,-0.0029786655535976887
2014-03-06,-0.010892024974959424
2014-03-07,0.006371982878915829
2014-03-10,0.006379271625802493
2014-03-11,-0.0022177518102051213
2014-03-12,-0.003817682342660539
2014-03-13,-0.009456726457345847
2014-03-14,-0.0013675234761707856
2014-03-17,0.006010723516211682
2014-03-18,0.004197787526058518
2014-03-19,0.0024379080257435695
2014-03-20,-0.004749185433573996
2014-03-21,-0.021630910160714525
2014-03-24,-0.012951182047010493
2014-03-25,-0.000211401977275471
2014-03-26,-0.010166777909661506
2014-03-27,-0.008059521491352273
2014-03-28,-0.009394767776161602
2014-03-31,0.008647592894874325
2014-04-01,0.005270122897893627
2014-04-02,-0.004551805260779151
2014-04-03,-0.0021349660925725983
2014-04-04,-0.020933686078441295
2014-04-07,-0.006854324473414256
2014-04-08,-0.0013390052106084572
2014-04-09,0.012405288489444794
2014-04-10,-0.019495697360790615
2014-04-11,-0.01179170741599283
2014-04-14,-0.0011306087842250586
2014-04-15,0.014829964400178858
2014-04-16,0.002925541363163139
2014-04-17,0.0036067179425957204
2014-04-21,0.008334649516473083
2014-04-22,0.009749519260342744
2014-04-23,-0.0006934420726949141
2014-04-24,-0.003926853601667585
2014-04-25,-0.004704837219695636
2014-04-28,0.002421929477012103
2014-04-29,0.0011375690826245042
2014-04-30,0.006618874800694625
2014-05-01,-0.0030465236592609633
2014-05-02,-0.010052358483620332
2014-05-05,0.003492464033940362
2014-05-06,-0.0015316536506130255
2014-05-07,0.005672327302731912
2014-05-08,-0.003312008695149144
2014-05-09,-0.00419957231943222
2014-05-12,-0.004892578791856793
2014-05-13,-0.0016800592426105532
2014-05-14,-0.002764012003111604
2014-05-15,0.0006974410312082517
2014-05-16,0.005307183887369514
2014-05-19,0.002561394894321061
2014-05-20,0.002283180473331059
2014-05-21,0.0023875244390291622
2014-05-22,-0.006615708111916806
2014-05-23,0.0006227694300577918
2014-05-27,0.006952479759727841
2014-05-28,0.0049489126702710225
2014-05-29,0.0002444324412311356
2014-05-30,0.0022493074113386895
2014-06-02,0.0058360757161994275
2014-06-03,-0.0005963342098837425
2014-06-04,0.00033026893880421144
2014-06-05,0.0007685907020187504
2014-06-06,0.002525202091034647
2014-06-09,-0.007193419873009905
2014-06-10,-0.007380344647075695
2014-06-11,-0.004157362733896619
2014-06-12,-0.0003113822510464807
2014-06-13,-0.0012406256358429547
2014-06-16,-0.002238886679152675
2014-06-17,0.0003007045458643861
2014-06-18,-0.0018379154324847484
2014-06-19,-0.016032071664180542
2014-06-20,0.0011958357371920716
2014-06-23,-0.003143517997590234
2014-06-24,-0.0013841253776585487
2014-06-25,-0.0009910101686763828
2014-06-26,-0.004670795670447947
2014-06-27,-0.00039895578422013977
2014-06-30,-0.0007705888873892022
2014-07-01,0.001151704699411182
2014-07-02,-0.0013174319657855715
2014-07-03,-0.0022597947184226754
2014-07-07,0.0012144074889612608
2014-07-08,-0.004035192520451117
2014-07-09,-0.0014420395679071714
2014-07-10,0.0014714162172721926
2014-07-11,-0.0043524051348652155
2014-07-14,0.005720617858278244
2014-07-15,0.0032955908825395503
2014-07-16,0.0026211145126918025
2014-07-17,-0.008075681817109425
2014-07-18,0.0051581069318541095
2014-07-21,0.00015088649011947542
2014-07-22,0.0024853251968296065
2014-07-23,-0.0010711181636524109
2014-07-24,0.0031572095727750624
2014-07-25,-0.001538826935045006
2014-07-28,0.0029799490255667683
2014-07-29,-0.0024927363830106386
2014-07-30,0.0013703085692908748
2014-07-31,-0.0015940703094234224
2014-08-01,3.27255140541844e-05
2014-08-04,0.00045074760536779825
2014-08-05,-0.004984826715729933
2014-08-06,-0.0034134482196359534
2014-08-07,0.0006800051389618843
2014-08-08,-0.0018727631748307763
2014-08-11,0.0010559186606694997
2014-08-12,0.002669122613005532
2014-08-13,0.003982605792359336
2014-08-14,0.00051125045419719
2014-08-15,0.0045936551653864574
2014-08-18,-0.001239620700041095
2014-08-19,-0.001531755462019215
2014-08-20,0.002611483434492451
2014-08-21,-0.0033604544772564676
2014-08-22,0.001824734964005368
2014-08-25,-0.0013131230388117234
2014-08-26,-0.0032104150167480655
2014-08-27,0.001594806950683085
2014-08-28,-0.00011258297637954276
2014-08-29,0.00070897771066274
2014-09-02,0.005465686613631909
2014-09-03,0.005410384697308695
2014-09-04,-0.0014283190537271377
2014-09-05,0.0031326112611042923
2014-09-08,-0.0014268357527240597
2014-09-09,-0.0045529210695651
2014-09-10,-0.003698437291181236
2014-09-11,0.00029467290210087593
2014-09-12,-0.002814459143245884
2014-09-15,-0.004997073069675508
2014-09-16,-8.196916699284327e-05
2014-09-17,0.0007820307724445755
2014-09-18,0.006470363734345905
2014-09-19,0.007577481987855142
2014-09-22,0.00208723088980174
2014-09-23,0.000635368880010511
2014-09-24,0.0030574445177980717
2014-09-25,-0.003797272493000758
2014-09-26,0.004313884754643723
2014-09-29,-0.00015402090446821177
2014-09-30,0.009301348139254002
2014-10-01,-0.0007568282166821213
2014-10-02,0.0016177566719653624
2014-10-03,0.015810901725957553
2014-10-06,-0.005756345707704063
2014-10-07,0.004013790594290672
2014-10-08,0.0006490133024216495
2014-10-09,0.010017573930820315
2014-10-10,-0.000899900913312324
2014-10-13,-0.0028092312453278237
2014-10-14,0.005643256720967968
2014-10-15,-0.005358002596164873
2014-10-16,-0.004657062227510824
2014-10-17,0.005676330499219306
2014-10-20,0.002835373347567091
2014-10-21,0.0014810939712832317
2014-10-22,0.011636644247185109
2014-10-23,0.0019235526472580256
2014-10-24,0.004923949038187721
2014-10-27,0.01224285218389295
2014-10-28,-0.010932050517020432
2014-10-29,0.002573780892526013
2014-10-30,0.014148954159423806
2014-10-31,0.007283116998392017
2014-11-03,0.007281565701081717
2014-11-04,0.010246680278566287
2014-11-05,0.004287143187478845
2014-11-06,0.0004980509147829108
2014-11-07,-0.021484654556964782
2014-11-10,0.01912516308068008
2014-11-11,-0.00917713067682106
2014-11-12,0.0035263719150936
2014-11-13,0.00889902986878122
2014-11-14,-0.02024906892802392
2014-11-17,0.0035841415674880616
2014-11-18,-0.001970774226930644
2014-11-19,0.0043549671404239845
2014-11-20,-0.005596058623809015
2014-11-21,-0.012599324764887983
2014-11-24,0.011106373699444528
2014-11-25,-0.0010561024836554696
2014-11-26,0.007636831279660726
2014-11-28,0.04940755971647432
2014-12-01,-0.015704973364875877
2014-12-02,0.017246267980067734
2014-12-03,-0.0017468908891858119
2014-12-04,0.007601638123359628
2014-12-05,0.008522401309894775
2014-12-08,0.01930385314439009
2014-12-09,-0.011482127029000273
2014-12-10,0.009775962869035856
2014-12-11,0.012372807795570553
2014-12-12,0.008081346521880096
2014-12-15,0.015112431966573334
2014-12-16,-0.009083054241103167
2014-12-17,-0.005615334938117333
2014-12-18,0.008319443762295781
2014-12-19,-0.011067019966417456
2014-12-22,0.017715491545515726
2014-12-23,-0.014311245487334204
2014-12-24,0.0048837085060133515
2014-12-26,0.003848328307081551
2014-12-29,0.008428405169612773
2014-12-30,-0.005494033997629818
2014-12-31,0.0015993223023220307
2015-01-02,0.007510164282245807
2015-01-05,0.015878058427787462
2015-01-06,-0.004163404930528268
2015-01-07,0.012125265389574764
2015-01-08,0.0014904234072012003
2015-01-09,-0.004807408355438801
2015-01-12,0.01715247725386199
2015-01-13,-0.005990039611406375
2015-01-14,-0.012370393908234766
2015-01-15,0.0008092740914951084
2015-01-16,-0.007751083525740043
2015-01-20,0.011051426244894972
2015-01-21,-0.014159227530807573
2015-01-22,0.011656719836497926
2015-01-23,0.007547393163361514
2015-01-26,0.004773192815014187
2015-01-27,-0.014956160916646422
2015-01-28,0.012937244266683263
2015-01-29,0.0134137972289564
2015-01-30,-0.019204331637966834
2015-02-02,-0.014105153064530017
2015-02-03,-0.018691069540090626
2015-02-04,0.014142122945289015
2015-02-05,-0.003862082839261909
2015-02-06,-0.004712708170741857
2015-02-09,-0.0117385101819276
2015-02-10,0.018383597361985426
2015-02-11,0.003972237633893877
2015-02-12,-0.005579747218993725
2015-02-13,-0.012803944507997997
2015-02-17,0.0017396636028047647
2015-02-18,0.00853488017831302
2015-02-19,0.0005042069289770974
2015-02-20,0.00382450547782239
2015-02-23,0.011166330531994367
2015-02-24,-0.006491087802432928
2015-02-25,-0.003975303978287739
2015-02-26,0.01431679103569472
2015-02-27,-0.00369649074299067
2015-03-02,0.01227269767251818
2015-03-03,-0.004449017588184698
2015-03-04,-0.0011723728936437294
2015-03-05,0.007170679387271117
2015-03-06,0.003470511947530889
2015-03-09,0.014772908738429758
2015-03-10,0.006133360435683937
2015-03-11,-0.005093363022675316
2015-03-12,0.013726439385260728
2015-03-13,0.011643142596462989
2015-03-16,0.009727383606536579
2015-03-17,-0.0021037162332673727
2015-03-18,-0.020969365843856634
2015-03-19,0.023149563079182055
2015-03-20,-0.011926132344454565
2015-03-23,-0.014791698888325664
2015-03-24,-0.005317574139367579
2015-03-25,-0.020616216813319318
2015-03-26,-0.003634331977743808
2015-03-27,0.026723328698953344
2015-03-30,0.006720430481012294
2015-03-31,-0.007741936527391413
2015-04-01,-0.01111559337614901
2015-04-02,-0.006891444634002536
2015-04-06,-0.01102149527056653
2015-04-07,-0.004995900945097797
2015-04-08,0.023521657047533895
2015-04-09,0.00917563603319853
2015-04-10,-0.002568173015655797
2015-04-13,0.006427513096000548
2015-04-14,-0.011573695664334263
2015-04-15,-0.021089350941790673
2015-04-16,-0.0036865862843895813
2015-04-17,-0.004891706039527172
2015-04-20,0.009982194935518987
2015-04-21,0.009164921232493729
2015-04-22,0.0026926403106422195
2015-04-23,-0.00872347547545961
2015-04-24,-0.0009449132482870545
2015-04-27,-0.013274602267722414
2015-04-28,-0.01211642973856079
2015-04-29,-0.01261928636176257
2015-04-30,-0.020822288025321302
2015-05-01,0.01184206336221598
2015-05-04,0.0009430027627591678
2015-05-05,-0.018191264817969306
2015-05-06,0.005064665684526169
2015-05-07,0.01044853627350314
2015-05-08,0.00105532226757753
2015-05-11,0.0037249454007239795
2015-05-12,-0.010408766915340277
2015-05-13,-0.006090114017025239
2015-05-14,-0.0005967772415297087
2015-05-15,0.0017239816713305425
2015-05-18,0.009108633959713171
2015-05-19,0.02162535163132203
2015-05-20,0.0013093429064327585
2015-05-21,-0.0037520481781402174
2015-05-22,0.01301706594026567
2015-05-26,0.012578822554658323
2015-05-27,0.007429083815629816
2015-05-28,-0.00038672497002135953
2015-05-29,-0.003112821040722561
2015-06-01,0.0028829017744799804
2015-06-02,-0.012438094093860782
2015-06-03,0.017146007167521207
2015-06-04,0.0024520534559724265
2015-06-05,0.004553591863487589
2015-06-08,-0.007076506481008483
2015-06-09,-0.012301221235318878
2015-06-10,-0.0035713787077041887
2015-06-11,0.00961909550485445
2015-06-12,0.0031015017129497504
2015-06-15,-0.008714328989640691
2015-06-16,-0.003419236377238763
2015-06-17,0.0004241196800737066
2015-06-18,0.009107394997417056
2015-06-19,0.004363310775951283
2015-06-22,0.012445839059433965
2015-06-23,0.0003966055999511866
2015-06-24,-0.003974882196990591
2015-06-25,-0.00022240295505025732
2015-06-26,-0.004021257845268095
2015-06-29,-0.010859362204611893
2015-06-30,0.011024970497481404
2015-07-01,0.012251010898565574
2015-07-02,-0.007946829932832642
2015-07-06,0.008675173159833944
2015-07-07,-0.00039657986277491454
2015-07-08,-0.009658330376005872
2015-07-09,-0.0005951785750949069
2015-07-10,0.005468979627854345
2015-07-13,0.004467137703692732
2015-07-14,0.004932029054554694
2015-07-15,0.009333677218623337
2015-07-16,0.00929057319521383
2015-07-17,0.01145086093557019
2015-07-20,0.020214959269109236
2015-07-21,-0.011014063970186906
2015-07-22,0.010358910832177794
2015-07-23,0.008503694738834344
2015-07-24,-0.007792957306135334
2015-07-27,0.002399225357912602
2015-07-28,-0.0028786792017456253
2015-07-29,-0.01142051200457496
2015-07-30,0.012969642885986643
2015-07-31,0.006137105126222925
2015-08-03,0.010490143607798392
2015-08-04,-0.002312724531636743
2015-08-05,0.009221137224746013
2015-08-06,-0.020854207080375834
2015-08-07,0.005603243456569641
2015-08-10,-0.020128217758574245
2015-08-11,0.0008426472290878129
2015-08-12,-0.011148201208700203
2015-08-13,0.014861533819311462
2015-08-14,0.0017524483048752513
2015-08-17,0.009062004672484187
2015-08-18,0.002409584408525463
2015-08-19,0.0008359675132775149
2015-08-20,-0.02658112301131877
2015-08-21,-0.0028934295305715783
2015-08-24,-0.00042469209171980586
2015-08-25,-0.006240929595734277
2015-08-26,0.02955424723768935
2015-08-27,-0.02577888929168782
2015-08-28,-0.0116208966774292
2015-08-31,-0.018549119639876994
2015-09-01,0.005830449494000297
2015-09-02,0.01367444654243602
2015-09-03,-0.006831034597293258
2015-09-04,0.006474236754571032
2015-09-08,0.010799717413263639
2015-09-09,-0.00010780689964892814
2015-09-10,0.0034776955588912777
2015-09-11,0.011628028409381761
2015-09-14,0.0005210625406870035
2015-09-15,0.005769784433324946
2015-09-16,-0.02520844100788015
2015-09-17,0.005945099986292855
2015-09-18,0.0030160349169495
2015-09-21,-0.002534264491681476
2015-09-22,0.0021283392306170688
2015-09-23,0.015321431420804941
2015-09-24,-0.019859613268971007
2015-09-25,-0.002664261971223886
2015-09-28,-0.00921992055310071
2015-09-29,-0.007836096703287429
2015-09-30,0.004500116807425091
2015-10-01,0.006568491462043633
2015-10-02,-0.015283035328390687
2015-10-05,-0.005674862018351271
2015-10-06,-0.0269063225275977
2015-10-07,0.0032053155052408546
2015-10-08,-0.003712449702629621
2015-10-09,-0.006512341239315557
2015-10-12,0.01589743067172098
2015-10-13,0.0023697384850837476
2015-10-14,-0.01739701284033629
2015-10-15,0.011661233801869146
2015-10-16,0.008413234968465463
2015-10-19,0.017305356457586688
2015-10-20,-0.0022464099778099268
2015-10-21,0.01115150806184707
2015-10-22,-0.001010324208227041
2015-10-23,0.009290717304010302
2015-10-26,0.0142975655264428
2015-10-27,0.003737144746711153
2015-10-28,0.005087589688624874
2015-10-29,0.003054652630374592
2015-10-30,-0.010743821681124031
2015-11-02,0.0060837935960897805
2015-11-03,-0.01748452136870484
2015-11-04,0.008542370146124795
2015-11-05,-0.0005801711481787783
2015-11-06,0.006409364234890342
2015-11-09,0.0031973056932367476
2015-11-10,0.0007400867881561712
2015-11-11,0.0038949733881292366
2015-11-12,2.5258464727340304e-05
2015-11-13,-0.010975178704354601
2015-11-16,0.0013605469478392453
2015-11-17,0.010023837832635817
2015-11-18,0.002707078210408272
2015-11-19,0.0007237881255056182
2015-11-20,0.014191591124979124
2015-11-23,0.0017199614628703487
2015-11-24,-0.010031287041664347
2015-11-25,0.009833577601711805
2015-11-27,0.016742639316851687
2015-11-30,-0.0009379668517062898
2015-12-01,0.0014602194177434629
2015-12-02,0.0030090568597314076
2015-12-03,-0.020940947579240317
2015-12-04,0.019100405104987034
2015-12-07,0.022423333578894793
2015-12-08,1.0115477297235146e-06
2015-12-09,-0.01453341065297659
2015-12-10,0.00862105292000389
2015-12-11,0.0009413172655652662
2015-12-14,0.014233624661875968
2015-12-15,0.009741694934216642
2015-12-16,0.009205742421132456
2015-12-17,0.009556931465450634
2015-12-18,-0.013029773654890985
2015-12-21,-0.001392542813756646
2015-12-22,0.0009965236072456251
2015-12-23,-0.015927756392101262
2015-12-24,-0.005018356305649881
2015-12-28,0.002600578966424746
2015-12-29,-0.0003889322903369428
2015-12-30,0.010689186423464237
2015-12-31,-0.013968375092305963
2016-01-04,-0.010719713589278528
2016-01-05,0.0027194088601884595
2016-01-06,0.004618382384695095
2016-01-07,-0.015345228932170668
2016-01-08,-0.008237954623964108
2016-01-11,0.024509605609416566
2016-01-12,0.01669357240631159
2016-01-13,-0.016467589636075954
2016-01-14,0.010164879773404011
2016-01-15,0.004537712630335916
2016-01-19,0.014637071396120168
2016-01-20,-0.006214159413501857
2016-01-21,-0.013845976287487178
2016-01-22,-0.0037415986347035485
2016-01-25,0.009437798128660461
2016-01-26,-0.016695554604217264
2016-01-27,-0.015528674293312065
2016-01-28,-0.017177383112517586
2016-01-29,-0.008695734322746443
2016-02-01,0.021079514208156923
2016-02-02,0.013466258409217209
2016-02-03,-0.03273134087640245
2016-02-04,-0.0025110276682396605
2016-02-05,-0.012913864627598977
2016-02-08,-0.008270639153183212
2016-02-09,0.016450124526718866
2016-02-10,0.003068551697425097
2016-02-11,-0.001177609630840052
2016-02-12,-0.0053370327062279566
2016-02-16,0.012895692880086376
2016-02-17,-0.01215906270136367
2016-02-18,0.016986403739705534
2016-02-19,0.007746602073931526
2016-02-22,-0.009881470865468695
2016-02-23,0.015190559594864069
2016-02-24,-0.001981713230595437
2016-02-25,0.010216032222698117
2016-02-26,-0.010404206274851013
2016-02-29,-0.002415252256877832
2016-03-01,-0.005433971511895611
2016-03-02,-0.005581890447591753
2016-03-03,0.0037714454123023012
2016-03-04,-0.013634924297809577
2016-03-07,-0.01595820807075342
2016-03-08,0.0139926347780839
2016-03-09,-0.009446801480303666
2016-03-10,0.009052849449490922
2016-03-11,-0.011311560106841383
2016-03-14,-0.0038681612824169164
2016-03-15,0.008299323907539997
2016-03-16,0.009245050764273222
2016-03-17,-0.004687601679491539
2016-03-18,-0.0008284456653895149
2016-03-21,-0.0010595966549689917
2016-03-22,-0.008707055914455022
2016-03-23,0.004839012448018961
2016-03-24,0.0025110136778583635
2016-03-28,0.002163098031332203
2016-03-29,0.006363762238520352
2016-03-30,0.0011671583248132585
2016-03-31,-0.006317590649417813
2016-04-01,0.00729712046502003
2016-04-04,-0.011707118417163482
2016-04-05,0.0060542340639946285
2016-04-06,-0.017958241434146312
2016-04-07,-0.003184225949608949
2016-04-08,0.00240144290850266
2016-04-11,0.01477583654131916
2016-04-12,-0.01185455044799656
2016-04-13,-0.006359212282962623
2016-04-14,-0.003981234026250995
2016-04-15,0.014715908876065723
2016-04-18,-0.00684797352398873
2016-04-19,0.0038024784963614543
2016-04-20,-0.01441118254847449
2016-04-21,-0.00874328176967069
2016-04-22,-0.010432284960948002
2016-04-25,0.004683057453851626
2016-04-26,0.01097927045020894
2016-04-27,0.0077873277947074285
2016-04-28,0.014063898761441068
2016-04-29,0.01113662265005629
2016-05-02,0.004305728945223449
2016-05-03,-0.003066272383047877
2016-05-04,4.218148121909202e-05
2016-05-05,0.0022758293226698436
2016-05-06,0.009756616173037537
2016-05-09,-0.01688866582235733
2016-05-10,0.0018187732318466754
2016-05-11,0.0027230499245788084
2016-05-12,-0.00042861257582228155
2016-05-13,-0.00012062900810488571
2016-05-16,-0.0028451778282148556
2016-05-17,-0.0036186838491009616
2016-05-18,-0.022788094008760622
2016-05-19,0.001307780449011833
2016-05-20,-0.004527935047596939
2016-05-23,-0.003978467793944881
2016-05-24,-0.010546397884351851
2016-05-25,-0.002054414764430865
2016-05-26,0.002447533185830503
2016-05-27,-0.010544128428318126
2016-05-31,-0.006549481522373109
2016-06-01,-0.0027044052421911742
2016-06-02,-0.002510704287672867
2016-06-03,0.024434129683647155
2016-06-06,-0.005177111017489416
2016-06-07,-0.0030718497892883215
2016-06-08,0.013287090132409068
2016-06-09,0.0019645790431858253
2016-06-10,0.00892203046740466
2016-06-13,0.006678989205196589
2016-06-14,-0.0037408467138120172
2016-06-15,0.009397217746279676
2016-06-16,-0.0045327667164222814
2016-06-17,9.722138559556729e-05
2016-06-20,-0.01183065562849969
2016-06-21,-0.00784808841107772
2016-06-22,0.002573194907983859
2016-06-23,-0.01087189531682697
2016-06-24,0.04103532772827116
2016-06-27,0.0016144815973277444
2016-06-28,-0.01153274212878415
2016-06-29,-0.000926589853691138
2016-06-30,0.0055935252552697995
2016-07-01,0.007300011772165125
2016-07-05,0.015987172462133863
2016-07-06,0.004526919694607527
2016-07-07,-0.011172670592759818
2016-07-08,0.008044797672613499
2016-07-11,5.633471093314515e-05
2016-07-12,-0.011053194902812716
2016-07-13,0.01289374495351086
2016-07-14,-0.0051935285738016375
2016-07-15,-0.0021979197531440493
2016-07-18,0.0003077625971255084
2016-07-19,-0.0003554182080509951
2016-07-20,-0.021728502679945003
2016-07-21,0.006057818275160844
2016-07-22,0.0010280681233716632
2016-07-25,-0.008275993767251919
2016-07-26,0.010974851843127537
2016-07-27,0.003219140723445679
2016-07-28,0.0016808307380349187
2016-07-29,0.006090858775170033
2016-08-01,0.0041250717509447084
2016-08-02,0.0034635007114762187
2016-08-03,-0.004224367399094956
2016-08-04,0.0008728023814591973
2016-08-05,-0.013237341165093843
2016-08-08,1.6947202399554208e-05
2016-08-09,-0.0005711363246174645
2016-08-10,0.00372464325409188
2016-08-11,-0.011558396659606493
2016-08-12,-0.010434965393380676
2016-08-15,-0.0001829627407687313
2016-08-16,-0.006089825467167227
2016-08-17,-0.003915623521494474
2016-08-18,-0.0010619841721221826
2016-08-19,-0.006615098676601184
2016-08-22,-0.008031880724393616
2016-08-23,-0.006307582090580831
2016-08-24,-0.012852985626583118
2016-08-25,0.005149315157184109
2016-08-26,-0.003917848189977102
2016-08-29,0.009879099685601404
2016-08-30,-0.011124592493574672
2016-08-31,0.0011814838457524413
2016-09-01,0.010629202083842073
2016-09-02,0.005375767809038178
2016-09-06,0.015426967552810582
2016-09-07,-0.007134452815290128
2016-09-08,-0.015252076938799567
2016-09-09,-0.019022541859608468
2016-09-12,0.0042618253987775695
2016-09-13,-0.011650203162058555
2016-09-14,0.006412827692090193
2016-09-15,0.006681538640863038
2016-09-16,0.0029270513707566575
2016-09-19,0.005901177054068492
2016-09-20,-0.00017055052616226507
2016-09-21,0.01368234230536492
2016-09-22,-0.004317882293641442
2016-09-23,-0.0008525692643462983
2016-09-26,-0.004903125355864464
2016-09-27,0.0031038522244810182
2016-09-28,-0.0027353627192231032
2016-09-29,-0.0042539201751248664
2016-09-30,-0.004558689180069683
2016-10-03,-0.0035439266326961617
2016-10-04,-0.026990223891211515
2016-10-05,-1.7901917429593846e-05
2016-10-06,-0.0025758799774712694
2016-10-07,0.00808407227689684
2016-10-10,-0.003949346387321921
2016-10-11,-0.005585867565496335
2016-10-12,0.006809928304868228
2016-10-13,0.000731531384514173
2016-10-14,-0.000298156665447261
2016-10-17,0.004336917215215251
2016-10-18,0.006203843739106823
2016-10-19,-0.002004410940831356
2016-10-20,0.0067308353973852585
2016-10-21,-0.0019964956559715536
2016-10-24,-0.0002858860826799913
2016-10-25,0.00896573670166358
2016-10-26,-0.003640108748438675
2016-10-27,-0.002924176844129352
2016-10-28,-0.0024765896846595335
2016-10-31,0.011576181558972175
2016-11-01,0.003000425025676311
2016-11-02,-0.0002862558170648949
2016-11-03,0.009009444558424232
2016-11-04,-0.008814553439602437
2016-11-07,-0.0021468191511796134
2016-11-08,0.0036673969416887438
2016-11-09,-0.021027505816801177
2016-11-10,-0.007766339425676103
2016-11-11,0.0019581808439202296
2016-11-14,-0.002167408387622587
2016-11-15,0.008004568026206998
2016-11-16,0.0013570550779988576
2016-11-17,-0.004200582562730008
2016-11-18,0.00905083160805851
2016-11-21,0.003176974225987653
2016-11-22,0.009663217638199528
2016-11-23,0.0009533526384381271
2016-11-25,-0.0049685209680795745
2016-11-28,0.006662043589696323
2016-11-29,-0.009041656230843072
2016-11-30,0.005167714559478905
2016-12-01,-0.0047242323934047785
2016-12-02,0.0012829513036013865
2016-12-05,0.0003719030543172939
2016-12-06,-0.002478604103993025
2016-12-07,0.004892717582762039
2016-12-08,-0.0003024297481606733
2016-12-09,-0.0043284742747578256
2016-12-12,-0.007298335495667125
2016-12-13,-0.0022961758433768754
2016-12-14,0.0026037650934682692
2016-12-15,0.0074926982646794675
2016-12-16,-0.008511081946046136
2016-12-19,0.005686504236412623
2016-12-20,0.0057860974373560884
2016-12-21,0.0015277700553111512
2016-12-22,0.0014209183723915594
2016-12-23,-0.002956519543963829
2016-12-27,0.003091408398212325
2016-12-28,-0.004614675198421495
2016-12-29,-0.006785191143700383
2016-12-30,-0.00615595703003772
2017-01-03,-0.0022084918328999763
2017-01-04,-0.00021291551803727743
2017-01-05,-0.011532833042877682
2017-01-06,0.0009775299313984384
2017-01-09,-0.006424723361629173
2017-01-10,0.0070164927259524675
2017-01-11,0.005013684875680192
2017-01-12,-0.011289101680618306
2017-01-13,0.0018171114328170697
2017-01-17,-0.007963145340718018
2017-01-18,0.00959401588846522
2017-01-19,-0.001349114853378457
2017-01-20,0.0004144274847742612
2017-01-23,-0.009927908975398154
2017-01-24,0.00991999649310208
2017-01-25,-0.0015162239823616162
2017-01-26,0.005392661868162588
2017-01-27,-0.00423923179827438
2017-01-30,-0.0038575937575526667
2017-01-31,-0.009948782243234006
2017-02-01,-0.00237489786397437
2017-02-02,-0.004577946417990416
2017-02-03,0.004476049503486768
2017-02-06,0.001612859281746899
2017-02-07,0.0004087042134959241
2017-02-08,-0.006363205382443674
2017-02-09,0.004254520932819716
2017-02-10,0.0011023112775660332
2017-02-13,0.008159331148938801
2017-02-14,0.003249729120837113
2017-02-15,-0.0008847895841005794
2017-02-16,0.0009082729044932061
2017-02-17,-0.0005962311326730603
2017-02-21,0.0030641732644502073
2017-02-22,-0.001145833901811727
2017-02-23,-0.008432321931160948
2017-02-24,-0.0022654747202829856
2017-02-27,-0.0009713086126389636
2017-02-28,-0.0031064089104507007
2017-03-01,0.0059759690033171385
2017-03-02,-0.007755503543823827
2017-03-03,-0.003315811555162621
2017-03-06,-0.004271679624918359
2017-03-07,-5.285713839837166e-05
2017-03-08,-0.0010128321735016492
2017-03-09,-0.00023721890806761305
2017-03-10,-0.0029635238725194235
2017-03-13,0.0011677333216631614
2017-03-14,0.0029365956642367487
2017-03-15,-0.010389539155265184
2017-03-16,-0.002017706239306367
2017-03-17,-0.005602627660637856
2017-03-20,-0.0021168140928903203
2017-03-21,-0.018021138343942388
2017-03-22,0.004533499285609243
2017-03-23,-0.0041156709492699015
2017-03-24,-0.0006961064311874446
2017-03-27,-0.00039552449597236075
2017-03-28,-0.0005422664638249405
2017-03-29,-0.008893828957962202
2017-03-30,0.003211053377184829
2017-03-31,-0.0027424237563539295
2017-04-03,0.004415155794190748
2017-04-04,-0.0064405162413558705
2017-04-05,-0.0016797449305108545
2017-04-06,-0.005901499123358846
2017-04-07,0.00026311196814711614
2017-04-10,-0.007363113137702125
2017-04-11,-0.004217186551867379
2017-04-12,-0.0004946555974065482
2017-04-13,-0.0016025888055672811
2017-04-17,0.008499279573669742
2017-04-18,-0.001595116045130806
2017-04-19,0.007545029410389789
2017-04-20,0.004906131523151976
2017-04-21,0.003459313721833006
2017-04-24,0.009471915095030328
2017-04-25,0.0030764575275729392
2017-04-26,-0.0005024503103694548
2017-04-27,0.007337620109667196
2017-04-28,-0.002337348671494589
2017-05-01,0.007766086990773664
2017-05-02,0.00436763847665123
2017-05-03,0.0017755063470018323
2017-05-04,0.016704839061283398
2017-05-05,-0.012559277236679791
2017-05-08,0.0004763052944533546
2017-05-09,0.006254749378904474
2017-05-10,-0.009957830857444698
2017-05-11,-0.0027981192925867872
2017-05-12,-0.0011972706664027195
2017-05-15,0.0010312289373390212
2017-05-16,0.005443034618798913
2017-05-17,-0.01916083284020128
2017-05-18,0.002938891336195254
2017-05-19,-0.0019481579168732226
2017-05-22,-0.0012624401027962345
2017-05-23,0.0013779660684891462
2017-05-24,0.00407619223770784
2017-05-25,0.016335735730711592
2017-05-26,-0.005787073246046647
2017-05-30,0.007149591251414369
2017-05-31,0.007011778058471365
2017-06-01,0.0041698064434912314
2017-06-02,0.010574595975483034
2017-06-05,-0.0011043446391173295
2017-06-06,-0.012737965812835454
2017-06-07,0.014557786953762034
2017-06-08,0.004394047838548948
2017-06-09,-0.014470062800730115
2017-06-12,-0.003995811944359728
2017-06-13,0.0011130615260676233
2017-06-14,0.013194577704837429
2017-06-15,-0.0018652102687165702
2017-06-16,0.0015241111465696521
2017-06-19,0.012279026012165586
2017-06-20,0.00130104154831635
2017-06-21,0.008804369131108788
2017-06-22,-0.004669761437570747
2017-06-23,-0.006386636459356693
2017-06-26,-0.0039388644659051775
2017-06-27,-0.008898764340460438
2017-06-28,0.0009821583716107531
2017-06-29,-0.009938663682776433
2017-06-30,-0.0052681260372299124
2017-07-03,-0.003172386867455566
2017-07-05,0.016341140401097316
2017-07-06,-0.0012411879379879353
2017-07-07,0.012731920997619595
2017-07-10,-0.0027304324109996597
2017-07-11,-0.006687282632657523
2017-07-12,0.006199411276636076
2017-07-13,0.0008345305868652816
2017-07-14,-0.0006377343574250307
2017-07-17,-0.00482495694499599
2017-07-18,-0.002346744452628218
2017-07-19,-0.0044325341747335385
2017-07-20,0.005472884226583417
2017-07-21,0.005516912641828387
2017-07-24,0.00448335800987852
2017-07-25,-0.012337466671203308
2017-07-26,-0.001449070941180408
2017-07-27,-0.011024171318237389
2017-07-28,-0.0017380068523781672
2017-07-31,0.0003495929226840093
2017-08-01,0.005545652214622022
2017-08-02,0.004429218687631282
2017-08-03,0.004565826453860718
2017-08-04,0.0040349912042962266
2017-08-07,0.003387283942086982
2017-08-08,-0.0037423100229923676
2017-08-09,-0.010478522433110813
2017-08-10,-0.01826646725486649
2017-08-11,0.0020256068768739408
2017-08-14,0.01528216447819476
2017-08-15,0.00642268985171989
2017-08-16,0.0024056924161151233
2017-08-17,-0.011487954661559932
2017-08-18,-0.0036966677135060657
2017-08-21,0.002206660480204853
2017-08-22,0.00793559008012383
2017-08-23,-0.00791462054624035
2017-08-24,0.0024038533224017594
2017-08-25,0.0020040739117227996
2017-08-28,-0.0011185876180272178
2017-08-29,-0.0005557189818641372
2017-08-30,0.0055343769733245006
2017-08-31,-0.005907116797203983
2017-09-01,-0.0041676534634588515
2017-09-05,-0.01009860897998629
2017-09-06,-0.0026967610271589368
2017-09-07,0.0006268686059090687
2017-09-08,0.007986860917565867
2017-09-11,0.006306816711596505
2017-09-12,-0.007230879259935643
2017-09-13,-0.008687465528808547
2017-09-14,-0.0017630154917083203
2017-09-15,0.003564085585007308
2017-09-18,7.173893229742037e-05
2017-09-19,0.002505793831008837
2017-09-20,-0.003284040423369338
2017-09-21,0.003741856073427575
2017-09-22,-0.0034807634655780783
2017-09-25,-0.01989373089237785
2017-09-26,0.00030498588877181083
2017-09-27,-0.003119585357324998
2017-09-28,0.0027691834972182745
2017-09-29,0.007976870190489942
2017-10-02,0.004726607365395511
2017-10-03,0.00595013288413064
2017-10-04,-0.0013491686790120176
2017-10-05,-0.00045734965436287586
2017-10-06,0.005666490814728337
2017-10-09,0.0005008335379304049
2017-10-10,-0.0009389330701297932
2017-10-11,-0.0007018368702045697
2017-10-12,-0.0011798987789298397
2017-10-13,0.0009392217006066227
2017-10-16,0.0025568921681301906
2017-10-17,-0.0025569209184827884
2017-10-18,0.0032540727649155447
2017-10-19,-0.001471938742420258
2017-10-20,0.002140779798687034
2017-10-23,-0.0003612117714000757
2017-10-24,0.0011358575708337064
2017-10-25,0.003619569883673826
2017-10-26,0.006203471141026967
2017-10-27,0.005303493815014087
2017-10-30,-0.0019339647176021676
2017-10-31,0.0042932382972222126
2017-11-01,-0.004713837508350002
2017-11-02,-0.003425742892645481
2017-11-03,0.004019016484468781
2017-11-06,-0.014251723216185657
2017-11-07,0.0011468818546807806
2017-11-08,9.023903243273452e-05
2017-11-09,-0.007309721776290893
2017-11-10,0.004505630007915926
2017-11-13,0.002787638991662212
2017-11-14,0.00743033398104151
2017-11-15,-0.0034161464507785947
2017-11-16,0.003932511223182079
2017-11-17,-0.011884869476779794
2017-11-20,0.007806777336794588
2017-11-21,0.0059986561932307714
2017-11-22,-0.003917936017106941
2017-11-24,0.00913345463144796
2017-11-27,-0.004379045352383057
2017-11-28,-0.0002914978687607768
2017-11-29,-0.005915475296140078
2017-11-30,0.010661425694283107
2017-12-01,-0.0070446280362114954
2017-12-04,-0.0006235012748512538
2017-12-05,0.0020172040118305104
2017-12-06,-0.00030119170542523545
2017-12-07,0.013188798559169726
2017-12-08,-0.0014840625407804386
2017-12-11,0.0012980352267039192
2017-12-12,1.0617458219225133e-05
2017-12-13,-0.0028562093499924605
2017-12-14,0.0026837902343774373
2017-12-15,0.005222252186569926
2017-12-18,-0.005350213254184766
2017-12-19,2.3125129377990885e-06
2017-12-20,-3.714789739197314e-05
2017-12-21,-0.002020873895259935
2017-12-22,-0.003125399567426654
2017-12-26,-0.0061962170396094775
2017-12-27,-0.0030651154234277774
2017-12-28,-0.007188513447423289
2017-12-29,-0.004044549255879097
2018-01-02,-0.0072302695758826255
2018-01-03,0.009087218050646554
2018-01-04,0.0058533094053994815
2018-01-05,0.007604998108384182
2018-01-08,0.00211583687433903
2018-01-09,0.000631687949365428
2018-01-10,0.00013534862160079024
2018-01-11,-0.003950722160298525
2018-01-12,-0.0020781610461487114
2018-01-16,-0.002566544545354114
2018-01-17,0.0022170170230661757
2018-01-18,0.0025472272988228055
2018-01-19,0.003790398452245518
2018-01-22,-0.000441110244700433
2018-01-23,-0.002582700660781924
2018-01-24,-0.010194523481818405
2018-01-25,-0.0045596667111499865
2018-01-26,0.0034602008583210927
2018-01-29,-0.0008692742269598791
2018-01-30,-0.0020466075587092097
2018-01-31,0.0030191859079860385
2018-02-01,0.00018582364309743403
2018-02-02,-0.00427643708618034
2018-02-05,-0.010043565500959407
2018-02-06,0.013304909518916249
2018-02-07,-0.0013451117303192473
2018-02-08,-0.010611622151744436
2018-02-09,0.0006205877189413032
2018-02-12,0.00589611310234978
2018-02-13,-0.000884437011206387
2018-02-14,0.003888997487392498
2018-02-15,0.0021272067327793233
2018-02-16,0.0016416391115174225
2018-02-20,-0.0025112538885820605
2018-02-21,0.005602469545244749
2018-02-22,-0.005009435303332376
2018-02-23,-0.0009676532238408473
2018-02-26,0.004482045652424501
2018-02-27,0.0024697016471543452
2018-02-28,-0.00204309732091286
2018-03-01,-0.012058965789792096
2018-03-02,0.001352936891584908
2018-03-05,-0.0003922398915843858
2018-03-06,-0.0012359889212199364
2018-03-07,-0.0004840346845707192
2018-03-08,-0.001010266216392447
2018-03-09,0.004909675479811787
2018-03-12,-0.0023985748409159403
2018-03-13,-0.004359330130116434
2018-03-14,0.00044248335819937687
2018-03-15,0.004329990724109613
2018-03-16,-0.004720929636732493
2018-03-19,0.0006724768320154886
2018-03-20,0.0010057022664657017
2018-03-21,-0.0035237870328347996
2018-03-22,-0.006650618868298986
2018-03-23,0.00034758286474528247
2018-03-26,0.0021824955108141896
2018-03-27,-0.011205349146070393
2018-03-28,-0.008638395952761587
2018-03-29,0.0008148041608776543
2018-04-02,-0.0017008897173885107
2018-04-03,-0.00220639167779696
2018-04-04,-0.0020244111540729222
2018-04-05,-0.004244102523712128
2018-04-06,-0.004647483285318053
2018-04-09,0.0026052716378419595
2018-04-10,0.006236901990624067
2018-04-11,-0.0013536680770074416
2018-04-12,0.005266764251549568
2018-04-13,-0.008960959570062401
2018-04-16,-0.007324484794517209
2018-04-17,0.0010894341853887773
2018-04-18,-3.4634156316547563e-05
2018-04-19,0.004527273009914461
2018-04-20,-0.0010139877162190125
2018-04-23,-0.0019738608368597512
2018-04-24,-0.006490192190013655
2018-04-25,-0.0026672741248632633
2018-04-26,5.045335340154197e-05
2018-04-27,-0.0019877499760592183
2018-04-30,0.0034392429483418177
2018-05-01,-0.0022708792693422815
2018-05-02,0.003412732901859796
2018-05-03,0.001992716994698714
2018-05-04,0.0029769807331245937
2018-05-07,-0.00014769703357962448
2018-05-08,0.0031605177763806523
2018-05-09,0.0030909859795386547
2018-05-10,-0.004966261986062792
2018-05-11,-0.002374164073186481
2018-05-14,0.004436402285738126
2018-05-15,0.005610684268879379
2018-05-16,0.0010374292244134083
2018-05-17,0.004800816662757847
2018-05-18,0.001062550113025058
2018-05-21,0.004871162120806529
2018-05-22,-0.0060594035531597035
2018-05-23,-0.0014634005087359012
2018-05-24,-0.0030829719708236896
2018-05-25,-0.01131446689923439
2018-05-29,0.006512432713088966
2018-05-30,0.006199714268976911
2018-05-31,-0.0020443423754472247
2018-06-01,-0.004763369858992945
2018-06-04,-0.006761346983439625
2018-06-05,0.01159708146938857
2018-06-06,-0.0027741050368271444
2018-06-07,0.012111337332061652
2018-06-08,-0.01169968985601605
2018-06-11,0.001670736994120656
2018-06-12,-0.0011439580773376103
2018-06-13,0.0021994884799913434
2018-06-14,0.00559401052955897
2018-06-15,-0.013041634845116907
2018-06-18,0.01382893874553867
2018-06-19,-0.0034835519465321067
2018-06-20,0.0021476795637992803
2018-06-21,-0.00010396337702342682
2018-06-22,0.003517003597600307
2018-06-25,-0.014592918141051675
2018-06-26,0.010733293524591483
2018-06-27,0.009642513185475
2018-06-28,-0.005864436437701954
2018-06-29,-0.005267082317253698
2018-07-02,0.0072504698802906145
2018-07-03,-0.009448570806154761
2018-07-05,-0.0046590118675799725
2018-07-06,8.610008535248504e-06
2018-07-09,-0.0002946921001400945
2018-07-10,-0.0016706253270022673
2018-07-11,-0.0013122020768420572
2018-07-12,-0.003278850483805473
2018-07-13,-0.0020275350696991237
2018-07-16,-0.008680177474322153
2018-07-17,-0.003624534843137985
2018-07-18,0.004939131794455949
2018-07-19,0.0065000484517870405
2018-07-20,-0.014262358277365897
2018-07-23,0.005147547377692918
2018-07-24,-0.012087557927334779
2018-07-25,-0.00433545253084053
2018-07-26,0.006436684667519623
2018-07-27,-0.01672917222748091
2018-07-30,-0.003062893669073059
2018-07-31,0.002863408493775694
2018-08-01,0.003849501697114687
2018-08-02,0.01389622148106984
2018-08-03,-0.010432779313539418
2018-08-06,0.008943663669388735
2018-08-07,-0.0016130381830543362
2018-08-08,-0.003428799345147924
2018-08-09,0.002735024069621348
2018-08-10,0.018411541690674875
2018-08-13,0.005028974915753006
2018-08-14,-0.0005166939336641
2018-08-15,0.0067615229353478615
2018-08-16,0.0038295686166177297
2018-08-17,-0.0043198373360859845
2018-08-20,0.00043992274714295745
2018-08-21,0.00036771915710289045
2018-08-22,-0.0019983650794270598
2018-08-23,0.013891147102783512
2018-08-24,-0.007491407998950449
2018-08-27,-0.008484290731788233
2018-08-28,0.009031619829142842
2018-08-29,-0.0003789538767252326
2018-08-30,0.014443053618864244
2018-08-31,-0.0013325482401766208
2018-09-04,0.015107164805430253
2018-09-05,0.0004075615633306243
2018-09-06,-0.008062138191744764
2018-09-07,0.0007937329580376426
2018-09-10,0.005038602906654864
2018-09-11,0.008353022961707085
2018-09-12,-0.00870607431142309
2018-09-13,-0.0019371430348047967
2018-09-14,0.0005720308858278365
2018-09-17,-0.011051384351438211
2018-09-18,-0.0025898716650132945
2018-09-19,-0.006312368895466732
2018-09-20,-0.003822126000434773
2018-09-21,-0.0019259707834802886
2018-09-24,0.005171454021874525
2018-09-25,-0.005719815689328236
2018-09-26,-0.0011650211418217944
2018-09-27,0.002851922741481259
2018-09-28,0.005312937765302667
2018-10-01,0.001278353579930901
2018-10-02,-0.011244442547207186
2018-10-03,0.0032131811047301727
2018-10-04,-0.00021221111453356803
2018-10-05,-0.002615349160317961
2018-10-08,-0.0040867191500705774
2018-10-09,0.0046654772686401755
2018-10-10,-0.014582641407685585
2018-10-11,-0.022458294610507933
2018-10-12,0.0020597889348393564
2018-10-15,0.00039865522933297463
2018-10-16,0.003111449781574069
2018-10-17,0.003169714524975448
2018-10-18,0.0003263642767585953
2018-10-19,-0.002499498944357911
2018-10-22,-0.00125595776034325
2018-10-23,-0.008650463222912418
2018-10-24,0.00029960912454285953
2018-10-25,0.006419700006133112
2018-10-26,-0.007128182660429486
2018-10-29,0.0010901373041150228
2018-10-30,-0.0029028519649879126
2018-10-31,0.0030554499446089735
2018-11-01,-0.019458274722285177
2018-11-02,-0.006798704375822742
2018-11-05,0.007897916310297562
2018-11-06,0.0018901512307787091
2018-11-07,0.004937559450824273
2018-11-08,0.010127079553393096
2018-11-09,0.007659894000065878
2018-11-12,0.004945561287496499
2018-11-13,-0.010382449020715261
2018-11-14,0.01311172056646738
2018-11-15,-0.018712542548848896
2018-11-16,0.009119765789123975
2018-11-19,-0.0003348462321109307
2018-11-20,-0.012725519415464421
2018-11-21,-0.006195001619928554
2018-11-23,-0.0004905677091403837
2018-11-26,-0.00576079399010533
2018-11-27,0.0075530140229340655
2018-11-28,0.010814569906046931
2018-11-29,0.000126142340082481
2018-11-30,0.009500652687811433
2018-12-03,-0.010771658845872473
2018-12-04,0.00039078123379818674
2018-12-06,0.0005008122474054423
2018-12-07,-0.008657031378758721
2018-12-10,0.007345546248034074
2018-12-11,-0.0020005422527934235
2018-12-12,-0.013505344280570224
2018-12-13,0.0020223569475930543
2018-12-14,-0.01123315716402399
2018-12-17,-0.018916754121155246
2018-12-18,0.008109738954190157
2018-12-19,-0.008500807641529183
2018-12-20,-0.001332815354360784
2018-12-21,0.0012090663700477255
2018-12-24,-0.010316859828480084
2018-12-26,-0.0031138128499429247
2018-12-27,0.010344316680003308
2018-12-28,-0.005357746171291784
2018-12-31,-0.010564854338102893
2019-01-02,-0.0006989324435888859
2019-01-03,-0.008299852287405244
2019-01-04,-0.0008619636730896301
2019-01-07,-0.009629616005079888
2019-01-08,0.0016442799347242943
2019-01-09,-0.011324632410132885
2019-01-10,0.0024519243890888842
2019-01-11,0.008485562598836505
2019-01-14,0.014546922107072466
2019-01-15,-7.049007151814381e-05
2019-01-16,-0.006075270532778333
2019-01-17,0.0014302144071436074
2019-01-18,-0.003684941109427864
2019-01-22,-0.004401826980208542
2019-01-23,0.004356801408149492
2019-01-24,0.00315593817861542
2019-01-25,-0.0040034198688258535
2019-01-28,-0.007920951139075478
2019-01-29,-0.002837891061336437
2019-01-30,0.000201681241870866
2019-01-31,0.008437002330374414
2019-02-01,-0.008358391763072967
2019-02-04,0.0019365328212555695
2019-02-05,0.0053043265938622275
2019-02-06,-0.00437874004170159
2019-02-07,0.009208656836689246
2019-02-08,0.005729907503795526
2019-02-11,-0.0031966468678365717
2019-02-12,-0.0029660504638606617
2019-02-13,-0.003105170803507357
2019-02-14,0.0025750941115355924
2019-02-15,-0.008944040374909205
2019-02-19,-0.0024443097744133967
2019-02-20,-0.008382365190679046
2019-02-21,0.001332900904933713
2019-02-22,0.004486865801699345
2019-02-25,0.0010415434277165421
2019-02-26,-0.0011013642147202816
2019-02-27,-0.0022340451361246207
2019-02-28,-0.0015765525809730652
2019-03-01,-0.001965591679180437
2019-03-04,-0.0012762934691403294
2019-03-05,-0.0004837394458517381
2019-03-06,-0.0025090197263376085
2019-03-07,0.0028087775030727086
2019-03-08,0.0058908108354968165
2019-03-11,0.007975338727229686
2019-03-12,5.9151162664795076e-05
2019-03-13,-0.003682229439379805
2019-03-14,-0.00244787656211486
2019-03-15,0.0014769581151264015
2019-03-18,-0.007871391980114592
2019-03-19,0.0010958091698988661
2019-03-20,-0.002982992533350182
2019-03-21,0.0052028594385337195
2019-03-22,0.0047825813299939195
2019-03-25,0.0014601967285112784
2019-03-26,0.0024707836190341675
2019-03-27,-0.01050495221263678
2019-03-28,0.0025563008279579544
2019-03-29,0.003695669022732095
2019-04-01,-0.008232392695534031
2019-04-02,0.004447136125419203
2019-04-03,-0.0009072620532947898
2019-04-04,-0.005325056684194826
2019-04-05,-0.001766986972521495
2019-04-08,-0.00407502480760971
2019-04-09,0.0012122115329455613
2019-04-10,0.00045981401240772633
2019-04-11,0.0025855674192616336
2019-04-12,-0.002532726901815764
2019-04-15,0.0020289655308556023
2019-04-16,-0.007583167324319996
2019-04-17,-0.003987247595294185
2019-04-18,0.0076896581963084455
2019-04-22,-0.004600244309630121
2019-04-23,0.006134492885814549
2019-04-24,0.006709790637548728
2019-04-25,-0.0030164414371838468
2019-04-26,-0.0020495239915103666
2019-04-29,-0.005512720653131205
2019-04-30,0.005843976274043643
2019-05-01,0.0044793769676549225
2019-05-02,0.004693839326596923
2019-05-03,-0.002320918943998735
2019-05-06,0.0003169886535793643
2019-05-07,-0.004640989015634321
2019-05-08,-0.0036624286145817675
2019-05-09,0.0034411374620186745
2019-05-10,0.001492493812130125
2019-05-13,0.00028614026879222995
2019-05-14,-0.0009022244775770268
2019-05-15,0.004660520774875494
2019-05-16,0.006958828308730268
2019-05-17,0.00345944858546536
2019-05-20,-0.008751664734924726
2019-05-21,-0.0005568299754045111
2019-05-22,0.0069379604911678685
2019-05-23,0.003252411478508383
2019-05-24,-0.0013653321036147194
2019-05-28,-0.0016965472195382284
2019-05-29,-0.007592800416349161
2019-05-30,0.007514851470485691
2019-05-31,0.0018030467245200288
2019-06-03,-0.010483573756998274
2019-06-04,0.0017998681799802304
2019-06-05,0.0166588848751348
2019-06-06,0.0014288131177966803
2019-06-07,0.002695231109631708
2019-06-10,0.004168390824315232
2019-06-11,-0.007362175445105657
2019-06-12,0.008734414730192297
2019-06-13,-0.0010241578836180814
2019-06-14,0.0010437250163473496
2019-06-17,-0.0030777888297183207
2019-06-18,-0.004858285218598091
2019-06-19,0.0006533132313393533
2019-06-20,-0.00036503750996045073
2019-06-21,-0.004961055718567337
2019-06-24,-0.0029294514306991235
2019-06-25,-0.005214605517611685
2019-06-26,-0.010842668738852448
2019-06-27,-0.0013132438786799111
2019-06-28,-0.0040775174087366115
2019-07-01,0.007741407361618102
2019-07-02,0.01249971431836971
2019-07-03,0.004025582097245415
2019-07-05,-0.00823136996883619
2019-07-08,0.005160638961315246
2019-07-09,0.00017938642087266554
2019-07-10,-0.003661746892424036
2019-07-11,0.002915904820746539
2019-07-12,-0.002324864614014389
2019-07-15,0.0066413913255847345
2019-07-16,0.0040119026883879355
2019-07-17,0.006675990617133265
2019-07-18,0.008332941125647664
2019-07-19,-0.008409197849695918
2019-07-22,-0.0008544794856882216
2019-07-23,-0.0014702209227309714
2019-07-24,0.004208261279479079
2019-07-25,8.440588317331753e-05
2019-07-26,0.004049775132941086
2019-07-29,0.005557542167844209
2019-07-30,-0.008462747835684249
2019-07-31,-0.014529203586829713
2019-08-01,0.024153018009299757
2019-08-02,0.0022657058609597495
2019-08-05,0.002208678438720094
2019-08-06,0.008373632978606719
2019-08-07,0.009646658367426427
2019-08-08,0.003941250384319439
2019-08-09,-0.003077216623561632
2019-08-12,-0.002324959448404733
2019-08-13,-0.0016787657209072597
2019-08-14,0.0005192593904888902
2019-08-15,0.002392762972603788
2019-08-16,-0.0021734273472579727
2019-08-19,-0.005878862125689552
2019-08-20,0.0025428358761344556
2019-08-21,0.004876699037602299
2019-08-22,0.001985323615650434
2019-08-23,0.0008768747637942888
2019-08-26,-0.0018354319379652812
2019-08-27,0.0057118136517543714
2019-08-28,-0.006676433853864001
2019-08-29,-0.0054444033918334455
2019-08-30,0.004248646730068469
2019-09-03,0.0033900461029212005
2019-09-04,-0.0038147534594152035
2019-09-05,-0.01097687932793462
2019-09-06,-0.006905002697549813
2019-09-09,-0.02014441697165146
2019-09-10,-0.00764327083366796
2019-09-11,0.0046961756528422355
2019-09-12,0.0022197056826960956
2019-09-13,-0.014489148575109781
2019-09-16,-0.011316670530025361
2019-09-17,0.01570394969185772
2019-09-18,0.001819656450842573
2019-09-19,0.006049798774314512
2019-09-20,-0.005555970948676092
2019-09-23,0.003899991949483742
2019-09-24,0.006465336921177324
2019-09-25,-7.667955003328694e-05
2019-09-26,0.005493724617940223
2019-09-27,-0.005240086064225924
2019-09-30,0.004234023943623371
2019-10-01,0.0050455914573274575
2019-10-02,0.003993465963946114
2019-10-03,-0.0026177194244433382
2019-10-04,0.008732654805230495
2019-10-07,-0.00014117585499216222
2019-10-08,0.0043447965584086125
2019-10-09,0.0025886468036537013
2019-10-10,-0.004090757448212397
2019-10-11,-0.010014964059487758
2019-10-14,0.002575739990766876
2019-10-15,-0.003006734931063835
2019-10-16,0.0029999123526739876
2019-10-17,-0.0005423717753178151
2019-10-18,0.0008587995677522386
2019-10-21,0.0008074923678764498
2019-10-22,-0.006495312044567558
2019-10-23,-0.00564442356535503
2019-10-24,0.006572502677076222
2019-10-25,-0.001591219907312114
2019-10-28,-0.007876770144852637
2019-10-29,-0.003974971219600933
2019-10-30,0.008673263391477871
2019-10-31,0.0042721838600906755
2019-11-01,-0.009658451185316894
2019-11-04,-0.012899175604301025
2019-11-05,-0.007792382491570838
2019-11-06,0.010057457312319952
2019-11-07,-0.007535448950176595
2019-11-08,-0.0023133204746070535
2019-11-11,0.008015093960685003
2019-11-12,0.004392788918208443
2019-11-13,0.004393290541228551
2019-11-14,0.005788508980721503
2019-11-15,-0.004837505140022805
2019-11-18,0.013587458452619933
2019-11-19,0.005324043079125353
2019-11-20,-0.008656857692716657
2019-11-21,-0.011646644927170829
2019-11-22,-0.0039140783232360496
2019-11-25,0.0077236340673463655
2019-11-26,0.010191690027126764
2019-11-27,0.0017391804110816833
2019-11-29,0.015146691654581232
2019-12-02,-0.009368785233431591
2019-12-03,-0.0041373979774067616
2019-12-04,-0.003982626707035447
2019-12-05,0.004773307693675943
2019-12-06,-0.002563128552398036
2019-12-09,0.0022941873026062452
2019-12-10,-0.0021504862261257146
2019-12-11,0.007609080515125979
2019-12-12,-0.00847700922880332
2019-12-13,0.005102522517840458
2019-12-16,-0.004706477815581794
2019-12-17,-0.0043668377658251855
2019-12-18,-0.0015064065560517364
2019-12-19,-0.0014052122048405775
2019-12-20,0.0016314099705479637
2019-12-23,0.0035458240607261155
2019-12-24,0.003005252639533243
2019-12-26,-0.0036071362048064348
2019-12-27,0.0007747887156910873
2019-12-30,0.0019692473283938554
2019-12-31,-0.0007625140420647047
2020-01-02,0.004721235887614798
2020-01-03,-0.0044672002392774956
2020-01-06,-0.00012919507548819688
2020-01-07,0.00033497669591819266
2020-01-08,0.006571785804654648
2020-01-09,0.0022054921807550753
2020-01-10,-0.003726046282428763
2020-01-13,0.0006266043389016838
2020-01-14,0.0038383304753811854
2020-01-15,0.008960068094163807
2020-01-16,0.0063670114820607035
2020-01-17,0.00670926561965921
2020-01-21,0.017868321171990987
2020-01-22,0.005579669320841897
2020-01-23,0.003910123290631337
2020-01-24,0.004786693828949262
2020-01-27,0.0020868442247192875
2020-01-28,0.0020640469546384936
2020-01-29,0.004230170526464005
2020-01-30,0.0040687219821168175
2020-01-31,-0.0021057514653346683
2020-02-03,0.010684048293227272
2020-02-04,0.001549752931085872
2020-02-05,-0.0049479836778128375
2020-02-06,0.006091186511768949
2020-02-07,0.0014124286838415917
2020-02-10,0.01809610840743061
2020-02-11,-0.004775309236071037
2020-02-12,-0.005189819441652592
2020-02-13,0.003266237251100083
2020-02-14,0.003197428001364029
2020-02-18,-0.006053495933617375
2020-02-19,-0.0018816428812944066
2020-02-20,0.0009447547215638987
2020-02-21,-0.0016047628263059287
2020-02-24,0.003031568042038368
2020-02-25,-0.005205334327267077
2020-02-26,0.011989547734662856
2020-02-27,-0.0068857126622914435
2020-02-28,-0.0019551731081507372
2020-03-02,0.020036147828323848
2020-03-03,-0.008993142293740833
2020-03-04,0.026052044825279546
2020-03-05,0.005967056596405929
2020-03-06,0.021320224102081134
2020-03-09,0.04761998666588111
2020-03-10,-0.02711342142538783
2020-03-11,-0.005182029281827622
2020-03-12,-0.012634319145971847
2020-03-13,0.00029074826743431684
2020-03-16,-0.027195575931892202
2020-03-17,0.036682208876823996
2020-03-18,0.03118185145059307
2020-03-19,-0.03476260661461727
2020-03-20,-0.013836757485623168
2020-03-23,0.009833147099236722
2020-03-24,0.00775232275671794
2020-03-25,-0.010523480693015067
2020-03-26,0.030045313188247682
2020-03-27,0.009115958116771617
2020-03-30,0.02527817348514373
2020-03-31,-0.0201427602273618
2020-04-01,-0.00895215401879054
2020-04-02,-0.021282737487142232
2020-04-03,-0.035258735942237836
2020-04-06,0.031327512206745754
2020-04-07,-0.012895106508099084
2020-04-08,0.004034308775846707
2020-04-09,0.009601431653926263
2020-04-13,-0.002958929666551121
2020-04-14,0.03895402044192987
2020-04-15,0.012275340745088065
2020-04-16,0.01586823065234276
2020-04-17,-0.011849594982603896
2020-04-20,-0.0008666429316135662
2020-04-21,0.020668947437989055
2020-04-22,0.018669477097605497
2020-04-23,-0.006255405417911392
2020-04-24,0.022837543046390813
2020-04-27,0.009771902120449573
2020-04-28,-0.016632246712911566
2020-04-29,-0.0151703956315736
2020-04-30,-0.014683143608587983
2020-05-01,0.007346958030029391
2020-05-04,-0.010261033200534507
2020-05-05,-0.006026528539995391
2020-05-06,0.019386224854188797
2020-05-07,0.008724940290000704
2020-05-08,-0.011298863220103598
2020-05-11,0.01695260800692083
2020-05-12,0.0022233181639704433
2020-05-13,0.011199412722103239
2020-05-14,-0.00032146272851255145
2020-05-15,0.007353196333916024
2020-05-18,-0.03214226829726607
2020-05-19,0.00569749895495797
2020-05-20,-0.002748647123787484
2020-05-21,-0.013702314216554417
2020-05-22,0.007727658468256346
2020-05-26,-0.028460130640911272
2020-05-27,0.00048080514891648185
2020-05-28,0.0038443610933520766
2020-05-29,0.004308389496796848
2020-06-01,-0.006230433340122943
2020-06-02,-0.013241011733266209
2020-06-03,-0.012693652997358978
2020-06-04,-0.007546502004497287
2020-06-05,-0.014300296492889402
2020-06-08,-0.007990230798596114
2020-06-09,0.014388126359185262
2020-06-10,0.01673178130330929
2020-06-11,-0.0047204784179088076
2020-06-12,-0.004308056880156567
2020-06-15,0.015401456029795271
2020-06-16,0.008084733947625095
2020-06-17,0.0035241719578853496
2020-06-18,-0.0012321983954257118
2020-06-19,0.0030540129775782684
2020-06-22,0.008682144351757914
2020-06-23,0.00836308010482304
2020-06-24,0.007218606391775918
2020-06-25,0.005210882067509754
2020-06-26,0.002034373422272117
2020-06-29,-0.01572540048745966
2020-06-30,0.00991567637748355
2020-07-01,0.0011520743837515183
2020-07-02,-0.004307471525643119
2020-07-06,0.000615732531685224
2020-07-07,0.008115795395630362
2020-07-08,0.012009405895600019
2020-07-09,0.014112725293817706
2020-07-10,-0.012638157823245164
2020-07-13,-0.005204276388641679
2020-07-14,0.008826921040877697
2020-07-15,-0.003775063278749202
2020-07-16,0.003150390708927934
2020-07-17,0.009329753975779937
2020-07-20,0.020750742802226715
2020-07-21,-0.016578397210155114
2020-07-22,0.008792740170536292
2020-07-23,-0.016092597502393537
2020-07-24,-0.0026226248288229647
2020-07-27,0.029673097017301746
2020-07-28,-0.016186929287929322
2020-07-29,-0.0033049475460077433
2020-07-30,0.00839487677487495
2020-07-31,0.01232257790867436
2020-08-03,-0.00712515056051354
2020-08-04,0.0032682029798050405
2020-08-05,0.00026517410943836166
2020-08-06,0.013276284275468897
2020-08-07,-0.017424884798797946
2020-08-10,-0.0006568388930729951
2020-08-11,-0.028337972863466118
2020-08-12,0.006710935616445345
2020-08-13,0.015660421376178495
2020-08-14,-0.01406986002458405
2020-08-17,0.02124258114646979
2020-08-18,0.0004711147225538995
2020-08-19,-0.00590372810086711
2020-08-20,0.012071314143898008
2020-08-21,0.0019992997719449467
2020-08-24,-0.01003626631024606
2020-08-25,0.002906120623093344
2020-08-26,0.021247834645859692
2020-08-27,-0.016063600706150347
2020-08-28,0.003154163592437937
2020-08-31,0.011036046444420636
2020-09-01,0.010954148697649001
2020-09-02,0.003210066905493419
2020-09-03,-0.027078050196280307
2020-09-04,-0.008148467324353884
2020-09-08,0.004325373779154427
2020-09-09,0.014548914048142486
2020-09-10,0.00571590316764282
2020-09-11,-0.0014467069140014686
2020-09-14,0.008693974391579403
2020-09-15,0.0024374024855298875
2020-09-16,-0.011356814484339775
2020-09-17,-0.004341313745165081
2020-09-18,-0.0016014565478345048
2020-09-21,-0.0016535779849680427
2020-09-22,0.01246096326357319
2020-09-23,-0.016825396924355668
2020-09-24,-0.0037238037958570234
2020-09-25,0.005896564762834929
2020-09-28,0.010337806139598515
2020-09-29,0.011581878361082803
2020-09-30,-0.003704952719506964
2020-10-01,0.017575830270827267
2020-10-02,-0.010005230879726225
2020-10-05,-0.0035617622584334504
2020-10-06,-0.011053094445525652
2020-10-07,0.008997282915392502
2020-10-08,-0.009836784487563442
2020-10-09,0.017044098843334243
2020-10-12,0.0051989657865558585
2020-10-13,0.0017127514703841047
2020-10-14,-0.0007532424794198931
2020-10-15,-0.0041451039990182985
2020-10-16,0.0019671806176998364
2020-10-19,-0.0034284956171083732
2020-10-20,-0.004429840067972789
2020-10-21,0.0033030266459098292
2020-10-22,-0.017423939785931472
2020-10-23,0.005802528860860836
2020-10-26,-0.002797641715017351
2020-10-27,0.007450791997431242
2020-10-28,0.0007683749516274257
2020-10-29,0.0016388003444269628
2020-10-30,-0.00917975989874786
2020-11-02,-0.004857906518543607
2020-11-03,0.008395591723325125
2020-11-04,0.015162868172578224
2020-11-05,0.010608235238193502
2020-11-06,0.0028394271773925987
2020-11-09,-0.06308116067345579
2020-11-10,-0.017739366587756513
2020-11-11,0.008925755055537313
2020-11-12,0.008661812667246662
2020-11-13,-0.0008031783664629805
2020-11-16,-0.003284371774761263
2020-11-17,-0.007815505181997374
2020-11-18,0.002278867321675826
2020-11-19,0.0010999643524196745
2020-11-20,-0.00041128817176709875
2020-11-23,-0.009240927724249821
2020-11-24,-0.016807345045958596
2020-11-25,-0.0023016370426096936
2020-11-27,0.014006045968273121
2020-11-30,0.00923969457947648
2020-12-01,0.005206716327299651
2020-12-02,-0.003117397515789289
2020-12-03,0.00816458577459886
2020-12-04,-0.009042410533094063
2020-12-07,0.015789418555617288
2020-12-08,-0.001507516841231414
2020-12-09,-0.006347417813694115
2020-12-10,-0.01421170596157952
2020-12-11,0.00011487898819065811
2020-12-14,0.007983481041934226
2020-12-15,0.0020556318101378557
2020-12-16,-8.568999403437896e-05
2020-12-17,0.002912576367580387
2020-12-18,0.001189671439554276
2020-12-21,0.01013578809227045
2020-12-22,0.004006237904848046
2020-12-23,-0.0007560026141329271
2020-12-24,0.0032689081282832244
2020-12-28,0.011368250665102723
2020-12-29,-0.00910303366612539
2020-12-30,0.005320422872447518
2020-12-31,-0.008165189695906138
2021-01-04,0.003298138013716076
2021-01-05,-0.005759773214800959
2021-01-06,0.0019244899555895185
2021-01-07,0.013306566900873805
2021-01-08,-0.0023248876134989607
2021-01-11,-0.0019011413844849962
2021-01-12,0.0001796510241672375
2021-01-13,-0.00478933993417115
2021-01-14,0.009289296530058068
2021-01-15,-0.013240533040154642
2021-01-19,0.017161867682068177
2021-01-20,-0.0019725838301735397
2021-01-21,0.007074117117002779
2021-01-22,0.005575401310576822
2021-01-25,-0.0008077185482538375
2021-01-26,-0.00367967025973523
2021-01-27,5.710779545171182e-05
2021-01-28,-0.007783920128071744
2021-01-29,0.010681174196733211
2021-02-01,-0.0005430095835379069
2021-02-02,-0.011711917334253048
2021-02-03,-0.0022906845220720478
2021-02-04,-0.007290325778672813
2021-02-05,0.008609359066651393
2021-02-08,0.008744820450962284
2021-02-09,0.000715709994001757
2021-02-10,-0.01183923039328523
2021-02-11,0.007009673476356449
2021-02-12,-0.002035854761946325
2021-02-16,-0.006017021160786641
2021-02-17,-0.004870351591878199
2021-02-18,-0.006141261183511869
2021-02-19,0.011818979891414425
2021-02-22,-0.004769691737291093
2021-02-23,-0.009077630615651268
2021-02-24,0.010881565561671023
2021-02-25,-0.0075734763454354485
2021-02-26,0.0067289086134448145
2021-03-01,0.017869359920416134
2021-03-02,-0.017118366655650377
2021-03-03,-0.006368107120745192
2021-03-04,-0.016090476381860074
2021-03-05,0.005368772920426557
2021-03-08,0.0029721533769153023
2021-03-09,0.01390667679569058
2021-03-10,-0.006215939159772386
2021-03-11,0.007359917642175889
2021-03-12,-0.0017693613146965534
2021-03-15,-0.002670955931905712
2021-03-16,-0.010694930462963204
2021-03-17,0.00041233874842457144
2021-03-18,-0.018375465112764416
2021-03-19,0.009775124833886154
2021-03-22,-0.0010779955719354389
2021-03-23,-0.019423741704738588
2021-03-24,-0.007180193139391526
2021-03-25,0.0008958077259968696
2021-03-26,0.012511717423664855
2021-03-29,-0.010980610361546963
2021-03-30,0.003859201652814285
2021-03-31,0.0009531466738565386
2021-04-01,0.0069170156979057335
2021-04-05,-0.012435839811823555
2021-04-06,-0.0013503044797455487
2021-04-07,-0.0035674568036101573
2021-04-08,-0.007632169549103353
2021-04-09,0.010196515803783307
2021-04-12,-0.00017029483294021656
2021-04-13,-0.009123193939304254
2021-04-14,0.0015465807630654894
2021-04-15,-0.006296600738985733
2021-04-16,-0.0003606193289698682
2021-04-19,-0.006993400594320018
2021-04-20,-0.007922773138367879
2021-04-21,0.0029210775506435037
2021-04-22,-0.005350728620807248
2021-04-23,0.01165789642918716
2021-04-26,-0.001990523022152868
2021-04-27,0.007992358375516356
2021-04-28,-0.01006089961716361
2021-04-29,0.009488091494325678
2021-04-30,0.0010811644602901926
2021-05-03,0.007230396023877088
2021-05-04,0.01609446230557499
2021-05-05,-0.0016219999905078227
2021-05-06,-0.0022653530550060213
2021-05-07,-0.0036617994708940593
2021-05-10,0.005269027464151045
2021-05-11,-0.011204318425787339
2021-05-12,-0.009358515438071568
2021-05-13,0.006761918999160733
2021-05-14,-0.005967317200278191
2021-05-17,-0.0035215521027301233
2021-05-18,-0.008328605406599486
2021-05-19,-0.004129444767462943
2021-05-20,-0.010995312531304115
2021-05-21,0.007670648525590167
2021-05-24,0.0040487249687382355
2021-05-25,-0.002171506232771834
2021-05-26,-0.001225714923108176
2021-05-27,0.003970272460602374
2021-05-28,-0.003970372475513904
2021-06-01,-0.0016704406355836446
2021-06-02,-0.005951704497423812
2021-06-03,0.0021362977716841126
2021-06-04,-0.004808593566318316
2021-06-07,-0.008213317733151426
2021-06-08,0.004575068679051641
2021-06-09,-0.006892336875272089
2021-06-10,-0.005689406170104669
2021-06-11,0.002325064275706518
2021-06-14,-0.005230375459566285
2021-06-15,0.004619168786488517
2021-06-16,-0.0027044415156230947
2021-06-17,-0.016676187906942183
2021-06-18,-0.0029910338780900136
2021-06-21,0.008293597309075092
2021-06-22,0.003533249351453233
2021-06-23,-0.0003393763766872026
2021-06-24,-0.0010615167983007196
2021-06-25,-0.0028726385679494542
2021-06-28,-0.0020789800275291385
2021-06-29,0.00525101819501399
2021-06-30,0.0037256425520163943
2021-07-01,-0.0019244685262469186
2021-07-02,0.004308476575588827
2021-07-06,-0.004471021195050776
2021-07-07,-0.003214318086992451
2021-07-08,0.009353230204224267
2021-07-09,0.0021130041291665272
2021-07-12,0.006627037007849791
2021-07-13,-0.0011542607529545297
2021-07-14,0.00026236130040997073
2021-07-15,-0.005892916033358129
2021-07-16,0.0032903313318848534
2021-07-19,-0.010641137232077696
2021-07-20,0.00903931748567334
2021-07-21,0.005746315527132663
2021-07-22,0.003349200312256115
2021-07-23,0.008083189655733207
2021-07-26,0.012971085268932635
2021-07-27,-0.0016272083131653944
2021-07-28,-0.011989379650707337
2021-07-29,0.004815696203304157
2021-07-30,-0.0019959431927854708
2021-08-02,-0.006067933719746416
2021-08-03,0.003171871519751477
2021-08-04,-0.007618579268285887
2021-08-05,0.0071710888076977715
2021-08-06,0.006373827451529063
2021-08-09,-0.0019165757545357605
2021-08-10,0.005950015122678837
2021-08-11,-0.004812392964961785
2021-08-12,0.0007115787692902741
2021-08-13,-0.007343621720920572
2021-08-16,0.006636396864845724
2021-08-17,-0.0034989125950414587
2021-08-18,-0.0035822641044039884
2021-08-19,0.009165048623266715
2021-08-20,0.001448555327492054
2021-08-23,-0.004016779181383544
2021-08-24,-0.004158213215139723
2021-08-25,0.003044677838805911
2021-08-26,0.009148781316544676
2021-08-27,-0.0006785733740025288
2021-08-30,0.005149800424314087
2021-08-31,-0.0035426520227459833
2021-09-01,0.0005146166126541159
2021-09-02,0.004834728363591928
2021-09-03,-0.003360148465177534
2021-09-07,-0.004527753612966829
2021-09-08,0.013711644342441546
2021-09-09,-0.0027103165806046953
2021-09-10,0.0018603953632876443
2021-09-13,0.00021679990923881818
2021-09-14,0.0030323879152810624
2021-09-15,0.010943549570832663
2021-09-16,0.009317631671155112
2021-09-17,-0.00660961026572088
2021-09-20,-0.001145181315199624
2021-09-21,-0.008920232858128468
2021-09-22,0.0012125101053364578
2021-09-23,0.013025339548267777
2021-09-24,0.00958245307281487
2021-09-27,0.00720548018866612
2021-09-28,-0.003924070256409143
2021-09-29,0.0007690127167099712
2021-09-30,-0.008896919596814431
2021-10-01,0.0002421839654224923
2021-10-04,0.010157211253316992
2021-10-05,0.01160547305429193
2021-10-06,-0.011944442457016256
2021-10-07,0.002891353017855496
2021-10-08,-0.007254445842276747
2021-10-11,-0.0029288624309399035
2021-10-12,0.00044343851094347914
2021-10-13,-0.005085791585527579
2021-10-14,0.00356616654735688
2021-10-15,-0.004594485024608462
2021-10-18,-0.002704870770575034
2021-10-19,0.0014749611941825991
2021-10-20,0.003051661731511553
2021-10-21,0.00512410456803375
2021-10-22,0.0029181392576554856
2021-10-25,0.007928835333266028
2021-10-26,0.00563473305288663
2021-10-27,-0.006698651343892387
2021-10-28,-0.0010491701273325342
2021-10-29,0.004375558259385857
2021-11-01,-0.007407832390841776
2021-11-02,0.014961886035003555
2021-11-03,-0.0030581612051090003
2021-11-04,-0.001592382691967147
2021-11-05,0.0025806350833580396
2021-11-08,-0.002760479719164951
2021-11-09,-0.011499246149647504
2021-11-10,-0.014443231883604345
2021-11-11,-0.004740930336549265
2021-11-12,-0.006406302531823187
2021-11-15,0.010863719898980974
2021-11-16,0.008160707920512593
2021-11-17,-0.011157533172369607
2021-11-18,0.011334848008679788
2021-11-19,-0.010715522934292194
2021-11-22,0.0022992956847078406
2021-11-23,0.021119555380477543
2021-11-24,0.0010615290326066592
2021-11-26,-0.014229558788240193
2021-11-29,-0.0028496673109424464
2021-11-30,-0.01927534186183664
2021-12-01,-0.013773576690041393
2021-12-02,-0.0010190073915525065
2021-12-03,-0.002499321165842075
2021-12-06,0.0005722784058163654
2021-12-07,0.003021675597109075
2021-12-08,-0.001962433059143636
2021-12-09,0.0029918856584853198
2021-12-10,0.009373159524968195
2021-12-13,-0.008288391293591775
2021-12-14,-0.0014722257593061338
2021-12-15,0.0047569612024870875
2021-12-16,-0.013076979649536639
2021-12-17,-0.012709053670129951
2021-12-20,-6.330839815159371e-05
2021-12-21,0.011841624289273505
2021-12-22,0.002662748899236313
2021-12-23,-0.0010911000940288646
2021-12-27,0.015219696136756096
2021-12-28,0.004573139776369535
2021-12-29,0.006641172942837219
2021-12-30,-0.013731556672654986
2021-12-31,0.0018169336942150333
