,net
1999-12-21,0.0
1999-12-22,-0.0009999999999999998
1999-12-23,-0.003917613149411838
1999-12-27,-0.0056064268249281235
1999-12-28,0.009924035596564705
1999-12-29,0.007631008283621179
1999-12-30,-0.006795586892308003
1999-12-31,-0.0019939456128377185
2000-01-03,0.006022499165255908
2000-01-04,-0.00952381238837705
2000-01-05,-0.006636498077408331
2000-01-06,-0.01998113772462485
2000-01-07,-0.014505738023035434
2000-01-10,0.026737085847035207
2000-01-11,-0.006568594500754639
2000-01-12,-0.011062970981388469
2000-01-13,0.00030914421636711706
2000-01-14,-0.00037436531134034325
2000-01-18,0.010976054739226682
2000-01-19,-0.0028805359299040505
2000-01-20,-0.0011045986165203999
2000-01-21,0.009648374708401738
2000-01-24,-0.004676600003213669
2000-01-25,-0.002638830712984369
2000-01-26,-0.004921024420577376
2000-01-27,-0.00918292585920986
2000-01-28,-0.00020874933693138973
2000-01-31,0.0013994313388697942
2000-02-01,0.0032891786136316744
2000-02-02,0.012434112733859404
2000-02-03,0.00844214848170044
2000-02-04,0.01881903937806878
2000-02-07,0.001956417477149863
2000-02-08,-0.010893483768102556
2000-02-09,-0.000955950076919277
2000-02-10,0.015870881857108797
2000-02-11,0.003198269994619026
2000-02-14,0.004098874995014602
2000-02-15,-0.00445635315921163
2000-02-16,0.007284318850608918
2000-02-17,0.016782543981570593
2000-02-18,-0.009862142062886037
2000-02-22,-0.015341167249632139
2000-02-23,0.00752933454529316
2000-02-24,0.021964224838698657
2000-02-25,0.002585360843629497
2000-02-28,-0.01871311973825496
2000-02-29,0.008286113188506784
2000-03-01,0.007049230704252399
2000-03-02,0.006635937821616217
2000-03-03,0.0020178505840413217
2000-03-06,0.00794675524153409
2000-03-07,0.025425816000446303
2000-03-08,-0.0029213822283305187
2000-03-09,-0.00914317795953213
2000-03-10,0.003508786222973078
2000-03-13,-0.013238203292071937
2000-03-14,-0.008929174543893727
2000-03-15,-0.04282727382939445
2000-03-16,-0.020951792454296708
2000-03-17,0.0098639384222286
2000-03-20,-0.004539550372007938
2000-03-21,-0.0007397682225706112
2000-03-22,0.0077865706056846245
2000-03-23,0.0025136422985872517
2000-03-24,0.0025444529968733174
2000-03-27,0.00820714326518478
2000-03-28,-0.009571123758084265
2000-03-29,-0.017176463825822805
2000-03-30,-0.019299172941078694
2000-03-31,0.010620843678585717
2000-04-03,-0.04687847377427024
2000-04-04,-0.0109718287739919
2000-04-05,0.005298332938022322
2000-04-06,0.01270651787947921
2000-04-07,0.012830675162189711
2000-04-10,-0.03193267787636678
2000-04-11,-0.013681000973525976
2000-04-12,-0.01946843095566781
2000-04-13,-0.003061660511679234
2000-04-14,0.010800876133212156
2000-04-17,0.01818274359549953
2000-04-18,0.007863898635518438
2000-04-19,-0.01115329092504567
2000-04-20,-0.008901288112021897
2000-04-24,-0.017879518213203445
2000-04-25,0.013955657792306113
2000-04-26,0.0023443544491692993
2000-04-27,0.016334029754582598
2000-04-28,0.008076184274758542
2000-05-01,0.010652134587789085
2000-05-02,-0.022157200610250196
2000-05-03,-0.0013525432549821124
2000-05-04,0.013785699185135745
2000-05-05,0.009418589949985645
2000-05-08,-0.006647447297538718
2000-05-09,-0.012505628331095418
2000-05-10,-0.01499136907001304
2000-05-11,0.01677379216596833
2000-05-12,-0.00488600074431065
2000-05-15,0.008519922719724255
2000-05-16,0.0068058269998909305
2000-05-17,0.0087282189635772
2000-05-18,-0.006438898464383248
2000-05-19,-0.019061243681684114
2000-05-22,0.005092478997679134
2000-05-23,-0.03219794574031354
2000-05-24,0.013101622322195017
2000-05-25,0.004240849095404525
2000-05-26,2.9448325988320234e-05
2000-05-30,0.016498957718710835
2000-05-31,0.0006324287149828139
2000-06-01,0.012128374146441197
2000-06-02,-0.004501064640841097
2000-06-05,-0.0021062977909814475
2000-06-06,0.008807601298014887
2000-06-07,0.007039450149103143
2000-06-08,-0.0049712746856379175
2000-06-09,-0.0004914524095372994
2000-06-12,-0.0008945865813056798
2000-06-13,0.00931670122710501
2000-06-14,-0.011007434996711873
2000-06-15,0.0007867316986848414
2000-06-16,0.005854163185098139
2000-06-19,0.013143911923389482
2000-06-20,0.007773654860214951
2000-06-21,0.006786190904470073
2000-06-22,-0.014545892156607967
2000-06-23,-0.008297170033127696
2000-06-26,0.012567721646106374
2000-06-27,-0.02541003324227122
2000-06-28,0.004239399427753509
2000-06-29,-0.0005271632588286302
2000-06-30,-0.002766783552527362
2000-07-03,-0.014427135566247234
2000-07-05,-0.013541905276087216
2000-07-06,0.006561016175126221
2000-07-07,-0.007508675581728975
2000-07-10,-0.006977692409625551
2000-07-11,-0.007656368005687897
2000-07-12,0.002606607465800888
2000-07-13,0.00022567309842879898
2000-07-14,0.005169576273805593
2000-07-17,0.007970620182222382
2000-07-18,0.001600298937368023
2000-07-19,-0.004460588914933556
2000-07-20,0.008778420286195573
2000-07-21,-0.007106181118618047
2000-07-24,0.00017334536551642538
2000-07-25,0.004242245272295447
2000-07-26,0.0028756780304721383
2000-07-27,-0.011548326172479901
2000-07-28,-0.0029293741942522196
2000-07-31,0.00848158175363024
2000-08-01,-0.006118524378456224
2000-08-02,-0.0005597422360362639
2000-08-03,0.0012360556905116652
2000-08-04,0.002620981589082503
2000-08-07,-0.0022124921206412695
2000-08-08,-0.005065666629658654
2000-08-09,-0.007652564554735792
2000-08-10,0.006306609739711108
2000-08-11,-0.008286462398277926
2000-08-14,0.003641783762843418
2000-08-15,0.0044130935653193155
2000-08-16,0.010871402960463263
2000-08-17,0.00566612136780462
2000-08-18,-0.005526261586704155
2000-08-21,0.006073111407947932
2000-08-22,0.0003309254673787799
2000-08-23,0.0033374653592795397
2000-08-24,0.0003197334199815161
2000-08-25,-0.0028424301112046526
2000-08-28,0.003243571228994999
2000-08-29,0.0035390846056448664
2000-08-30,0.0023628553197306483
2000-08-31,0.009202982790521346
2000-09-01,-0.003933121823082477
2000-09-05,-0.003448008107792476
2000-09-06,-0.008261373943396728
2000-09-07,0.004403307819319341
2000-09-08,0.0069359554466260085
2000-09-11,0.014106101304751853
2000-09-12,-0.0016373081615361725
2000-09-13,0.0034080136864661124
2000-09-14,0.004303258242568868
2000-09-15,0.009022324812157206
2000-09-18,-0.009134678907078532
2000-09-19,0.011270319075615981
2000-09-20,0.0040743631555708185
2000-09-21,-0.01752234382807411
2000-09-22,-0.003104937599229458
2000-09-25,0.006581259360640721
2000-09-26,0.003800909170441478
2000-09-27,-0.0037939838852080027
2000-09-28,0.002208087036500691
2000-09-29,-0.0043290708157262825
2000-10-02,0.0031107896265650057
2000-10-03,-0.01916193894562423
2000-10-04,-0.005117348696706505
2000-10-05,0.008288502915483324
2000-10-06,-0.00653320042523748
2000-10-09,0.0034232658132266613
2000-10-10,-0.015266438149421135
2000-10-11,0.006448856499769294
2000-10-12,-0.005956372119960274
2000-10-13,0.01654756580786066
2000-10-16,0.00903217921092761
2000-10-17,-0.006343253658612606
2000-10-18,-0.0015833016168589505
2000-10-19,0.004876204963798149
2000-10-20,0.015503930477361058
2000-10-23,0.0010637503562508073
2000-10-24,-0.0192191961324183
2000-10-25,-0.016770798285965484
2000-10-26,-0.007257268502861477
2000-10-27,0.002625344463740127
2000-10-30,-0.011145859323257174
2000-10-31,0.005833598822181376
2000-11-01,0.0014577279348512294
2000-11-02,-0.006683981084662179
2000-11-03,-0.0036970907442370883
2000-11-06,0.0022096093916144114
2000-11-07,-0.005735789202212881
2000-11-08,-0.006937899734058008
2000-11-09,0.000920177589998572
2000-11-10,0.0038265990172005604
2000-11-13,-0.008732400566206151
2000-11-14,-0.0058578642167132836
2000-11-15,0.008349196114985176
2000-11-16,0.0009264952361387696
2000-11-17,-0.0008325412222493207
2000-11-20,-0.0008599590956293529
2000-11-21,0.0076942631774633025
2000-11-22,-0.002670606144908664
2000-11-24,0.007520181262861174
2000-11-27,-0.010931190098520397
2000-11-28,-0.011270785866323348
2000-11-29,-0.007889938734127399
2000-11-30,0.004814543308957166
2000-12-01,-0.01888696253206674
2000-12-04,-0.004361561718707884
2000-12-05,0.01417498551717596
2000-12-06,-0.007589439953149041
2000-12-07,0.00533181497947036
2000-12-08,0.0049331892672503895
2000-12-11,0.005640705535833665
2000-12-12,-0.004661398388624581
2000-12-13,0.004217208881640913
2000-12-14,-0.015085576943931346
2000-12-15,0.01029167015348416
2000-12-18,0.007389009882855836
2000-12-19,-0.01692698273014285
2000-12-20,-0.01806158323113275
2000-12-21,-0.00525459592412439
2000-12-22,0.0025861016111130364
2000-12-26,0.02110201284126386
2000-12-27,-0.007393527992017773
2000-12-28,0.004857267116904374
2000-12-29,-0.005946173083207858
2001-01-02,-0.025365873208351652
2001-01-03,-0.01192607087338356
2001-01-04,-0.009540645936351472
2001-01-05,-0.008549550094970495
2001-01-08,0.004483071131180112
2001-01-09,-0.007104704954825956
2001-01-10,0.009390732010972472
2001-01-11,-0.01953941132887899
2001-01-12,0.000229487019573577
2001-01-16,0.0063835120751022986
2001-01-17,-0.019544531757667884
2001-01-18,-0.01921018340505438
2001-01-19,-0.008331881598214817
2001-01-22,0.006992628837005422
2001-01-23,0.0012129913910951151
2001-01-24,0.002864454103456777
2001-01-25,0.012173148741709874
2001-01-26,-0.002598264866899634
2001-01-29,-0.006067130246272104
2001-01-30,0.003655118885552984
2001-01-31,0.00686242135197466
2001-02-01,-0.004255093542526445
2001-02-02,0.007767005818526165
2001-02-05,0.007575517186272016
2001-02-06,-0.0037511917101732705
2001-02-07,0.0056116376475108445
2001-02-08,0.0033870241549286712
2001-02-09,0.008229998672407281
2001-02-12,0.008397469590097677
2001-02-13,0.00909560750049266
2001-02-14,-0.009923867857888196
2001-02-15,-0.007938554928124076
2001-02-16,0.022079120936148763
2001-02-20,0.009166171721518731
2001-02-21,-0.004943924658856764
2001-02-22,-0.004588823505990254
2001-02-23,0.003602309079708467
2001-02-26,0.008327955268082976
2001-02-27,0.013111972832803825
2001-02-28,-0.0013862042720577095
2001-03-01,-0.010251321523796236
2001-03-02,0.023307431512047585
2001-03-05,-0.006228356373899716
2001-03-06,-0.009732148528933497
2001-03-07,0.011404685294105227
2001-03-08,0.009028694793331002
2001-03-09,0.012322948499366585
2001-03-12,-0.01410783415529838
2001-03-13,0.0003704372150089163
2001-03-14,0.009436683478693265
2001-03-15,0.0005852933224783957
2001-03-16,-0.0045647754106969965
2001-03-19,-0.00019828163141441188
2001-03-20,0.00023414276769504714
2001-03-21,-0.021857149910527198
2001-03-22,-0.02799727071932894
2001-03-23,0.005396269510271497
2001-03-26,0.00599219103259814
2001-03-27,-0.0045028451068762874
2001-03-28,0.02338271513256896
2001-03-29,0.015390930065274306
2001-03-30,0.0046539895045130085
2001-04-02,0.010788092052274463
2001-04-03,0.0107438888713971
2001-04-04,-0.010921317935136487
2001-04-05,-0.01380968704384591
2001-04-06,0.006625666098114528
2001-04-09,0.0003451354416406974
2001-04-10,-0.00820008223561037
2001-04-11,-0.012938066152088454
2001-04-12,-0.01666599561556763
2001-04-16,0.01749179669426351
2001-04-17,-0.0008066397694172036
2001-04-18,-0.0060937491253201855
2001-04-19,-0.018324558855916044
2001-04-20,-0.014978157849156109
2001-04-23,0.012808089386614095
2001-04-24,0.0024599085017527797
2001-04-25,0.001664525137653011
2001-04-26,0.013023330455786766
2001-04-27,0.004168997636346889
2001-04-30,-0.015481977157411033
2001-05-01,-0.0037996977391563077
2001-05-02,-0.0003756762109740166
2001-05-03,0.005534759306597428
2001-05-04,0.0024053769591759607
2001-05-07,-0.0017899568405497011
2001-05-08,-0.0067616837286936715
2001-05-09,0.006367795961401485
2001-05-10,0.0036029744031075405
2001-05-11,0.008652650250637606
2001-05-14,0.006794380980081418
2001-05-15,-0.003513339643941495
2001-05-16,0.002595048168514847
2001-05-17,0.008881915400832411
2001-05-18,0.0008753971789917143
2001-05-21,-0.003336960497247628
2001-05-22,0.0027692529174788752
2001-05-23,0.001296263856647298
2001-05-24,-0.013115401441780427
2001-05-25,0.005156745272079213
2001-05-29,0.013774177878179342
2001-05-30,-0.00024676274800320184
2001-05-31,0.004266647606535097
2001-06-01,0.0006468734786016844
2001-06-04,-0.0017766343552635825
2001-06-05,-0.008287460438068241
2001-06-06,0.0035065078983409904
2001-06-07,0.0032714943345952333
2001-06-08,0.0015671231654742967
2001-06-11,0.000989904302645432
2001-06-12,0.004030830909048208
2001-06-13,-0.004009770662086339
2001-06-14,-0.003768078498517565
2001-06-15,0.000762056054533794
2001-06-18,0.004732599499222473
2001-06-19,-0.004654067063060924
2001-06-20,0.011791710921191722
2001-06-21,0.0009144819197571938
2001-06-22,-0.006811739752306044
2001-06-25,-0.005442180898784289
2001-06-26,0.00470800308496076
2001-06-27,0.007122143982962982
2001-06-28,0.005568238407489406
2001-06-29,-0.010364583244320505
2001-07-02,0.007185084382095343
2001-07-03,0.010204437731038508
2001-07-05,0.004790687031559088
2001-07-06,-0.006080571444258141
2001-07-09,3.066067119760862e-05
2001-07-10,0.003059594028569859
2001-07-11,-0.006679127677960356
2001-07-12,0.002125464569175394
2001-07-13,0.009779024226014793
2001-07-16,-0.0004579363291120397
2001-07-17,0.008149282859085786
2001-07-18,0.004758279894136491
2001-07-19,-0.0024678646392401462
2001-07-20,-9.905225420158312e-05
2001-07-23,-0.012958961474969865
2001-07-24,-8.843105171743451e-05
2001-07-25,0.0031792462405093548
2001-07-26,-0.0038968315042859406
2001-07-27,-0.0013743177148017474
2001-07-30,-9.248496502753086e-06
2001-07-31,-0.0027583677488451776
2001-08-01,-0.012181762978195732
2001-08-02,-0.0036472958578251304
2001-08-03,0.008309624721847066
2001-08-06,-0.00976062409065794
2001-08-07,0.002111393145518387
2001-08-08,-0.0003354902734930001
2001-08-09,0.0009543788863184667
2001-08-10,0.01111234949259134
2001-08-13,-0.004863714161794388
2001-08-14,0.00032473854904634624
2001-08-15,-0.008345655185887872
2001-08-16,0.0001012753084454755
2001-08-17,0.004104322889521665
2001-08-20,0.005517751003474366
2001-08-21,6.124010252883238e-05
2001-08-22,-5.0469850932600405e-05
2001-08-23,-0.0024680386851090416
2001-08-24,0.008241812244317701
2001-08-27,0.003457460047774863
2001-08-28,-0.0021923882031029494
2001-08-29,-0.00927489012971799
2001-08-30,0.0018738823174479671
2001-08-31,0.0034956315862953004
2001-09-04,-0.006387812017042969
2001-09-05,0.011209289974657323
2001-09-06,-0.010379384857199069
2001-09-07,-0.011935846631824891
2001-09-10,-0.006239387844013825
2001-09-17,-0.003948366261906158
2001-09-18,-0.000322098189757412
2001-09-19,-0.009591542297976064
2001-09-20,-0.009064955412576509
2001-09-21,0.002108832069916619
2001-09-24,0.01716764938098711
2001-09-25,0.015659030138853045
2001-09-26,-0.0051841130149372595
2001-09-27,-0.013354975973542484
2001-09-28,-0.0017276060718862609
2001-10-01,0.0035892002439298705
2001-10-02,0.008004710980325255
2001-10-03,0.000766286889805977
2001-10-04,0.0013601810393875594
2001-10-05,-0.0011609082800997147
2001-10-08,-0.009214443618270417
2001-10-09,0.0024985830621085574
2001-10-10,0.007050145964340963
2001-10-11,0.0025131795168973244
2001-10-12,-0.0027376368323709173
2001-10-15,0.0022499439395108163
2001-10-16,-0.008194232745901028
2001-10-17,-0.016070774635180363
2001-10-18,0.0063651270734649355
2001-10-19,-0.0021144537284648974
2001-10-22,0.0047398262563462246
2001-10-23,-0.00565854434954633
2001-10-24,0.00028993567182509963
2001-10-25,-0.001763602635455387
2001-10-26,0.0008101282530337285
2001-10-29,-0.006931241000048093
2001-10-30,0.0065115983887383535
2001-10-31,-0.006233143601313308
2001-11-01,0.011670001721089453
2001-11-02,0.005963598685896561
2001-11-05,-0.012357959587891047
2001-11-06,0.008819422406988813
2001-11-07,-0.008790879596693585
2001-11-08,-0.0030511923996402466
2001-11-09,0.000527384502724982
2001-11-12,0.006903309234200379
2001-11-13,0.00222684614953172
2001-11-14,0.013886348474319684
2001-11-15,-0.0019463204071871144
2001-11-16,-0.007783740640563049
2001-11-19,0.006898081271626201
2001-11-20,-0.0015470486363505405
2001-11-21,-0.0008601535238391433
2001-11-23,0.007788746638090854
2001-11-26,-0.0017899881164623087
2001-11-27,0.001857877487266782
2001-11-28,-0.0009035291278759077
2001-11-29,0.0034651427391467673
2001-11-30,0.00061143288106113
2001-12-03,-0.007895990575969654
2001-12-04,-0.001706971157282809
2001-12-05,0.0007642391791818203
2001-12-06,0.0011045822182693592
2001-12-07,0.00896504631172552
2001-12-10,-0.005927435169828559
2001-12-11,0.002497680249970275
2001-12-12,-0.003862661849049883
2001-12-13,0.008322232255692908
2001-12-14,-0.0053796144538854245
2001-12-17,0.0006193118792709781
2001-12-18,0.0017174505424379643
2001-12-19,-0.008807698239361457
2001-12-20,0.0073121793132152465
2001-12-21,-0.0017604560570740305
2001-12-24,0.005581199298637862
2001-12-26,0.0026943501375185364
2001-12-27,-0.0036079170603305097
2001-12-28,0.000863409725263579
2001-12-31,0.006226527842125826
2002-01-02,0.0028568668925542046
2002-01-03,-0.008790849178849215
2002-01-04,0.01054384683695772
2002-01-07,0.003179424944142981
2002-01-08,0.0029318262500255786
2002-01-09,0.0029365686872319893
2002-01-10,-0.0028649354262602475
2002-01-11,-0.0032362657291434655
2002-01-14,0.007462852998975337
2002-01-15,-0.003703362054834133
2002-01-16,0.0007669521759911414
2002-01-17,0.0031047210282498265
2002-01-18,-0.003561103822623266
2002-01-22,0.026048686271021332
2002-01-23,0.0027245829706441325
2002-01-24,0.0038401183201587363
2002-01-25,0.008982274381785787
2002-01-28,0.006093649672828202
2002-01-29,0.0017165145817508993
2002-01-30,0.0022604843990087628
2002-01-31,0.0010412671152693258
2002-02-01,-0.0024962285063958633
2002-02-04,0.0038914594102301063
2002-02-05,0.01619228100237661
2002-02-06,0.0030172479461940786
2002-02-07,-0.009426420288228337
2002-02-08,-0.004379713316704067
2002-02-11,-0.001618961805770233
2002-02-12,0.0017336223790161867
2002-02-13,-0.0012840065838561013
2002-02-14,0.014568919421473698
2002-02-15,0.004660056179841535
2002-02-19,0.001381136139154203
2002-02-20,0.0005470779783166314
2002-02-21,0.0020877060481267347
2002-02-22,0.0011690649669280923
2002-02-25,-0.0035149552468798405
2002-02-26,0.0015668661764956866
2002-02-27,0.007870292038473196
2002-02-28,0.00027888251460566195
2002-03-01,-0.006370843143846975
2002-03-04,-0.014493289985768449
2002-03-05,-0.002058234021179119
2002-03-06,-0.006888570241456189
2002-03-07,-0.00689162565057359
2002-03-08,0.0017110225907474995
2002-03-11,-0.006358007795063967
2002-03-12,0.010729128317583282
2002-03-13,0.0009110040023853716
2002-03-14,0.001962071471563522
2002-03-15,-0.00467064149867839
2002-03-18,0.001042003600076311
2002-03-19,0.0038991538652208783
2002-03-20,0.007080190002856887
2002-03-21,-0.0069425033093178925
2002-03-22,0.011433546218432894
2002-03-25,0.0054702293984480324
2002-03-26,0.0013226831677547865
2002-03-27,0.009865058197329298
2002-03-28,-0.007099824848546584
2002-04-01,-0.007073238998350489
2002-04-02,0.01213131456303215
2002-04-03,-0.002750203787643819
2002-04-04,0.009245803677482749
2002-04-05,0.012244509216161806
2002-04-08,-0.0001234688657726639
2002-04-09,0.0028169412822745734
2002-04-10,-0.004905974356906941
2002-04-11,0.007815806668858474
2002-04-12,0.004016948226100283
2002-04-15,0.004471798171770999
2002-04-16,-0.009536106580575575
2002-04-17,0.005950646353490928
2002-04-18,-0.003764625147079349
2002-04-19,-0.0028352511701725766
2002-04-22,0.007383256823192451
2002-04-23,0.009026510534600973
2002-04-24,0.003628255505114226
2002-04-25,-0.0019738113956378647
2002-04-26,0.010082165822608846
2002-04-29,-0.008187359560063327
2002-04-30,-0.004612336102014388
2002-05-01,0.0023880393293632175
2002-05-02,0.009655041302568926
2002-05-03,0.004183015326978675
2002-05-06,-0.0027918279307865886
2002-05-07,0.01642464927840353
2002-05-08,-0.021318693240506663
2002-05-09,0.003298674446010652
2002-05-10,0.005361373619456362
2002-05-13,-0.012832601103397736
2002-05-14,-0.010839429259677706
2002-05-15,0.005930218843224657
2002-05-16,-0.0006152180886836297
2002-05-17,0.007858478428079272
2002-05-20,-0.0010942182287681653
2002-05-21,-0.002000989473772333
2002-05-22,0.0007253892838016934
2002-05-23,-0.020854849111944403
2002-05-24,0.020513219644213786
2002-05-28,-0.0014944698723975297
2002-05-29,0.005257176801746696
2002-05-30,-0.0028192371032109316
2002-05-31,0.0077123223523131645
2002-06-03,0.013667424556999963
2002-06-04,0.006084897195745674
2002-06-05,-0.004633110768203323
2002-06-06,0.00945329390115774
2002-06-07,0.004227994102976637
2002-06-10,0.0082636988896538
2002-06-11,0.01567277540774079
2002-06-12,-0.002680373686666415
2002-06-13,-0.003276333307389803
2002-06-14,-0.01752556610316888
2002-06-17,-0.011805561848386017
2002-06-18,0.0006106640967624108
2002-06-19,-0.006751266429787372
2002-06-20,0.02507447338262932
2002-06-21,0.013852582487108953
2002-06-24,-0.0045090644709211425
2002-06-25,0.00603222281334866
2002-06-26,-0.014820516055181584
2002-06-27,-0.005682240619111816
2002-06-28,0.00819037255334679
2002-07-01,0.015432732627658274
2002-07-02,0.0016251354227935556
2002-07-03,0.0042481521371108295
2002-07-05,0.012864385162914427
2002-07-08,0.00886511609731236
2002-07-09,0.021557098686119023
2002-07-10,0.011911932181489062
2002-07-11,-0.023464547489718275
2002-07-12,0.003824115380857182
2002-07-15,-0.00679645736616914
2002-07-16,-0.012077967809882567
2002-07-17,-0.014203129191022708
2002-07-18,0.00968526068151155
2002-07-19,0.004512017060051849
2002-07-22,-0.0023070384691580305
2002-07-23,0.03548583340764236
2002-07-24,-0.024523308235691182
2002-07-25,-0.022768138287302505
2002-07-26,-0.0018857060639656377
2002-07-29,0.014820427118506176
2002-07-30,-0.02235641920881075
2002-07-31,-0.017942802520604893
2002-08-01,-0.005032879333873874
2002-08-02,-0.017247523389550105
2002-08-05,-0.0011140576332417018
2002-08-06,-0.012760766479072688
2002-08-07,0.003455722451136095
2002-08-08,-0.024981970525456313
2002-08-09,0.010547697812550286
2002-08-12,0.003501148169276537
2002-08-13,0.02471965592433111
2002-08-14,-0.003962673814735513
2002-08-15,0.0007590437711186613
2002-08-16,-0.017151117318847428
2002-08-19,0.0005605224946773071
2002-08-20,-0.0033079496352062462
2002-08-21,-0.005682420671086491
2002-08-22,-0.009844784266791506
2002-08-23,0.0027414223789946615
2002-08-26,0.00209377954745116
2002-08-27,-0.0016043778116362115
2002-08-28,0.001039418382452246
2002-08-29,-0.005632954503411335
2002-08-30,0.015116172524922818
2002-09-03,0.007530414541786229
2002-09-04,-0.004199974484280557
2002-09-05,0.009209146218272424
2002-09-06,-0.00912666344534917
2002-09-09,-0.007387439245369014
2002-09-10,0.0035089345690231546
2002-09-11,-0.010316958502457408
2002-09-12,0.008689417176504849
2002-09-13,-0.0018676930138641738
2002-09-16,0.007268966635363775
2002-09-17,0.015385660316268705
2002-09-18,0.01031207318853997
2002-09-19,0.00884556450882978
2002-09-20,0.0015345231627800612
2002-09-23,0.007125276835772791
2002-09-24,0.010791087498717196
2002-09-25,-0.007465207188927467
2002-09-26,-0.004465437520675489
2002-09-27,0.004808580034552589
2002-09-30,-0.004970380873961025
2002-10-01,-0.012664590318826377
2002-10-02,-0.006758283981624298
2002-10-03,-0.004098491880077465
2002-10-04,-0.002322290127327256
2002-10-07,0.005610225921751025
2002-10-08,0.016143407171199838
2002-10-09,0.005262377265964339
2002-10-10,-0.009278109461378303
2002-10-11,-0.013588425831471117
2002-10-14,0.0244703183385731
2002-10-15,0.007799026612048574
2002-10-16,0.021208253553322936
2002-10-17,-0.01440741431253437
2002-10-18,-0.0017530657563036014
2002-10-21,-0.012568085063161798
2002-10-22,-0.011443989523031807
2002-10-23,-0.003682854686221718
2002-10-24,-0.014592926857800038
2002-10-25,-0.007096126524706016
2002-10-28,2.596965558297618e-05
2002-10-29,0.00495110755812344
2002-10-30,-0.025868588549051826
2002-10-31,-0.013799138158838705
2002-11-01,-0.0008746829272343066
2002-11-04,-0.0015359611820668475
2002-11-05,0.0044529047498556
2002-11-06,0.008868392289496587
2002-11-07,0.0027358643463324867
2002-11-08,0.003273907105057993
2002-11-11,-0.004556995983116242
2002-11-12,0.012113392922682749
2002-11-13,-0.0013879769831812066
2002-11-14,-0.001960827074069522
2002-11-15,0.006907801005125194
2002-11-18,-0.01689422774536743
2002-11-19,-0.0037215813157037863
2002-11-20,0.007023891542856555
2002-11-21,-0.0037475185874195774
2002-11-22,-0.005688282567236846
2002-11-25,-0.004344515579606393
2002-11-26,0.004048024817924151
2002-11-27,0.003931534644481239
2002-11-29,-0.0038568964007937205
2002-12-02,0.0010034752136633203
2002-12-03,-0.007923889827547572
2002-12-04,-0.0041318311874048485
2002-12-05,0.008524509401090868
2002-12-06,-0.0035872613322740173
2002-12-09,-0.002093827270300742
2002-12-10,-0.009278031188245437
2002-12-11,-0.006548151564596005
2002-12-12,0.002902372209801239
2002-12-13,-0.011326606329285192
2002-12-16,-0.002358486657326929
2002-12-17,-0.003376054085003105
2002-12-18,-0.0036270997183422194
2002-12-19,-0.004481025224648967
2002-12-20,-0.0014688047341558208
2002-12-23,0.004835619255358649
2002-12-24,-0.005427226471375833
2002-12-26,-0.007289144523307291
2002-12-27,-0.0036938778197734105
2002-12-30,-0.004828411883444493
2002-12-31,0.0006777567787147176
2003-01-02,-0.0031494611151606736
2003-01-03,-0.0017450880217569065
2003-01-06,-0.001081733568806427
2003-01-07,0.010740760493645208
2003-01-08,-0.002047396601356505
2003-01-09,-0.0015857308479070473
2003-01-10,-0.003794407087087874
2003-01-13,0.0036592899420614254
2003-01-14,0.0019079953793365067
2003-01-15,-0.0021328572808521924
2003-01-16,-0.0022385706889676274
2003-01-17,-0.0023133399459277356
2003-01-21,0.005930441706945471
2003-01-22,0.0010550144082220193
2003-01-23,-0.0010814978891942853
2003-01-24,-0.00029942738376688253
2003-01-27,-0.00036555304549012123
2003-01-28,-0.0006630942902866466
2003-01-29,0.0013169551507834938
2003-01-30,-0.001566424158850078
2003-01-31,-0.001538338602968791
2003-02-03,-0.006568177502806383
2003-02-04,0.0023994757904420546
2003-02-05,-0.00013883888113497598
2003-02-06,-0.0037255184015480306
2003-02-07,0.0037887292858502734
2003-02-10,-0.002997381127079382
2003-02-11,0.00015918946900141866
2003-02-12,0.0006686944128236061
2003-02-13,-0.0016772492985113316
2003-02-14,-0.007185464815678496
2003-02-18,0.006273911840807286
2003-02-19,0.0021832815268429595
2003-02-20,-0.004794591626025027
2003-02-21,0.0018009969981613917
2003-02-24,0.0011385297104792324
2003-02-25,0.002633652115637187
2003-02-26,-6.94418248917795e-05
2003-02-27,0.001857041775999483
2003-02-28,0.003774559021592054
2003-03-03,-0.003505586254419105
2003-03-04,0.004678940111616393
2003-03-05,0.0007073106442930085
2003-03-06,-0.00020927608279107835
2003-03-07,-0.000432055519100284
2003-03-10,0.002417494867587385
2003-03-11,-0.006124347029567812
2003-03-12,-0.005046089403679252
2003-03-13,0.0009274991720847814
2003-03-14,0.0013916655680625083
2003-03-17,0.0032533843896314224
2003-03-18,0.007255917244853843
2003-03-19,-0.008788054627490917
2003-03-20,-0.0048763787003719625
2003-03-21,-0.005666789596488745
2003-03-24,-0.004880649730942725
2003-03-25,0.0100570769458499
2003-03-26,0.0011687215535483332
2003-03-27,-0.004909922526394663
2003-03-28,0.0037294412609641197
2003-03-31,-0.004742121606215103
2003-04-01,0.004042155246507954
2003-04-02,0.0017750407525531828
2003-04-03,0.0032334681450029504
2003-04-04,-0.00991778934262152
2003-04-07,-0.01084171495961179
2003-04-08,-0.003841534083725982
2003-04-09,-0.0028185684109019457
2003-04-10,-0.001608524700819921
2003-04-11,-0.004894233292001991
2003-04-14,0.000346261498906207
2003-04-15,-0.0058377087507669985
2003-04-16,0.0036451511169790767
2003-04-17,0.0061384533381881965
2003-04-21,0.0012443220105602842
2003-04-22,0.012355473392623535
2003-04-23,0.004919340033858176
2003-04-24,0.0028003511806578077
2003-04-25,-0.0017416275541067747
2003-04-28,-0.004796133030470312
2003-04-29,-0.003127096201556482
2003-04-30,-0.010052400617658646
2003-05-01,0.0051739749388971966
2003-05-02,0.0013043534149714264
2003-05-05,-0.00016748626656951928
2003-05-06,-0.0011631782830578688
2003-05-07,-0.010113106609869024
2003-05-08,0.0022638229452425548
2003-05-09,0.00476187810955004
2003-05-12,0.0024069509957863663
2003-05-13,0.003571060001714592
2003-05-14,2.056383731064397e-05
2003-05-15,-0.0023515447711736294
2003-05-16,0.005880760114424797
2003-05-19,-0.006509630537870505
2003-05-20,-0.0025716420309828017
2003-05-21,0.0002058367986594511
2003-05-22,0.005307237884752957
2003-05-23,0.004154789692187948
2003-05-27,0.006863525390953924
2003-05-28,-0.0046453314897002725
2003-05-29,-0.0015197950091758504
2003-05-30,0.005373416522179252
2003-06-02,-0.004444933016914066
2003-06-03,-0.0002742537942450908
2003-06-04,0.01111115867159917
2003-06-05,0.016142395083423935
2003-06-06,-0.007154776031397874
2003-06-09,-0.010866000096511777
2003-06-10,-0.0005745159568578027
2003-06-11,0.005484623233249849
2003-06-12,-0.0007255842167382308
2003-06-13,0.0010936823266732196
2003-06-16,-0.001863535881443335
2003-06-17,-0.005655656628416816
2003-06-18,-0.016280171611427953
2003-06-19,-0.008325566831533349
2003-06-20,0.0009628779481089862
2003-06-23,-0.004605745355831101
2003-06-24,0.0035025803709756104
2003-06-25,0.009824364788445327
2003-06-26,-0.002396406082776624
2003-06-27,0.0014799432613498604
2003-06-30,-0.0012401422401754835
2003-07-01,-0.008431615165237017
2003-07-02,-0.0014899915264487366
2003-07-03,0.0015783638277109928
2003-07-07,-0.003117426370853866
2003-07-08,0.004994601922370555
2003-07-09,0.005034505843111787
2003-07-10,-0.0008685628267997032
2003-07-11,-0.001485694376890356
2003-07-14,0.002932377783252432
2003-07-15,0.006384371990370589
2003-07-16,-0.00026416616401482703
2003-07-17,-0.00972121561618553
2003-07-18,-0.009468078615621416
2003-07-21,0.003435299855033667
2003-07-22,0.0007994029783754314
2003-07-23,0.004927799028687819
2003-07-24,-0.0008383847534036787
2003-07-25,-0.005070773096821404
2003-07-28,0.007225183704189821
2003-07-29,-0.0009135295450881669
2003-07-30,-0.00666002809691788
2003-07-31,0.000516951940558381
2003-08-01,-0.007805370955504423
2003-08-04,-0.01493114163589017
2003-08-05,0.004370446817367498
2003-08-06,-0.010863592914313368
2003-08-07,0.0018063991269765612
2003-08-08,-0.0025479657676277757
2003-08-11,0.004809286945697742
2003-08-12,0.001599392310724796
2003-08-13,0.0037550608896938812
2003-08-14,-0.0017883890871149698
2003-08-15,-0.0011326848875182222
2003-08-18,0.008577911121087183
2003-08-19,0.0071289528488524285
2003-08-20,0.00442766035937741
2003-08-21,0.008254120545344055
2003-08-22,-0.0038773392604524123
2003-08-25,-0.003937588738111585
2003-08-26,0.0034392344420328463
2003-08-27,0.008782426648744032
2003-08-28,0.0024137661574720973
2003-08-29,0.006249456431115154
2003-09-02,0.0036797899990534547
2003-09-03,-0.005433704452812269
2003-09-04,0.003981024940163621
2003-09-05,0.002185623125096804
2003-09-08,0.006798793257492735
2003-09-09,-0.0006765148945204356
2003-09-10,-0.009949935716297667
2003-09-11,0.0035845943118010385
2003-09-12,0.003214270732631053
2003-09-15,-0.0025877238159914837
2003-09-16,-0.0024793245311017487
2003-09-17,0.0021131257765190678
2003-09-18,0.0007487447335994698
2003-09-19,-0.0011681033734454176
2003-09-22,0.0007559560156524298
2003-09-23,-0.0019076867256748078
2003-09-24,-0.0034456878219411642
2003-09-25,-0.008926562017214543
2003-09-26,-0.0022494311181885476
2003-09-29,0.0031188680182524056
2003-09-30,0.004960504214423919
2003-10-01,0.0009965214166156174
2003-10-02,0.010881103854838722
2003-10-03,0.005534361171411038
2003-10-06,0.0019114644459439648
2003-10-07,0.0020115079593713767
2003-10-08,-0.001530358210184637
2003-10-09,0.0021031082978184164
2003-10-10,0.003042529098605137
2003-10-13,0.0026855005387721592
2003-10-14,-0.001239406748361823
2003-10-15,-0.0028651706934884544
2003-10-16,3.743192254641669e-05
2003-10-17,-0.002105096560592735
2003-10-20,0.003087674658398789
2003-10-21,0.005615583825992789
2003-10-22,-0.0013683031850767497
2003-10-23,-0.01760671392823168
2003-10-24,-0.0006105290035533386
2003-10-27,0.005539840689814387
2003-10-28,0.008652119259003551
2003-10-29,-0.0004617872997330715
2003-10-30,0.00035397140784828077
2003-10-31,-0.007899339555071386
2003-11-03,0.01129049447795653
2003-11-04,0.004633668173798981
2003-11-05,-0.0016601452704815272
2003-11-06,-0.00390841752841025
2003-11-07,0.003136192716221763
2003-11-10,-0.0018101870960686081
2003-11-11,-0.007651565359104546
2003-11-12,0.002290459422047581
2003-11-13,-0.004858020882908618
2003-11-14,-0.004983666275970399
2003-11-17,-0.007660761202131398
2003-11-18,0.0037774632784979916
2003-11-19,-0.0017944928813372158
2003-11-20,0.0015237607281540697
2003-11-21,0.00512785400223209
2003-11-24,0.001121551613581602
2003-11-25,0.0012781476306956917
2003-11-26,0.000825565280645812
2003-11-28,0.006080465980817341
2003-12-01,0.0032934623968115043
2003-12-02,-0.00042244571191693163
2003-12-03,0.0015940673338334422
2003-12-04,-0.0066622442961977455
2003-12-05,0.0032561733816687116
2003-12-08,-0.0015483946748135644
2003-12-09,0.006547730703969131
2003-12-10,-0.007775413778237341
2003-12-11,0.00033887010773742663
2003-12-12,-0.002760035405431426
2003-12-15,-0.0032554183876934853
2003-12-16,0.0020796386770391426
2003-12-17,0.0020183475068655077
2003-12-18,0.004795017094094048
2003-12-19,-6.904426632740639e-05
2003-12-22,0.004723071576803531
2003-12-23,0.00132562931301242
2003-12-24,0.00402306235338758
2003-12-26,0.0007190728140661307
2003-12-29,0.004986144050774949
2003-12-30,-0.003188848131738188
2003-12-31,0.0012580611660916044
2004-01-02,0.0057813663855017655
2004-01-05,0.016090020930746393
2004-01-06,-0.002437639906424057
2004-01-07,-0.008022926375049758
2004-01-08,0.005800816283382748
2004-01-09,0.0007183055381639868
2004-01-12,0.0015216408003276888
2004-01-13,-0.0002894110860757603
2004-01-14,-0.010685478798487016
2004-01-15,-0.010844754431134553
2004-01-16,-0.007902405039892898
2004-01-20,0.013530910549348745
2004-01-21,-0.005437195080815069
2004-01-22,-0.0035123757103748847
2004-01-23,0.0030750245962807617
2004-01-26,-0.004061213971435708
2004-01-27,0.0061188049866745765
2004-01-28,-0.004531478615489304
2004-01-29,-0.022805156719018747
2004-01-30,-0.0030422732172436595
2004-02-02,0.002021758092978596
2004-02-03,0.004710729939545466
2004-02-04,-0.0002421365431039834
2004-02-05,-0.005496336103577623
2004-02-06,0.0010199928311048143
2004-02-09,0.0062130297703705045
2004-02-10,0.001732293478236923
2004-02-11,0.005043842645163293
2004-02-12,0.005818313457441356
2004-02-13,-0.0035898918808563766
2004-02-17,-0.0017542914940905704
2004-02-18,-0.004311877584835855
2004-02-19,-0.006680526403107418
2004-02-20,-0.004187602197985338
2004-02-23,-0.0006293207591514402
2004-02-24,0.004199765692331817
2004-02-25,-0.0013316130103305825
2004-02-26,-0.001548691239448606
2004-02-27,0.007883250406541526
2004-03-01,0.007158479764425331
2004-03-02,-0.0017784527288951175
2004-03-03,-0.006224380838809212
2004-03-04,-0.00030142283063543703
2004-03-05,0.007348537330167553
2004-03-08,0.006966055921573988
2004-03-09,-0.008612121304535961
2004-03-10,-0.009224448266929742
2004-03-11,-0.00919688209194211
2004-03-12,0.0008055423358571121
2004-03-15,-0.006468791204666993
2004-03-16,0.004262003307296618
2004-03-17,0.004986898417155621
2004-03-18,0.006855379373338007
2004-03-19,0.006867162091631775
2004-03-22,-0.0026257388086637383
2004-03-23,0.005668008088847914
2004-03-24,-0.011091318380386163
2004-03-25,-0.003723174170184397
2004-03-26,0.003470554226978934
2004-03-29,-0.004636430625136449
2004-03-30,0.006165471670617422
2004-03-31,0.008946422533068772
2004-04-01,0.004785249853532758
2004-04-02,-0.0069576031309021595
2004-04-05,-0.007027858704204251
2004-04-06,0.00010632799541209864
2004-04-07,0.0025379456575086216
2004-04-08,-0.00044021064409882735
2004-04-12,-0.0009513172968314283
2004-04-13,-0.005340468670712738
2004-04-14,-0.013282634115749198
2004-04-15,0.0020259793178080856
2004-04-16,0.004996048496050729
2004-04-19,-0.005566494828537185
2004-04-20,0.006949565414027189
2004-04-21,-0.009730387999477596
2004-04-22,-0.002921766586557911
2004-04-23,-0.0012828059888021302
2004-04-26,0.0013019292332238574
2004-04-27,-0.0008420747499037942
2004-04-28,-0.017098271434700142
2004-04-29,-0.008369692667684102
2004-04-30,0.002283263274119036
2004-05-03,0.005895907107238261
2004-05-04,0.005354227812205771
2004-05-05,-0.0009790385871804883
2004-05-06,-0.01701311519873838
2004-05-07,-0.014194044896866926
2004-05-10,-0.02930663507085232
2004-05-11,0.009650700295079657
2004-05-12,0.006786299526671101
2004-05-13,-0.004531339162418864
2004-05-14,1.5301308513925962e-05
2004-05-17,-0.005796845391088102
2004-05-18,-0.0031516712794367793
2004-05-19,0.011700621342549037
2004-05-20,-0.0034358358465167303
2004-05-21,0.0008752704718177002
2004-05-24,0.0018382554298591012
2004-05-25,-0.0020465138259919955
2004-05-26,-0.006783710879878692
2004-05-27,-0.003217379457085337
2004-05-28,-0.004297624625127436
2004-06-01,0.009143674129133314
2004-06-02,0.004614943205527985
2004-06-03,0.003436408647303228
2004-06-04,0.00099084135375117
2004-06-07,-0.001370368195776219
2004-06-08,-0.0010831499145058752
2004-06-09,0.00024904171509145976
2004-06-10,0.007560987108491176
2004-06-14,0.007081651116986322
2004-06-15,-0.004811825600261036
2004-06-16,0.0035658444996894485
2004-06-17,0.0002225167472993464
2004-06-18,0.007466435490269792
2004-06-21,-0.00013308662795405142
2004-06-22,-0.003889054104199248
2004-06-23,-0.0016108584053223499
2004-06-24,-0.009105151842302166
2004-06-25,-0.004310801390888072
2004-06-28,0.006209445316125674
2004-06-29,-0.005169029091696688
2004-06-30,-0.0046227941590520315
2004-07-01,-0.0024162903644552387
2004-07-02,-0.0014774272112712315
2004-07-06,0.0021505494582773842
2004-07-07,-0.0010594090161039106
2004-07-08,0.0014990959689331425
2004-07-09,-0.001044909762316538
2004-07-12,0.004034221710124253
2004-07-13,-0.004446557301553549
2004-07-14,0.009795206839246045
2004-07-15,0.0027820288966855073
2004-07-16,0.004250970853852769
2004-07-19,-0.0023114653744366644
2004-07-20,0.002573350601405227
2004-07-21,-0.002120870592025208
2004-07-22,-0.008819438562937189
2004-07-23,0.0014521868246018248
2004-07-26,-0.0033475012952295068
2004-07-27,0.0008183173616780005
2004-07-28,0.004601672312433109
2004-07-29,-0.0015913096786861268
2004-07-30,-0.0029809549568001357
2004-08-02,0.007275741541030575
2004-08-03,0.006365323493321438
2004-08-04,-0.005260942038048904
2004-08-05,-0.010056233259152201
2004-08-06,0.006985354478662693
2004-08-09,-0.001398675810487838
2004-08-10,-0.002999585946440648
2004-08-11,-0.0016794926499370919
2004-08-12,0.004897502114885595
2004-08-13,-0.0016702598529011903
2004-08-16,0.0012894314511407178
2004-08-17,-0.0012651807451993665
2004-08-18,-0.005997504671399949
2004-08-19,0.0003708224312126582
2004-08-20,0.00420783542650683
2004-08-23,-0.004344242932779522
2004-08-24,0.0037571812452776407
2004-08-25,-0.0048786566178605694
2004-08-26,-0.0014453008704085482
2004-08-27,-0.0019297370747326796
2004-08-30,0.01323890288864175
2004-08-31,0.005772563702333454
2004-09-01,-0.0059056344884860935
2004-09-02,-0.003934993899817169
2004-09-03,0.010445960621937252
2004-09-07,0.00970476289814655
2004-09-08,0.0009067027598330839
2004-09-09,-0.012150048451151673
2004-09-10,-0.012342292310926846
2004-09-13,-0.00677839989516515
2004-09-14,0.0011405595558858146
2004-09-15,0.008128269660823126
2004-09-16,0.009168572393791565
2004-09-17,0.0014065978113566614
2004-09-20,-0.003488599427676098
2004-09-21,0.0038513591384751254
2004-09-22,0.004067372641118313
2004-09-23,-0.0015158914311240177
2004-09-24,0.010145881898688256
2004-09-27,0.00527850645674148
2004-09-28,0.007776117083583654
2004-09-29,-0.003966529498762668
2004-09-30,0.0035820701306231635
2004-10-01,-0.003919316191815647
2004-10-04,-0.0002603160314978142
2004-10-05,0.005040708698557852
2004-10-06,-0.0012792010608326044
2004-10-07,0.0027934676851957456
2004-10-08,0.014072382405553103
2004-10-11,-0.003907381077649488
2004-10-12,0.0011402558490600546
2004-10-13,-0.01341071773892197
2004-10-14,0.007075091322724775
2004-10-15,0.007034304841287125
2004-10-18,-0.005798312563014617
2004-10-19,-0.005547909165878001
2004-10-20,-0.0028752464970949756
2004-10-21,0.003685689968991235
2004-10-22,0.011285614480070769
2004-10-25,-0.001349169795349383
2004-10-26,0.0017344092693409156
2004-10-27,-0.01388366624137656
2004-10-28,-0.0058595827450395824
2004-10-29,0.007516494120168202
2004-11-01,0.0037985064412503072
2004-11-02,-0.004592994088647557
2004-11-03,0.00500723061340492
2004-11-04,0.0019591269132966526
2004-11-05,-0.010506899546410755
2004-11-08,-0.005802781429406792
2004-11-09,0.0010579993386021231
2004-11-10,0.010768555076383362
2004-11-11,-0.0011355553120666383
2004-11-12,0.005462465329762716
2004-11-15,-0.008258292632932923
2004-11-16,-0.001436231557270946
2004-11-17,-0.0035371464370763826
2004-11-18,-0.003640435450414013
2004-11-19,0.00994578721715063
2004-11-22,0.007844620954195431
2004-11-23,0.007545712783502904
2004-11-24,0.0016200553328654145
2004-11-26,0.011625184698903094
2004-11-29,3.039122251009727e-05
2004-11-30,0.0039733004012620955
2004-12-01,-0.010510372715014546
2004-12-02,-0.01297445619098076
2004-12-03,0.007432006404463687
2004-12-06,-0.0003315333749030832
2004-12-07,-0.0016072994566445045
2004-12-08,-0.007892540976714192
2004-12-09,0.0007670005030881104
2004-12-10,0.003265652306665959
2004-12-13,0.005752810596050563
2004-12-14,-0.004263541607260586
2004-12-15,0.0035257784607208137
2004-12-16,-0.003002380041134557
2004-12-17,0.006756467102723265
2004-12-20,0.007766474163606442
2004-12-21,0.0012944686646807555
2004-12-22,0.00026845522413919117
2004-12-23,0.00020045052405365024
2004-12-27,0.00696349169103075
2004-12-28,-0.0046319309622643665
2004-12-29,-0.001211537696122535
2004-12-30,0.001965006628686918
2004-12-31,-0.0018734184472985382
2005-01-03,-0.0023831311927895397
2005-01-04,-0.0028386082517880057
2005-01-05,-0.006134590350828892
2005-01-06,-0.0019325184769622757
2005-01-07,-0.0015074086835531798
2005-01-10,-0.0031014483683601936
2005-01-11,0.0018597224099308645
2005-01-12,-0.0017720025468456998
2005-01-13,0.0068231481717286
2005-01-14,0.0023253049681085138
2005-01-18,-0.005464694977086214
2005-01-19,0.008821746277538864
2005-01-20,-0.009050986853608247
2005-01-21,0.009773531193248225
2005-01-24,0.01210969490344875
2005-01-25,-0.005520473897776695
2005-01-26,0.0001789047591546471
2005-01-27,-0.0008257312621757089
2005-01-28,0.0017175865460981887
2005-01-31,0.0002082207407086418
2005-02-01,0.0020376021303263017
2005-02-02,0.0035354325873719642
2005-02-03,0.0062313399348844336
2005-02-04,-0.008523285793871977
2005-02-07,0.0018083018554516201
2005-02-08,-0.003462460981343355
2005-02-09,0.016249422807041072
2005-02-10,0.002993362512994824
2005-02-11,-0.0067203749697488475
2005-02-14,0.0014900246315915047
2005-02-15,7.452179245529844e-05
2005-02-16,0.003858734789988872
2005-02-17,0.009454418188406654
2005-02-18,0.002261118424981249
2005-02-22,0.0029734091991792835
2005-02-23,0.004303208967048588
2005-02-24,0.0006964177699231829
2005-02-25,0.0012256913655409312
2005-02-28,0.007354791487711571
2005-03-01,-0.01577409793607826
2005-03-02,0.004201494736158133
2005-03-03,0.009782555513923165
2005-03-04,0.009825324687962675
2005-03-07,-0.005415708354370138
2005-03-08,0.0036053583802396587
2005-03-09,-0.008639419976044099
2005-03-10,-0.012992660383651518
2005-03-11,0.01053524500884504
2005-03-14,-0.01244705628376882
2005-03-15,-0.0010679592359699322
2005-03-16,0.005678481866615751
2005-03-17,0.010117247242619053
2005-03-18,0.0013447155231419202
2005-03-21,-0.008236961749431825
2005-03-22,-0.004114547864846659
2005-03-23,-0.017869627854081475
2005-03-24,0.0008722436739258756
2005-03-28,-6.386238966255887e-05
2005-03-29,-0.0002564704307126632
2005-03-30,-0.0011378389291575586
2005-03-31,0.01170252619196858
2005-04-01,0.015489843532773271
2005-04-04,-0.0071377267313544246
2005-04-05,-0.006317822562928785
2005-04-06,-0.00024163479758519888
2005-04-07,-0.0007014572447931486
2005-04-08,0.0011515045624974846
2005-04-11,0.003917683392828597
2005-04-12,-0.004220900180875157
2005-04-13,-0.0029384690137900763
2005-04-14,-0.005041289388260143
2005-04-15,-0.006196502343166735
2005-04-18,0.0050308797623496776
2005-04-19,0.00990193596736512
2005-04-20,-0.0019057101566880064
2005-04-21,-0.00225726428255897
2005-04-22,0.0055157036187098215
2005-04-25,0.00457749037096465
2005-04-26,-0.0023884899850684445
2005-04-27,-0.008473087126128511
2005-04-28,-0.005408184557914971
2005-04-29,0.004275221469007154
2005-05-02,0.0012084815740241433
2005-05-03,-0.0070015278640446765
2005-05-04,0.005674813577337202
2005-05-05,-0.00027018914549378607
2005-05-06,-0.00014369097613156235
2005-05-09,-2.8492555238959977e-05
2005-05-10,-0.00715646235722127
2005-05-11,-0.0013795652593180737
2005-05-12,-0.011467665548598405
2005-05-13,-0.012992311468204195
2005-05-16,-0.0009382849822080269
2005-05-17,0.0030629573963531537
2005-05-18,0.0013324950060786245
2005-05-19,0.0022066515300164496
2005-05-20,-0.0013500475112554382
2005-05-23,-0.0007026238798272188
2005-05-24,0.0014768294838688174
2005-05-25,0.002695507041939392
2005-05-26,-0.003189251634121158
2005-05-27,0.0058922999374658265
2005-05-31,0.002767365602805779
2005-06-01,0.004044062471769764
2005-06-02,0.0024154215076024462
2005-06-03,0.006162583737022561
2005-06-06,-0.002844485117361958
2005-06-07,-0.0038658650287045062
2005-06-08,0.0033056795489281943
2005-06-09,-0.003740797382140801
2005-06-10,0.0071226251873312595
2005-06-13,0.0023723984222156443
2005-06-14,0.00882129523958955
2005-06-15,0.00016685147966927775
2005-06-16,0.0009339411317803969
2005-06-17,0.005329613170614128
2005-06-20,0.0011527788374586523
2005-06-21,-0.007689239839961363
2005-06-22,0.0024989514587663107
2005-06-23,0.0024961270311025553
2005-06-24,0.0020083425206013977
2005-06-27,0.011889212274058173
2005-06-28,-0.007152521011757901
2005-06-29,0.0035783648140323768
2005-06-30,0.004039755186654294
2005-07-01,0.004776345896297783
2005-07-05,-0.002382280437795747
2005-07-06,-0.0008179389830189097
2005-07-07,0.002207102923428427
2005-07-08,-0.007051297461694672
2005-07-11,0.0011368344235729742
2005-07-12,0.003260991558001014
2005-07-13,0.0014264334381823111
2005-07-14,-0.010311081709577268
2005-07-15,-0.0052249462495981185
2005-07-18,0.0027908165385413445
2005-07-19,0.0034521844389289757
2005-07-20,-0.004613176104654864
2005-07-21,-0.002097726923967154
2005-07-22,0.004463448002623076
2005-07-25,-0.0057542515366874976
2005-07-26,0.005318653741415372
2005-07-27,0.0010348062039639869
2005-07-28,0.003429894296285849
2005-07-29,0.003517618159721431
2005-08-01,0.005475096117370041
2005-08-02,0.0065742367394076365
2005-08-03,-0.0020540464168300743
2005-08-04,0.002957734553180542
2005-08-05,-0.00822273926609822
2005-08-08,-0.00019660148215166768
2005-08-09,0.003351828802820404
2005-08-10,0.0036523164264749466
2005-08-11,-0.0068389597968350835
2005-08-12,0.0027179276660754654
2005-08-15,0.00270238369577807
2005-08-16,-0.0015689131785331758
2005-08-17,-0.007945484162494566
2005-08-18,-0.005591510085027725
2005-08-19,-0.002729320623997524
2005-08-22,0.008510432879612787
2005-08-23,-0.00046577296697561843
2005-08-24,0.0008598426367817647
2005-08-25,0.005502520948101485
2005-08-26,-0.0034684447628979646
2005-08-29,-0.0017044859350857412
2005-08-30,0.006556235419216735
2005-08-31,0.009868753381580386
2005-09-01,0.014097077896707985
2005-09-02,0.00342598577236138
2005-09-06,0.0011881671802020442
2005-09-07,-0.0012334504691197204
2005-09-08,0.0020923427173195346
2005-09-09,0.006222629277353362
2005-09-12,-0.009772855119001306
2005-09-13,-0.0012960702980684526
2005-09-14,0.01049233749755294
2005-09-15,0.0075677288993718445
2005-09-16,0.0026104356638885257
2005-09-19,0.013677055376354188
2005-09-20,0.003449658037941441
2005-09-21,0.02000586330804072
2005-09-22,-0.007705234763483625
2005-09-23,-0.0036866947761056254
2005-09-26,0.0076319180049165365
2005-09-27,-0.001423421795400073
2005-09-28,0.008704200499635545
2005-09-29,-0.004803185068806802
2005-09-30,-0.005526320556843353
2005-10-03,0.004044123378217619
2005-10-04,-0.0071665637439792835
2005-10-05,-0.011568887491420432
2005-10-06,-0.020038360792484836
2005-10-07,0.01176935489708001
2005-10-10,0.006586892487293852
2005-10-11,0.009572135338135123
2005-10-12,-0.011883904048471368
2005-10-13,-0.010681919990877035
2005-10-14,-0.0031514182761746496
2005-10-17,0.00464157654713529
2005-10-18,-0.007423231336866267
2005-10-19,-0.004636186149675669
2005-10-20,-0.015124374240540391
2005-10-21,0.007541076666026138
2005-10-24,0.001385540975815632
2005-10-25,0.003419380226868399
2005-10-26,0.004244192053294092
2005-10-27,0.004081980784812933
2005-10-28,-0.004494153865344222
2005-10-31,0.0031000170114292977
2005-11-01,0.007493752017858022
2005-11-02,-0.007453348024037668
2005-11-03,-0.005088326786051684
2005-11-04,-0.0037170078326226696
2005-11-07,-0.0012478575239607817
2005-11-08,0.005999556833436222
2005-11-09,-0.005747294967437895
2005-11-10,-0.010436629612527979
2005-11-11,-0.0011005647088092219
2005-11-14,-0.004842931535618498
2005-11-15,0.005872766745511576
2005-11-16,0.007350274511257648
2005-11-17,-0.0023059361032235024
2005-11-18,-0.008002378894867634
2005-11-21,0.0008513000781328716
2005-11-22,-0.0025964952470451386
2005-11-23,-0.0002766403171839419
2005-11-25,0.0027663847045728126
2005-11-28,0.005484336756660564
2005-11-29,-0.0015958482847662553
2005-11-30,-0.0031726647976562305
2005-12-01,0.0022978172343714395
2005-12-02,0.0036139503124267207
2005-12-05,0.005866840160912821
2005-12-06,0.006854967488680582
2005-12-07,-0.004127464728285316
2005-12-08,-0.00221808880177218
2005-12-09,0.0003888683737740137
2005-12-12,0.0002580910029114715
2005-12-13,-0.0012011334814380904
2005-12-14,-0.005143233791681015
2005-12-15,-0.0026935068465572887
2005-12-16,-0.002286833897783685
2005-12-19,0.0019456259243840579
2005-12-20,0.0014054667626368033
2005-12-21,0.004411544880418177
2005-12-22,-0.002917171093391636
2005-12-23,-0.0007686909570849161
2005-12-27,0.0048377126381639
2005-12-28,0.0004515003582335504
2005-12-29,0.00882423619833349
2005-12-30,0.003406774613320731
2006-01-03,0.005028492098548225
2006-01-04,0.0022442015412941457
2006-01-05,-0.008379746222132257
2006-01-06,0.0028203737460796314
2006-01-09,0.0006663961400434674
2006-01-10,-0.009872571612991484
2006-01-11,0.004709741299073589
2006-01-12,0.0033719608897229483
2006-01-13,0.0028530554704424877
2006-01-17,-0.006929954551828159
2006-01-18,-0.007879946520079152
2006-01-19,0.008953781890935167
2006-01-20,0.004441933416627764
2006-01-23,0.007991646691792333
2006-01-24,0.005759138293184455
2006-01-25,-0.00213786648730745
2006-01-26,0.0052870232723652814
2006-01-27,-0.003899149955063793
2006-01-30,0.0034638346198425938
2006-01-31,0.008870037442128135
2006-02-01,-0.01025034681939788
2006-02-02,8.647297082674583e-06
2006-02-03,-0.001418884386580277
2006-02-06,0.006919239823589228
2006-02-07,-0.013493763801427557
2006-02-08,-0.00545549269103094
2006-02-09,0.006043620033453344
2006-02-10,-0.006606785848282379
2006-02-13,-0.010738181938594483
2006-02-14,0.0036280569648294587
2006-02-15,-0.007438004813466414
2006-02-16,0.008798144761120286
2006-02-17,0.006205538913470431
2006-02-21,0.0035714209390971465
2006-02-22,-4.8612947328909235e-05
2006-02-23,0.0021791383994500604
2006-02-24,0.0016835330591795968
2006-02-27,-0.008839969126679578
2006-02-28,0.006988663433545169
2006-03-01,-0.0008552912349552909
2006-03-02,0.002965955896692565
2006-03-03,-0.0005569837874935967
2006-03-06,-0.0054521235138719525
2006-03-07,-0.010846750558079802
2006-03-08,-0.008151256500589408
2006-03-09,0.003987473954979011
2006-03-10,0.0009466476687283796
2006-03-13,0.001301744568979531
2006-03-14,0.001975512405153725
2006-03-15,0.0037390255081327186
2006-03-16,0.007077386346702838
2006-03-17,-0.0010836870220087972
2006-03-20,-0.001782748163997104
2006-03-21,-0.00440919168831913
2006-03-22,-0.0003837968519022669
2006-03-23,-0.003692821086115446
2006-03-24,0.0037876307895536084
2006-03-27,-0.005775940297810888
2006-03-28,-0.004307250240026136
2006-03-29,0.0013838488067733838
2006-03-30,0.0071166243637554505
2006-03-31,0.0010245500384138406
2006-04-03,0.0033516152218579696
2006-04-04,-0.0016021755506743056
2006-04-05,-0.0024764696333870757
2006-04-06,0.0010252904134597494
2006-04-07,-0.002170507007495319
2006-04-10,-0.000570987987872074
2006-04-11,0.0010238082110125054
2006-04-12,-0.0022288477739036234
2006-04-13,-0.0037881028721026343
2006-04-17,0.01122624156170594
2006-04-18,0.0020027379411792275
2006-04-19,0.00805839399819314
2006-04-20,-0.010925034217587974
2006-04-21,0.014556006851290014
2006-04-24,-0.004236316484551063
2006-04-25,0.00015735067838375054
2006-04-26,0.006627351755988869
2006-04-27,-0.010553930005891225
2006-04-28,0.011556278424921134
2006-05-01,0.004655486761810632
2006-05-02,0.006512836127543206
2006-05-03,-0.002326560957601117
2006-05-04,0.004769529791540831
2006-05-05,4.307286158002294e-07
2006-05-08,0.002586986538974184
2006-05-09,0.013278488528009197
2006-05-10,0.003141583282164677
2006-05-11,0.005548099149671109
2006-05-12,-0.003897615430757489
2006-05-15,-0.01817450211859073
2006-05-16,0.008455128493884556
2006-05-17,-0.011377374143657264
2006-05-18,-0.00041038904097437113
2006-05-19,-0.0063567643886253185
2006-05-22,-0.011415510800528467
2006-05-23,0.01354266558397091
2006-05-24,-0.01845148000107382
2006-05-25,0.002647470894137813
2006-05-26,-0.001365622239607289
2006-05-30,0.003879287412294976
2006-05-31,-0.002877000022237515
2006-06-01,-0.014489821089921771
2006-06-02,0.006640297932636446
2006-06-05,0.0007250770178470994
2006-06-06,-0.006145374455825873
2006-06-07,-0.0031912918763944095
2006-06-08,-0.016797023990123165
2006-06-09,0.000929205483067242
2006-06-12,0.003285200391450649
2006-06-13,-0.024617259514311183
2006-06-14,0.004164328773818258
2006-06-15,0.007048600078312065
2006-06-16,0.00155538781450349
2006-06-19,-0.0009576334829523404
2006-06-20,0.005872771193382554
2006-06-21,0.005637723882702394
2006-06-22,0.0024824751724137548
2006-06-23,0.0005699845208916566
2006-06-26,0.0008903285019270464
2006-06-27,0.002602528147420428
2006-06-28,0.001900475139495733
2006-06-29,0.005585760963434005
2006-06-30,0.007240255400651074
2006-07-03,0.0023204347458802904
2006-07-05,0.0037381546058761375
2006-07-06,0.004169111132020452
2006-07-07,0.004335901397001113
2006-07-10,0.0074232910700164365
2006-07-11,-0.0019998077309808567
2006-07-12,0.007007611811255383
2006-07-13,0.003284216640431911
2006-07-14,0.0010233052138444933
2006-07-17,-0.009336841406220712
2006-07-18,-8.431556485975509e-05
2006-07-19,0.0030390162626862576
2006-07-20,0.003211187641513753
2006-07-21,0.005005147973288249
2006-07-24,-0.005533458930008945
2006-07-25,-0.006317724835922265
2006-07-26,-0.00029226509360755345
2006-07-27,0.004517773546314709
2006-07-28,-0.00449704032807614
2006-07-31,-0.001005131833459937
2006-08-01,0.010648467288396853
2006-08-02,-0.00524495963119536
2006-08-03,-0.004211903637424613
2006-08-04,0.007951144090931726
2006-08-07,0.002002559025720829
2006-08-08,-0.00038154864185005433
2006-08-09,0.0012928135467194918
2006-08-10,-0.009794174721914416
2006-08-11,0.004453338190679908
2006-08-14,-0.004697839418874029
2006-08-15,-0.006557963254401581
2006-08-16,-0.010245974553906587
2006-08-17,-0.00829042197403395
2006-08-18,0.0005494684686720438
2006-08-21,0.011907757382607721
2006-08-22,0.000792885535619492
2006-08-23,-0.0027255543141327565
2006-08-24,0.0005081248815660688
2006-08-25,-0.0008458639088655505
2006-08-28,4.277254118906682e-05
2006-08-29,-0.005093596594341511
2006-08-30,-0.002942934579459708
2006-08-31,-0.0009508042043931267
2006-09-01,-0.0013190727053967583
2006-09-05,4.483008499749373e-05
2006-09-06,0.00531423688470705
2006-09-07,-0.005372781094882117
2006-09-08,-0.003196578450402432
2006-09-11,-0.0099782753910559
2006-09-12,-0.0070872458543436104
2006-09-13,0.0012432498838777044
2006-09-14,-0.0008875869345385253
2006-09-15,-0.0002162556976902364
2006-09-18,0.0011432806124839889
2006-09-19,0.0011847101427373901
2006-09-20,-0.003705426445870112
2006-09-21,0.003319944229674185
2006-09-22,0.005421230278197945
2006-09-25,-0.00705765191407612
2006-09-26,-0.005107449784042386
2006-09-27,0.002289655230841125
2006-09-28,-0.0005639055067366896
2006-09-29,0.0036057963681893576
2006-10-02,0.0008101354869966468
2006-10-03,0.0032899427521820776
2006-10-04,-0.0034431550156383433
2006-10-05,-0.004109730549294865
2006-10-06,-0.002664596437793188
2006-10-09,-0.0020047055839291974
2006-10-10,-0.0006078211245651813
2006-10-11,0.002108065161611237
2006-10-12,-0.002082737171512342
2006-10-13,-0.00027964651325298025
2006-10-16,-0.005967084209456826
2006-10-17,0.0014156027009321578
2006-10-18,0.007287112608860708
2006-10-19,-0.0011045713939665434
2006-10-20,0.005364862348168883
2006-10-23,0.0011696041932507209
2006-10-24,-0.0030015931918395402
2006-10-25,-0.0025215789548975217
2006-10-26,0.0021761966033520446
2006-10-27,-0.0011143507514024182
2006-10-30,0.0002639356689713149
2006-10-31,0.0010080859790704924
2006-11-01,0.003861976044305356
2006-11-02,-0.006818122226251049
2006-11-03,-0.006276720097886341
2006-11-06,0.0039996901549288685
2006-11-07,-0.0036095083797960913
2006-11-08,-0.000473853666962415
2006-11-09,0.0008361124397535712
2006-11-10,0.002631674085645185
2006-11-13,0.001896352359355654
2006-11-14,-0.002081278583896987
2006-11-15,-0.0011811584850063323
2006-11-16,0.007241241440169855
2006-11-17,-0.000600118383650522
2006-11-20,0.011275768526067318
2006-11-21,0.0034161650598151004
2006-11-22,0.00160933111589042
2006-11-24,-0.0004886165401618071
2006-11-27,-0.01162821135375414
2006-11-28,-0.003604515656528423
2006-11-29,0.004965215227407065
2006-11-30,0.0006746166672111358
2006-12-01,-0.002891487738815058
2006-12-04,0.0030582051004131427
2006-12-05,0.002104467824875951
2006-12-06,-0.001810137137599678
2006-12-07,0.00040172027528401406
2006-12-08,0.00330623631155103
2006-12-11,0.006824734301886099
2006-12-12,0.0008662856121607683
2006-12-13,0.0012467589688476104
2006-12-14,-0.0020816289541436836
2006-12-15,-0.0035930482943700545
2006-12-18,0.002814838317714288
2006-12-19,0.0017621918269065037
2006-12-20,-0.00010529229177641216
2006-12-21,-0.0005850873070088961
2006-12-22,-0.00015586563984229713
2006-12-26,0.005209397074575822
2006-12-27,0.007522727619395593
2006-12-28,0.0031534023559302306
2006-12-29,0.0026389347363904112
2007-01-03,0.011521803100780952
2007-01-04,-0.011861561297595028
2007-01-05,-0.007638562834267727
2007-01-08,0.0030659641955198286
2007-01-09,-0.006099136471704359
2007-01-10,-0.0031648524654713938
2007-01-11,0.0035180143435369817
2007-01-12,-0.0035176647966662852
2007-01-16,0.00825569313051502
2007-01-17,0.001257472977279733
2007-01-18,0.007300688575268113
2007-01-19,0.004293402785040685
2007-01-22,0.002909902772317445
2007-01-23,0.0038526352464608163
2007-01-24,-0.0026148628424112414
2007-01-25,-0.0044527078884807015
2007-01-26,0.0013068012448174831
2007-01-29,-0.0028751179685238665
2007-01-30,0.005756395050405568
2007-01-31,-0.0031925031205098046
2007-02-01,-0.004619763986441322
2007-02-02,-0.0011933589168575533
2007-02-05,-0.00025715908865258215
2007-02-06,0.008972964451765276
2007-02-07,0.004514867699834739
2007-02-08,-0.0004384431524918098
2007-02-09,-0.0043504105665058785
2007-02-12,-0.003992891534847172
2007-02-13,0.0005093696400674721
2007-02-14,-0.003632384036916445
2007-02-15,0.0014657579956594531
2007-02-16,-0.0030023742227566113
2007-02-20,0.0030363966127824366
2007-02-21,-0.0054957431236950655
2007-02-22,-0.005364256673007415
2007-02-23,-0.006035013725262823
2007-02-26,-0.0002759194067427484
2007-02-27,-0.017349028617840052
2007-02-28,0.009397826753073324
2007-03-01,-0.002737807218338002
2007-03-02,0.0003468873203168873
2007-03-05,-0.015216402148582789
2007-03-06,0.014914821469662205
2007-03-07,-0.004671954180178339
2007-03-08,0.005508701801676364
2007-03-09,0.004896525253739595
2007-03-12,0.0034217742601279385
2007-03-13,-0.006144108642316352
2007-03-14,-0.0001729651782307157
2007-03-15,0.004174913993266073
2007-03-16,0.0011422289505939852
2007-03-19,0.005861852687322161
2007-03-20,0.00156201144854425
2007-03-21,-0.0016186623756878527
2007-03-22,-0.0006321615846490324
2007-03-23,-0.00032379037634862437
2007-03-26,0.001821936339031468
2007-03-27,-0.002903568420567824
2007-03-28,0.00018668420431575128
2007-03-29,0.005529590292913014
2007-03-30,0.0014591337473045022
2007-04-02,0.009484085033330678
2007-04-03,-0.0008412176362729278
2007-04-04,-0.002050653233714266
2007-04-05,-0.003308385770080411
2007-04-09,0.0010940249769576039
2007-04-10,0.0024846970511676137
2007-04-11,-0.0002108231702400887
2007-04-12,-0.0060848945356772426
2007-04-13,0.0041505986049677045
2007-04-16,-0.0021740322529271217
2007-04-17,0.0019584946519114028
2007-04-18,-0.006441284231696728
2007-04-19,-0.0032443669389721408
2007-04-20,-0.0005955927569512419
2007-04-23,-0.00546570342043128
2007-04-24,-0.005556548969373904
2007-04-25,-0.00010268338296629424
2007-04-26,-0.010096282967141183
2007-04-27,0.0035424099151020855
2007-04-30,0.007029519188180468
2007-05-01,-0.002043631848120658
2007-05-02,0.0011778104843500731
2007-05-03,-0.0014270383940884598
2007-05-04,0.006068526316532013
2007-05-07,0.005006920921018528
2007-05-08,-0.005440785227829709
2007-05-09,0.0035846732793836573
2007-05-10,-0.002150634455401695
2007-05-11,0.00877984499081616
2007-05-14,0.00042784160087600643
2007-05-15,0.009338396523208073
2007-05-16,0.0003541385454464955
2007-05-17,-0.002645539114991152
2007-05-18,0.006710236325860835
2007-05-21,-0.008069085562606998
2007-05-22,-0.014036341084779596
2007-05-23,0.0032963430250023207
2007-05-24,-0.005216587525685776
2007-05-25,0.007790145743184619
2007-05-29,-0.0030265074736255497
2007-05-30,0.004764774174211789
2007-05-31,-0.0033817396129745374
2007-06-01,0.006332004342130217
2007-06-04,-0.004087342045251006
2007-06-05,0.002142048380437258
2007-06-06,-0.007587571839136032
2007-06-07,-0.0015755285212171832
2007-06-08,0.008041242792137075
2007-06-11,0.009280235001982643
2007-06-12,0.00013390001797088677
2007-06-13,0.0033603337473748214
2007-06-14,0.007983790120385664
2007-06-15,0.0046196050380259805
2007-06-18,0.0068923109986620025
2007-06-19,-0.0014286722953842825
2007-06-20,-0.0009177293109703234
2007-06-21,0.004651310710453214
2007-06-22,-0.0010149276540211624
2007-06-25,0.006461891012136312
2007-06-26,0.002629079724435016
2007-06-27,-0.008929503489662217
2007-06-28,0.005876295390429433
2007-06-29,0.007437943023676794
2007-07-02,0.0013908024249081191
2007-07-03,0.00782679976125697
2007-07-05,-0.0007829251985599213
2007-07-06,-0.005133369959823363
2007-07-09,0.006987356262188201
2007-07-10,0.0038199121572961513
2007-07-11,0.005389916092769968
2007-07-12,0.00628591196046579
2007-07-13,-0.007213288517856642
2007-07-16,0.0010213224537218989
2007-07-17,0.0034504119798489546
2007-07-18,-0.003251847517636182
2007-07-19,0.0015040680892355284
2007-07-20,0.00586506774139685
2007-07-23,0.020909706472904563
2007-07-24,-0.00033765609221902005
2007-07-25,0.004010571217402476
2007-07-26,-0.008782826760847658
2007-07-27,0.0024321706871169276
2007-07-30,0.00928542681490194
2007-07-31,0.006731572648952679
2007-08-01,-0.007566664660054382
2007-08-02,-0.009073745476837303
2007-08-03,0.00845385818320292
2007-08-06,-0.0017207868783812425
2007-08-07,-0.012512529408092514
2007-08-08,-0.01984419351344413
2007-08-09,-0.016817068367707327
2007-08-10,0.00660859771306419
2007-08-13,0.01740711049424878
2007-08-14,0.007601236755024774
2007-08-15,-0.009497300725243532
2007-08-16,-0.03550053425860124
2007-08-17,0.0044743398321536385
2007-08-20,0.0034853848324572193
2007-08-21,-0.00463898644079533
2007-08-22,0.0210901218668529
2007-08-23,0.011235226263299867
2007-08-24,0.011324711846782269
2007-08-27,0.02074367619259076
2007-08-28,-0.001081212013878324
2007-08-29,0.005760704395568076
2007-08-30,-0.0015470666055948969
2007-08-31,0.0014745384464914244
2007-09-04,-0.001982955285131763
2007-09-05,0.009441328353389804
2007-09-06,0.005624496864965208
2007-09-07,0.002777515848238296
2007-09-10,0.013728214222516612
2007-09-11,0.0014831483354597616
2007-09-12,0.006467412869253019
2007-09-13,-0.003615436672117581
2007-09-14,-0.008442758361323755
2007-09-17,-0.0051840816336871
2007-09-18,-0.005494849289977063
2007-09-19,-0.0017690069328993338
2007-09-20,0.01719781581671307
2007-09-21,0.011742334420578529
2007-09-24,0.023534087057493606
2007-09-25,0.012920659266873752
2007-09-26,0.011066378066898105
2007-09-27,0.00628094207952979
2007-09-28,0.0012086076854300562
2007-10-01,-0.003767468477497497
2007-10-02,-0.016581198444261834
2007-10-03,-0.027286504970660538
2007-10-04,0.012184979450175153
2007-10-05,0.0021860237758157997
2007-10-08,0.007084594871106218
2007-10-09,0.007341657807896543
2007-10-10,0.00017430118154529605
2007-10-11,-0.0008699924421274858
2007-10-12,0.021619296233608407
2007-10-15,0.019391857632458397
2007-10-16,0.006980768295407162
2007-10-17,0.02798478049232611
2007-10-18,0.005262543458318651
2007-10-19,-0.006528428564834909
2007-10-22,-0.022272946273935345
2007-10-23,0.01230239315628487
2007-10-24,0.0023575115483464378
2007-10-25,0.008961369772167773
2007-10-26,0.00036290230240693957
2007-10-29,0.01960421635617731
2007-10-30,-0.016257636331229137
2007-10-31,0.02206056385928282
2007-11-01,0.014378707784189513
2007-11-02,0.013747842536795368
2007-11-05,-0.011922547564384873
2007-11-06,0.01148759348033792
2007-11-07,0.009178698792841394
2007-11-08,0.0033792731183541207
2007-11-09,-0.008852794765289244
2007-11-12,-0.04060822276085931
2007-11-13,-0.0007046011742531848
2007-11-14,0.019007099084370878
2007-11-15,-0.0034358968269419267
2007-11-16,0.018104483747283778
2007-11-19,0.008622994477840467
2007-11-20,0.030289534924419492
2007-11-21,-0.008167157072817328
2007-11-23,-0.003959414161760959
2007-11-26,0.019465502064688372
2007-11-27,-0.0019680043149221988
2007-11-28,-0.021487697020212044
2007-11-29,0.005609883334386009
2007-11-30,-0.022452832495924235
2007-12-03,0.005756210119435134
2007-12-04,0.010401785041195474
2007-12-05,-0.0005026471536398719
2007-12-06,-0.02779309831969758
2007-12-07,-0.010036530977477757
2007-12-10,-0.01677786109090925
2007-12-11,0.028026275343325847
2007-12-12,0.021298009135772965
2007-12-13,-0.0118860617555744
2007-12-14,0.0009786614162941554
2007-12-17,-0.013695187212837762
2007-12-18,0.006763235833362148
2007-12-19,0.004576307942392363
2007-12-20,0.0027780605496038713
2007-12-21,0.002190674563083243
2007-12-24,-0.007099292369178846
2007-12-26,0.011486215224357057
2007-12-27,0.009749847768778137
2007-12-28,0.012719575716409123
2007-12-31,-0.009321429936232965
2008-01-02,0.02892660064841429
2008-01-03,0.02275283330587517
2008-01-04,0.019052588785895053
2008-01-07,-0.004086373161442271
2008-01-08,0.030601895219154462
2008-01-09,0.0072515795626255635
2008-01-10,-0.007839178426521194
2008-01-11,-0.0054054897348339145
2008-01-14,0.00019930207250415272
2008-01-15,-0.006450005223438703
2008-01-16,-0.03907121517791083
2008-01-17,-0.005753645402395806
2008-01-18,0.012405963216007815
2008-01-22,-0.04273706791388884
2008-01-23,-0.06769926742831961
2008-01-24,0.018655024624277664
2008-01-25,0.017419660576461337
2008-01-28,-0.019315113765973373
2008-01-29,-0.006651885168305401
2008-01-30,0.010865768158106175
2008-01-31,-0.026025793089726534
2008-02-01,-0.023412769380800665
2008-02-04,0.023504434356574563
2008-02-05,-0.002622725190123937
2008-02-06,0.010242188418013026
2008-02-07,-7.425423091581007e-06
2008-02-08,0.02487495005273415
2008-02-11,0.010192685678109643
2008-02-12,-0.013834527808321031
2008-02-13,-3.937662969504471e-05
2008-02-14,0.012178669332758388
2008-02-15,0.00495979967630738
2008-02-19,0.026495496355463583
2008-02-20,0.00038402116712358484
2008-02-21,0.0016459467043989427
2008-02-22,0.001729793872446234
2008-02-25,-0.008773480345048757
2008-02-26,0.0004253690355541214
2008-02-27,0.006830245829329446
2008-02-28,0.027458652262096594
2008-02-29,0.0021325466342633215
2008-03-03,0.019967656231056775
2008-03-04,-0.01859598168026855
2008-03-05,0.023024830140296715
2008-03-06,0.007725678660666219
2008-03-07,-0.010258698609630083
2008-03-10,-0.0014065538843190512
2008-03-11,-0.008783343456417712
2008-03-12,0.01025737691565346
2008-03-13,-0.0006986080815280927
2008-03-14,0.011360553945664844
2008-03-17,-0.01691942370563273
2008-03-18,-0.025152073400153713
2008-03-19,-0.033495515750602806
2008-03-20,-0.044744047006457184
2008-03-24,-0.01197225522340179
2008-03-25,0.023463520356610087
2008-03-26,0.030111328129676956
2008-03-27,0.002670430690163252
2008-03-28,-0.001542372397234227
2008-03-31,-0.017044279958931898
2008-04-01,-0.03222419594613771
2008-04-02,0.019518152395251752
2008-04-03,0.00258851297236444
2008-04-04,0.01398693278295103
2008-04-07,0.007012043462462618
2008-04-08,0.0064705885771332485
2008-04-09,0.016829660979960696
2008-04-10,-0.0061705306230718775
2008-04-11,0.005870590170140827
2008-04-14,0.010375938778132695
2008-04-15,0.006278203392696954
2008-04-16,0.001359468497666547
2008-04-17,-0.002086736499334561
2008-04-18,-0.014036263418936292
2008-04-21,0.004007052623344191
2008-04-22,0.011063479920146996
2008-04-23,-0.01694793600325227
2008-04-24,-0.030406589016860015
2008-04-25,0.004812346920520982
2008-04-28,-0.0012723254057531194
2008-04-29,-0.026477522891572493
2008-04-30,0.025035284984387816
2008-05-01,-0.030358575116337536
2008-05-02,0.016181050275828973
2008-05-05,0.02284404210311121
2008-05-06,0.005414989775300502
2008-05-07,0.007523090063440918
2008-05-08,0.012557183142868137
2008-05-09,0.005925955463082461
2008-05-12,-0.01301768980631144
2008-05-13,0.009102104989446405
2008-05-14,-0.00973883742823757
2008-05-15,0.0025673242286841694
2008-05-16,0.015945361572786924
2008-05-19,0.004250962998631556
2008-05-20,0.020179965133117875
2008-05-21,0.016334894925927844
2008-05-22,-0.013372674514140757
2008-05-23,0.00791043843144938
2008-05-27,-0.023038574009378043
2008-05-28,0.018534682705038188
2008-05-29,-0.03115361794899897
2008-05-30,0.01664198625245019
2008-06-02,0.014981688467081259
2008-06-03,-0.015709996661052123
2008-06-04,-0.010764806927490428
2008-06-05,0.025457530303023796
2008-06-06,0.025716819779256054
2008-06-09,0.009158603405260996
2008-06-10,-0.016443878043130068
2008-06-11,0.02472851002623283
2008-06-12,-0.0040623789432137096
2008-06-13,-0.006971629652192269
2008-06-16,0.0016411555311645744
2008-06-17,0.017022492872455088
2008-06-18,0.013139579024918977
2008-06-19,-0.023750199564468593
2008-06-20,0.007658131402532642
2008-06-23,0.02531846690043306
2008-06-24,-0.01381376226136379
2008-06-25,-0.006720347317741033
2008-06-26,0.020592383374982422
2008-06-27,0.011142546096481682
2008-06-30,0.01259173279180104
2008-07-01,-0.003265431493755175
2008-07-02,-0.010321336997383999
2008-07-03,-0.005197252522865567
2008-07-07,-0.003111207313948263
2008-07-08,-0.04745613687596502
2008-07-09,0.010818672594798032
2008-07-10,0.030302105790988375
2008-07-11,0.012654109998294498
2008-07-14,0.01663351227968483
2008-07-15,-0.0167959388078307
2008-07-16,-0.043330050470014224
2008-07-17,-0.050615108635371144
2008-07-18,-0.007052336198620761
2008-07-21,0.02011456454225221
2008-07-22,-0.04247774053754869
2008-07-23,-0.033640821760638526
2008-07-24,0.0078616910296165
2008-07-25,0.0035129879210695687
2008-07-28,0.017741608869822994
2008-07-29,-0.021627327278874488
2008-07-30,0.02238288580065397
2008-07-31,-0.008328712349041856
2008-08-01,-0.005710161956348669
2008-08-04,-0.03381713796261371
2008-08-05,-0.02453422318637786
2008-08-06,0.010043380312414666
2008-08-07,-0.0032587159142277644
2008-08-08,-0.02625692992541144
2008-08-11,-0.015436830958151043
2008-08-12,0.007449757120771496
2008-08-13,0.027428699448869186
2008-08-14,-0.00799667140287238
2008-08-15,-0.016217764408637408
2008-08-18,0.00517286108425763
2008-08-19,0.01931897503684069
2008-08-20,0.008058267338884479
2008-08-21,0.007306280393053385
2008-08-22,-0.012684954428021897
2008-08-25,0.0027632546041848334
2008-08-26,0.0021017620284838304
2008-08-27,-0.002255215788223733
2008-08-28,-0.007756364674094391
2008-08-29,-0.0023928703331037174
2008-09-02,-0.013300386196596571
2008-09-03,-0.004669969646143629
2008-09-04,-0.0010484138599314474
2008-09-05,-0.0089019275470656
2008-09-08,-0.018000823578804004
2008-09-09,-0.0034268850323410406
2008-09-10,0.0047772077985130945
2008-09-11,0.015787727846659706
2008-09-12,-0.029310743527327352
2008-09-15,0.0032346060444626255
2008-09-16,0.018179405212092867
2008-09-17,-0.037427576661753906
2008-09-18,0.00983695109285125
2008-09-19,-0.029938903956884453
2008-09-22,-0.022396083151712185
2008-09-23,-0.0025234163881465888
2008-09-24,0.0027790306226044537
2008-09-25,-0.005452897071974307
2008-09-26,0.017846041856721388
2008-09-29,0.029808687540008257
2008-09-30,-0.011734749301185902
2008-10-01,-0.007849726762360495
2008-10-02,0.028270406335636367
2008-10-03,-0.016797509789087905
2008-10-06,0.019186158516422563
2008-10-07,-0.010143966867292385
2008-10-08,-0.007013065012644137
2008-10-09,-0.020015990116241434
2008-10-10,0.06358968160353888
2008-10-13,-0.06532958358885257
2008-10-14,-0.003667889428436971
2008-10-15,0.03423767932228259
2008-10-16,0.018964154575677274
2008-10-17,0.00477229279498691
2008-10-20,-0.024439785808201008
2008-10-21,0.02212469688609888
2008-10-22,0.0407162549529506
2008-10-23,-0.013492416650789329
2008-10-24,0.01375957186482707
2008-10-27,0.008991852948682393
2008-10-28,-0.0502425023424531
2008-10-29,-0.013842962210230006
2008-10-30,-0.0026598331142015153
2008-10-31,0.03218131279448534
2008-11-03,-0.007709938250107372
2008-11-04,-0.03943351673172026
2008-11-05,-0.00779010013745278
2008-11-06,0.03113261440836774
2008-11-07,-0.007460165437013508
2008-11-10,-0.02764808889880526
2008-11-11,0.028492465624426134
2008-11-12,0.018352876836560252
2008-11-13,-0.012127785729394372
2008-11-14,0.005984196559648928
2008-11-17,0.007447001745224036
2008-11-18,0.001367738112550386
2008-11-19,-0.002017308287474641
2008-11-20,0.01176292629963623
2008-11-21,-0.043643979368033804
2008-11-24,-0.02150016627290004
2008-11-25,0.018163832375570347
2008-11-26,-0.005276338485269681
2008-11-28,0.008732904195080543
2008-12-01,-0.0011051258160237431
2008-12-02,0.012520954843696358
2008-12-03,0.019088666278732517
2008-12-04,0.018254325620071246
2008-12-05,0.019677890669740752
2008-12-08,-0.02026434540631651
2008-12-09,-0.0063095564248560635
2008-12-10,-0.012653405016320823
2008-12-11,-0.016524723499491554
2008-12-12,0.0039188857912267816
2008-12-15,-0.0045533161938340165
2008-12-16,0.0020112076838633146
2008-12-17,0.006109805098639289
2008-12-18,0.011781062323758617
2008-12-19,0.0056659059149451255
2008-12-22,0.0060328325565396
2008-12-23,-0.008527981943978188
2008-12-24,-0.0010558796894601305
2008-12-26,-0.001663855111603222
2008-12-29,-0.014529292301889693
2008-12-30,0.006844011601452162
2008-12-31,-0.015653526681667505
2009-01-02,-0.02456866425433331
2009-01-05,-0.016112909823287513
2009-01-06,-0.009811172656620733
2009-01-07,0.015456008296927917
2009-01-08,0.0034284855262733858
2009-01-09,0.004814642937385762
2009-01-12,0.012609107884537486
2009-01-13,0.0029944737101082154
2009-01-14,0.01140147671401917
2009-01-15,0.00819324609382434
2009-01-16,0.0007962370104797138
2009-01-20,0.016630811106670362
2009-01-21,-0.016298277370640376
2009-01-22,0.001748994564879962
2009-01-23,-0.0010047494730228924
2009-01-26,-0.004440394341006767
2009-01-27,0.01357875675218877
2009-01-28,-0.01303420492424397
2009-01-29,0.009617964964326205
2009-01-30,0.01462696146376458
2009-02-02,-0.0029081172463653743
2009-02-03,-0.004378787641518232
2009-02-04,0.006708311005182584
2009-02-05,-0.0027192235728657962
2009-02-06,-0.007040948246440352
2009-02-09,-0.00856745771291124
2009-02-10,0.02917082122574276
2009-02-11,0.009313298536020958
2009-02-12,0.0060158290526181
2009-02-13,0.009532288144247643
2009-02-17,0.04434898775400421
2009-02-18,-0.00015604428625479294
2009-02-19,-0.009492332105282674
2009-02-20,0.004813409769089208
2009-02-23,0.008117013966814404
2009-02-24,-0.03670169427367369
2009-02-25,-0.004610106909194779
2009-02-26,-0.019132357009354395
2009-02-27,-0.0013490975537876191
2009-03-02,0.01397950818686158
2009-03-03,0.0008788910007491125
2009-03-04,-0.00923670852678024
2009-03-05,0.03329563581458364
2009-03-06,-0.0005548096784277021
2009-03-09,-0.006193659747390866
2009-03-10,-0.024803212248909315
2009-03-11,0.00747870520583518
2009-03-12,-0.02759558523486158
2009-03-13,0.0072468700356258875
2009-03-16,-0.0021355946776445795
2009-03-17,-0.01829624643398417
2009-03-18,-0.0021270496677493677
2009-03-19,0.0020177636055302107
2009-03-20,0.005061155919978489
2009-03-23,-0.028612843898366554
2009-03-24,0.004413711640344301
2009-03-25,0.004764767769233142
2009-03-26,0.005703453401939293
2009-03-27,0.011629085423201254
2009-03-30,0.012423653334864521
2009-03-31,-0.014304993725048155
2009-04-01,0.012583911590233747
2009-04-02,-0.022860586802361967
2009-04-03,-0.01737585543729316
2009-04-06,-0.00017889840701824857
2009-04-07,0.023462137554480768
2009-04-08,-0.004140769268753192
2009-04-09,-0.022279726311729066
2009-04-13,0.0012638264184779838
2009-04-14,0.012974773143028747
2009-04-15,-0.015018433575332314
2009-04-16,-0.008314739857532413
2009-04-17,-0.020213337295462704
2009-04-20,0.03659797784686885
2009-04-21,-0.010118673561637655
2009-04-22,0.0031201933254610785
2009-04-23,-0.0028354040262021335
2009-04-24,-0.0032129377740033383
2009-04-27,0.002898584283791184
2009-04-28,-0.008138875490362865
2009-04-29,0.00668809959071176
2009-04-30,0.006182141878098336
2009-05-01,-0.0055254665602620275
2009-05-04,-0.0019517076272689317
2009-05-05,0.006275745413293895
2009-05-06,-0.020696981869032138
2009-05-07,-0.013818621827648923
2009-05-08,-0.021344454899114722
2009-05-11,0.008652422343577909
2009-05-12,-0.00647910442842069
2009-05-13,0.014201457741348433
2009-05-14,-0.005616587120224055
2009-05-15,0.014763056961413923
2009-05-18,0.0003914110605159377
2009-05-19,0.017247215561358612
2009-05-20,0.001029946305204263
2009-05-21,0.009874772620630048
2009-05-22,0.009578306913571102
2009-05-26,-0.015034848083149623
2009-05-27,0.007108715296494973
2009-05-28,-0.005421040776699172
2009-05-29,0.0005445377757581802
2009-06-01,-0.013332260229106632
2009-06-02,0.0025477292147833906
2009-06-03,0.0011254477402994354
2009-06-04,-0.008383175529795582
2009-06-05,-0.0010781686705572213
2009-06-08,-0.0048312712953953296
2009-06-09,-0.0023540364132582847
2009-06-10,0.004948255033539678
2009-06-11,-0.0012652114848745548
2009-06-12,-0.01141298867445671
2009-06-15,-0.009476327925327344
2009-06-16,-0.00035909648935145014
2009-06-17,-0.005126888398843124
2009-06-18,-0.0025957960567134742
2009-06-19,0.004043440410080743
2009-06-22,0.007125006544651096
2009-06-23,0.004343383636642361
2009-06-24,0.011981074151417363
2009-06-25,-0.005580279353183706
2009-06-26,0.006655258548400471
2009-06-29,0.001333655935327679
2009-06-30,-0.0005998337510463329
2009-07-01,0.008392608518995119
2009-07-02,0.012074010893539173
2009-07-06,0.005847605255016791
2009-07-07,0.005264269459293408
2009-07-08,-0.0009157076771626692
2009-07-09,0.000828208543958053
2009-07-10,0.0008442552047458135
2009-07-13,-0.008652038516486405
2009-07-14,-0.001947361370884371
2009-07-15,0.0071171098407553784
2009-07-16,-0.012031726760172187
2009-07-17,0.008368249847102455
2009-07-20,0.007365579820438713
2009-07-21,-0.0003179645088831265
2009-07-22,-0.00834642560618794
2009-07-23,-6.253254683955488e-05
2009-07-24,-0.00904322878252492
2009-07-27,-0.00879808905567734
2009-07-28,0.003143920673661767
2009-07-29,-0.001636158421335706
2009-07-30,-0.009027538092446434
2009-07-31,-0.0012208492763804246
2009-08-03,-0.004697832179285567
2009-08-04,-0.01850195936267725
2009-08-05,-0.016681839489960725
2009-08-06,0.0045092139786593426
2009-08-07,-0.013664375026455572
2009-08-10,-0.004845472025719271
2009-08-11,0.009663909310767185
2009-08-12,0.0017090454720553652
2009-08-13,0.002650950016401502
2009-08-14,0.004851447659466642
2009-08-17,0.0006274619626295014
2009-08-18,0.0031568101424833397
2009-08-19,-0.004053897098640418
2009-08-20,0.0019923676081416057
2009-08-21,-0.005371527360776025
2009-08-24,-0.0032698107589625254
2009-08-25,0.007453914823727093
2009-08-26,-0.0018344950493809505
2009-08-27,-0.0022370950611140866
2009-08-28,0.0023827918944667867
2009-08-31,0.010714062629036873
2009-09-01,0.009919595644472467
2009-09-02,0.01004143540440526
2009-09-03,0.010048933942092563
2009-09-04,0.0007919614540917578
2009-09-08,-0.013736901576687716
2009-09-09,-0.001013625038157379
2009-09-10,-0.016245755877853457
2009-09-11,0.00935197297895436
2009-09-14,-0.00918945108616858
2009-09-15,-0.005725609988070817
2009-09-16,-0.009918640394936338
2009-09-17,0.0033864721443381722
2009-09-18,-0.0032248586840599603
2009-09-21,0.008410802204867826
2009-09-22,-0.0024356999655909864
2009-09-23,0.0031408023593067136
2009-09-24,0.0022030092006416774
2009-09-25,0.003141838632973377
2009-09-28,-0.0007134956380492308
2009-09-29,0.003241077994909822
2009-09-30,-0.004142773785627635
2009-10-01,0.0021250957642232004
2009-10-02,-0.0031094041085567552
2009-10-05,-0.006834561511184974
2009-10-06,0.006953077726224723
2009-10-07,-0.0011588395547526174
2009-10-08,-0.00017159948684208274
2009-10-09,-0.003751282482094931
2009-10-12,-0.001658642562386719
2009-10-13,0.007143051300479557
2009-10-14,0.0053301807908097505
2009-10-15,-0.013361829402283963
2009-10-16,-0.002844557264678111
2009-10-19,0.0027545326716878773
2009-10-20,-0.006712064035081411
2009-10-21,0.006227490902680835
2009-10-22,-0.00943473105675089
2009-10-23,0.008051771871285859
2009-10-26,-0.0003505090192911013
2009-10-27,-0.013113566729563859
2009-10-28,-0.006568104116639519
2009-10-29,0.010383513128479235
2009-10-30,-0.0036060595954096903
2009-11-02,0.007742850077014188
2009-11-03,-0.0010851689398664048
2009-11-04,0.019163806884375224
2009-11-05,-0.0028870821181061004
2009-11-06,0.009031178409057802
2009-11-09,0.008743253641816624
2009-11-10,0.005042393954691428
2009-11-11,-0.008172127262386497
2009-11-12,-0.0036748896503643077
2009-11-13,0.012952548629000726
2009-11-16,0.0017516329621108991
2009-11-17,0.0013743959204531183
2009-11-18,-0.001958547182163412
2009-11-19,0.004459051497616779
2009-11-20,-0.0006072806399161697
2009-11-23,0.004216337619477242
2009-11-24,0.003328744104638942
2009-11-25,0.004541593344468063
2009-11-27,-0.01752708080184474
2009-11-30,0.003796649681098318
2009-12-01,0.01773943935080239
2009-12-02,0.005746227016198057
2009-12-03,0.00294628795345586
2009-12-04,-0.022529129981288365
2009-12-07,-0.01056408408730797
2009-12-08,-0.015472577684691844
2009-12-09,0.008535834478701152
2009-12-10,-0.0021727216245196355
2009-12-11,-0.005659989418671691
2009-12-14,-0.002718714885950058
2009-12-15,-0.0076809572866827535
2009-12-16,-0.0025904857987782874
2009-12-17,-0.024577022098982982
2009-12-18,-0.003375312119204633
2009-12-21,-0.003890899608047775
2009-12-22,-0.005445644898894739
2009-12-23,0.004452370952509771
2009-12-24,0.009002592718622358
2009-12-28,-0.002883470846693072
2009-12-29,-0.0005928777236960866
2009-12-30,0.0016703075092295394
2009-12-31,0.006141937945757958
2010-01-04,0.006787034523226949
2010-01-05,0.004822006743375526
2010-01-06,0.0004808995819521475
2010-01-07,-0.015121830383818282
2010-01-08,0.0067344925817761185
2010-01-11,0.006587806620832786
2010-01-12,-0.011393548223529754
2010-01-13,-0.0015106327249631898
2010-01-14,-0.003665911239102868
2010-01-15,-0.0041466557873281575
2010-01-19,0.005633872010066928
2010-01-20,-0.009582454077843501
2010-01-21,-0.012337642064437382
2010-01-22,-0.00685173783225607
2010-01-25,0.00044905775826481513
2010-01-26,0.0011000651935047549
2010-01-27,-0.0009699867845751923
2010-01-28,-0.0026575003484611845
2010-01-29,-0.005619843745052419
2010-02-01,0.0013819392784522918
2010-02-02,-0.005275511005938403
2010-02-03,0.0031566348317746285
2010-02-04,-0.009768896524867923
2010-02-05,0.0017081488322109094
2010-02-08,0.0028439363781124502
2010-02-09,0.007583662517028652
2010-02-10,-0.004949085861409397
2010-02-11,0.010317655607717613
2010-02-12,0.0032912835629725604
2010-02-16,0.0009110037364774614
2010-02-17,0.0058535078860031215
2010-02-18,0.00521702534190012
2010-02-19,0.0030120025586307547
2010-02-22,0.002885472122469156
2010-02-23,0.002773598612410809
2010-02-24,-0.001583368480684593
2010-02-25,0.0030099850778070227
2010-02-26,-0.007179413198011928
2010-03-01,0.00844154668855329
2010-03-02,-0.0056290607677386235
2010-03-03,-0.007293063779995867
2010-03-04,0.00846315306243773
2010-03-05,-0.00040877322505616215
2010-03-08,0.0032756463686691344
2010-03-09,0.0064947850918303535
2010-03-10,-0.0019414596700816208
2010-03-11,0.0026121528858697204
2010-03-12,0.0028648694799473977
2010-03-15,0.004303458483303115
2010-03-16,-0.0026837449506450194
2010-03-17,0.001011012387405019
2010-03-18,0.008212824720274728
2010-03-19,0.001095606898237362
2010-03-22,0.010030448238212064
2010-03-23,0.0033494836661270453
2010-03-24,0.00779126473251869
2010-03-25,0.00406298350709708
2010-03-26,-0.006202229436167837
2010-03-29,-0.006538527029238878
2010-03-30,0.0006524954639907709
2010-03-31,-0.005074770373031512
2010-04-01,-0.016764823082055565
2010-04-05,-0.00039643440982386525
2010-04-06,0.011372204538797701
2010-04-07,-0.00010371121173636036
2010-04-08,0.005304799072108754
2010-04-09,-0.009839274720223997
2010-04-12,0.0007098034467602841
2010-04-13,0.0011522858768791978
2010-04-14,0.0008056236918192732
2010-04-15,0.00510583157510654
2010-04-16,0.003941644694258855
2010-04-19,0.0053595730506475325
2010-04-20,0.0033952687804873014
2010-04-21,0.009258492274699279
2010-04-22,0.009331317670847147
2010-04-23,-0.004411112977739877
2010-04-26,-1.4512164476798012e-05
2010-04-27,0.0018652143878200868
2010-04-28,0.00028203834119407785
2010-04-29,0.017393677549626462
2010-04-30,-0.014222198386111455
2010-05-03,0.0109353836972963
2010-05-04,0.004191627191910588
2010-05-05,0.008962225981321723
2010-05-06,0.0026015833307013706
2010-05-07,-0.019138492722937394
2010-05-10,-0.010110945316856277
2010-05-11,0.013460193664739127
2010-05-12,0.004933034300378491
2010-05-13,-0.00405478272477852
2010-05-14,0.00388984145266928
2010-05-17,0.0033757144888831277
2010-05-18,-0.0032750500548483033
2010-05-19,-0.006297204729747949
2010-05-20,-0.009742859717868473
2010-05-21,-0.00011109055866675185
2010-05-24,0.004263099043814249
2010-05-25,0.0069510796174851305
2010-05-26,0.004614055386112853
2010-05-27,-0.011851742570503485
2010-05-28,-0.001332941230445063
2010-06-01,-0.0015608271289236039
2010-06-02,-0.008317300458411257
2010-06-03,-0.003216371956799338
2010-06-04,-0.008808940879484566
2010-06-07,-0.008002835154989296
2010-06-08,-0.0024611367913556126
2010-06-09,0.0026513099728498026
2010-06-10,-0.007002434152064468
2010-06-11,-0.000981424670485529
2010-06-14,-0.003115710299268561
2010-06-15,-0.009778208071978108
2010-06-16,0.0017101277958036826
2010-06-17,-0.0021615064896156745
2010-06-18,-8.462876573247456e-05
2010-06-21,-0.006280254943995955
2010-06-22,-0.007237243433527479
2010-06-23,-0.00018620988028292604
2010-06-24,-0.001621115576623987
2010-06-25,0.004511032013813001
2010-06-28,-0.0003315640876815544
2010-06-29,0.0076348714978678005
2010-06-30,-0.0019519764908043121
2010-07-01,-0.019192676928065037
2010-07-02,-0.006187199177089783
2010-07-06,-0.022406027442878385
2010-07-07,0.004801410366349897
2010-07-08,-0.0017979235742153288
2010-07-09,0.007346676962104745
2010-07-12,0.0040579170693457135
2010-07-13,0.00171212175771319
2010-07-14,-0.0030310113112863293
2010-07-15,-0.01061439909391395
2010-07-16,-0.0021685682005928458
2010-07-19,-0.002266013546857259
2010-07-20,0.004009296022748844
2010-07-21,0.0035258701991021262
2010-07-22,-0.004199334964411314
2010-07-23,-0.0013663796297685479
2010-07-26,0.0009257266793659827
2010-07-27,-0.008626881739651177
2010-07-28,0.0041703087052338324
2010-07-29,-0.008178652057903907
2010-07-30,0.0016384491548521272
2010-08-02,-0.002677257329552945
2010-08-03,5.6689655406845074e-05
2010-08-04,0.0011911604023403847
2010-08-05,0.0028058174667959803
2010-08-06,0.0034405295812583335
2010-08-09,-0.000888157338558692
2010-08-10,0.006338986418209224
2010-08-11,0.006420949677693755
2010-08-12,0.00436973408447263
2010-08-13,0.004570676209904707
2010-08-16,0.006899124324477244
2010-08-17,-0.0022310432841872938
2010-08-18,-0.0004011247080615215
2010-08-19,0.008438068498643349
2010-08-20,0.0026931934002445692
2010-08-23,0.003765015251006808
2010-08-24,0.004350419336800787
2010-08-25,0.0007573094192199723
2010-08-26,0.0037511385656650376
2010-08-27,-0.003015361675369522
2010-08-30,0.004176100746966988
2010-08-31,0.010090557786937446
2010-09-01,-0.005148818322126605
2010-09-02,-0.006799281392722636
2010-09-03,-0.006449892679803052
2010-09-07,0.0078039971829886885
2010-09-08,-0.0014120064458602163
2010-09-09,-0.005173039051642152
2010-09-10,-0.0047817479019194795
2010-09-13,-0.0018584292452751322
2010-09-14,0.005870932315321424
2010-09-15,0.001962747475335443
2010-09-16,0.0030976913903708663
2010-09-17,0.0028002221063249313
2010-09-20,0.00023338499765497453
2010-09-21,-4.0292005451743955e-05
2010-09-22,0.006204340529619668
2010-09-23,-0.00231691704193079
2010-09-24,-0.003463900780787271
2010-09-27,0.005050832835117272
2010-09-28,-0.0010631152411253032
2010-09-29,-0.0018396921122837385
2010-09-30,0.0012076251856223373
2010-10-01,0.007569256589426331
2010-10-04,0.008271757047155319
2010-10-05,-0.002046564834787614
2010-10-06,-0.0005085654871855363
2010-10-07,0.004246348003587788
2010-10-08,0.0012633078500511004
2010-10-11,0.004810394884960071
2010-10-12,-0.0035472306466114425
2010-10-13,0.005455934930662019
2010-10-14,0.003161853138091292
2010-10-15,0.0037528105869167484
2010-10-18,9.640970326905363e-05
2010-10-19,-0.010915474626858976
2010-10-20,0.007512071748549714
2010-10-21,-0.00038019441943480865
2010-10-22,0.0016733006780587098
2010-10-25,0.006838346925632452
2010-10-26,-0.0020992380924692417
2010-10-27,-0.009074762706793853
2010-10-28,0.0026964658024871677
2010-10-29,0.0031473372194304014
2010-11-01,0.010676325904477105
2010-11-02,-0.004016781105219661
2010-11-03,-0.0019835862375101898
2010-11-04,0.0061018114105265055
2010-11-05,0.00011515682153424102
2010-11-08,0.0016262865278240447
2010-11-09,-0.014241461995482187
2010-11-10,0.005254470867638172
2010-11-11,0.006836067952457698
2010-11-12,-0.008958485426742678
2010-11-15,-0.006771516650245724
2010-11-16,-0.0018928844197677209
2010-11-17,0.00043654481279088356
2010-11-18,0.005950883449046392
2010-11-19,-2.936261672976503e-05
2010-11-22,0.007624067682951209
2010-11-23,0.003974594505670477
2010-11-24,-0.00107525857314676
2010-11-26,-0.00018813175830830338
2010-11-29,0.009650334889425873
2010-11-30,0.010374068933798768
2010-12-01,-0.01073412281459723
2010-12-02,-0.008354779028824056
2010-12-03,0.00037736572165466534
2010-12-06,0.003670178241396746
2010-12-07,-0.005000465668701162
2010-12-08,-0.0176982893614985
2010-12-09,0.003488542035900943
2010-12-10,0.0011747079524098846
2010-12-13,0.0008045201494194062
2010-12-14,0.0038578299629827865
2010-12-15,-0.0013974461588331648
2010-12-16,0.006849869861330897
2010-12-17,0.003120852337512043
2010-12-20,-0.005750886959395989
2010-12-21,0.0018675586845325676
2010-12-22,-0.006124220162282831
2010-12-23,0.005015782655408751
2010-12-27,-0.00021846793733438407
2010-12-28,0.00366476327694074
2010-12-29,0.0009832123740444833
2010-12-30,0.000754005238876979
2010-12-31,-0.005363418734677908
2011-01-03,-0.004141256122131959
2011-01-04,-0.007081271493412308
2011-01-05,0.005705374837954322
2011-01-06,0.005183996029025184
2011-01-07,0.0017008546896413444
2011-01-10,0.007222517848629727
2011-01-11,-0.0007059344046482806
2011-01-12,-0.013812485352503111
2011-01-13,-0.007214626448781496
2011-01-14,-0.004836328886986443
2011-01-18,0.0036582911759027318
2011-01-19,-0.010542485971804946
2011-01-20,-0.012303215330827125
2011-01-21,-0.009058086826937359
2011-01-24,0.002585751137567491
2011-01-25,0.003615229484474209
2011-01-26,0.013193943310773552
2011-01-27,0.0010022931915106203
2011-01-28,0.006289759626221381
2011-01-31,-0.0032503120867110815
2011-02-01,0.008169313880097152
2011-02-02,6.558491133215949e-05
2011-02-03,0.008659224262857255
2011-02-04,0.0076158006178446355
2011-02-07,0.009190108295637158
2011-02-08,0.003688325640156994
2011-02-09,-0.001102757294961131
2011-02-10,0.010238508270007628
2011-02-11,-0.0014511052776965145
2011-02-14,0.005668778258906639
2011-02-15,-0.004112758415491748
2011-02-16,0.000769743975415802
2011-02-17,0.002809395395050042
2011-02-18,0.0009250368537253378
2011-02-22,-0.0024828596269482984
2011-02-23,-0.00670954075120906
2011-02-24,-0.005862006918937957
2011-02-25,0.006954697128857846
2011-02-28,0.001030862844638828
2011-03-01,0.0009603134538274224
2011-03-02,-0.00022794293309664647
2011-03-03,0.0015701766950417407
2011-03-04,0.004921311055767364
2011-03-07,-0.004467535206386157
2011-03-08,-0.00777037556450596
2011-03-09,-0.007352705218535683
2011-03-10,-0.004309123065802104
2011-03-11,0.00403918203617745
2011-03-14,-0.00355858192867915
2011-03-15,-0.007658781642290705
2011-03-16,0.002476996986796629
2011-03-17,-0.005676970112081754
2011-03-18,-0.0013329159201751672
2011-03-21,0.0056116825960042865
2011-03-22,-0.005297820577690765
2011-03-23,-0.003406733070552708
2011-03-24,-0.002822429681605909
2011-03-25,0.0014794040742040532
2011-03-28,-0.0013670893175674384
2011-03-29,0.0026107090355269504
2011-03-30,-0.0033017543265711257
2011-03-31,-0.0007512893370882571
2011-04-01,-0.0032217681621240063
2011-04-04,0.001416898541545373
2011-04-05,0.010148475628452173
2011-04-06,-0.0012216295987934266
2011-04-07,0.0034176321755345204
2011-04-08,0.008277090699075975
2011-04-11,-0.011539363703074693
2011-04-12,-0.007748997045470879
2011-04-13,0.0014339154041686382
2011-04-14,0.0045775794634967245
2011-04-15,0.008192109360203002
2011-04-18,0.005294699375939703
2011-04-19,-0.00393152941782767
2011-04-20,0.005860643215376899
2011-04-21,0.0048926929923675195
2011-04-25,0.0018371589786182487
2011-04-26,-0.009392146421177883
2011-04-27,0.015000298229383136
2011-04-28,-0.002953967328384772
2011-04-29,0.0026170695389892487
2011-05-02,-0.019699494461183527
2011-05-03,-0.01533831116416154
2011-05-04,-0.014496137444583862
2011-05-05,-0.025428484846977118
2011-05-06,0.0025511801421793856
2011-05-09,0.025694180379732527
2011-05-10,0.0007456041103919269
2011-05-11,-0.01674029840719764
2011-05-12,-0.0023516504926056835
2011-05-13,0.007347742396357971
2011-05-16,-0.011681292920936831
2011-05-17,0.003074759451552107
2011-05-18,0.00889055969658858
2011-05-19,0.0018101538497233296
2011-05-20,-0.00019374353207767144
2011-05-23,-0.001485606346907485
2011-05-24,0.006676473258539474
2011-05-25,0.00660410680439169
2011-05-26,-0.0029027236777469188
2011-05-27,3.127866487441012e-05
2011-05-31,-0.002037753788991975
2011-06-01,-0.004121788894473376
2011-06-02,-0.0029746864032744146
2011-06-03,0.004312876276857096
2011-06-06,0.0022484765579759043
2011-06-07,0.004273935801074148
2011-06-08,0.001845184804691046
2011-06-09,0.0005772425207700518
2011-06-10,-0.008681103582315282
2011-06-13,-0.006312053809473139
2011-06-14,0.0007307805865427068
2011-06-15,0.0018990710706642956
2011-06-16,0.0014515849995987958
2011-06-17,0.001226727046345627
2011-06-20,0.0023587629287407305
2011-06-21,-0.0011453783942139148
2011-06-22,-0.002478919034952598
2011-06-23,-0.0016493818286897064
2011-06-24,-0.005925287150698701
2011-06-27,-0.0026511351122725955
2011-06-28,-0.0006601144492831257
2011-06-29,0.0012084574610887965
2011-06-30,-0.0032031465946018665
2011-07-01,0.0015665523778819227
2011-07-05,0.004388991637501516
2011-07-06,0.005671607546431387
2011-07-07,-0.00020513813288249743
2011-07-08,0.0063110062315949985
2011-07-11,-0.002382806400575226
2011-07-12,-0.003174223521253484
2011-07-13,-0.0005755486249944953
2011-07-14,0.0033969233119140675
2011-07-15,0.002867992054981617
2011-07-18,0.001196283794570938
2011-07-19,-0.0031879066060546656
2011-07-20,0.0006598652752608982
2011-07-21,-0.0002009157891582924
2011-07-22,0.0031412959641520916
2011-07-25,-0.0016160493561671431
2011-07-26,0.0024520978802195594
2011-07-27,-0.003217220283210219
2011-07-28,0.0017526149369540436
2011-07-29,0.00473768831943288
2011-08-01,-0.006099385417751505
2011-08-02,0.0030560046983011875
2011-08-03,0.003595516112168254
2011-08-04,-0.005855593180036988
2011-08-05,-0.0035067768614173256
2011-08-08,0.009836973078201111
2011-08-09,0.0018935883577648619
2011-08-10,0.014801812637953738
2011-08-11,-0.010153144927578876
2011-08-12,0.004819672067190793
2011-08-15,0.0023375242218097903
2011-08-16,0.006381116762187149
2011-08-17,-0.0004681536872259807
2011-08-18,0.004285766179365305
2011-08-19,0.009922547883738581
2011-08-22,0.002595193675700665
2011-08-23,-0.007531361611202308
2011-08-24,-0.00767044293983724
2011-08-25,-0.002797626438353789
2011-08-26,0.009262428142311813
2011-08-29,-0.006572767038247357
2011-08-30,0.0034751693440303933
2011-08-31,-0.006604098957824383
2011-09-01,0.0029450766963452775
2011-09-02,0.0196752782719312
2011-09-06,-0.000498684899904047
2011-09-07,-0.005369150201276091
2011-09-08,0.008085978282155855
2011-09-09,-0.000380458825261457
2011-09-12,-0.00795853319662703
2011-09-13,0.0023407493389398025
2011-09-14,-0.008749315546626198
2011-09-15,-0.0025826885642356336
2011-09-16,0.009000097400539293
2011-09-19,-0.0005814707450243071
2011-09-20,0.004652320325194843
2011-09-21,-0.00185454095559548
2011-09-22,-0.020903629703797923
2011-09-23,-0.035406665153024604
2011-09-26,-0.0045665466074200495
2011-09-27,0.005253332935424292
2011-09-28,-0.01460748494667355
2011-09-29,-0.003759113975579899
2011-09-30,0.007791254166796199
2011-10-03,0.0031636751407805182
2011-10-04,2.579220536908476e-05
2011-10-05,0.0016345190120186062
2011-10-06,0.0018758676078764061
2011-10-07,-0.002487955193543893
2011-10-10,0.002769088909550361
2011-10-11,-0.0021775478140938476
2011-10-12,-0.006049783422084116
2011-10-13,0.002114046905939694
2011-10-14,0.0037015656659147786
2011-10-17,0.005376381175655086
2011-10-18,-0.002144997198514311
2011-10-19,-0.007459530795212058
2011-10-20,0.003287832601702153
2011-10-21,0.0004152381307662475
2011-10-24,-0.0014841290560849698
2011-10-25,0.0025417092634234394
2011-10-26,-0.0026233896457508316
2011-10-27,-0.009123300814359823
2011-10-28,-0.0038207673757269297
2011-10-31,0.008223170253656594
2011-11-01,0.00024119485665167627
2011-11-02,0.00012742987436551353
2011-11-03,0.001996683317881514
2011-11-04,0.002479264024164037
2011-11-07,0.0022221974547228344
2011-11-08,-0.0024069135230305955
2011-11-09,0.0072574868293943705
2011-11-10,0.003215073092329098
2011-11-11,0.004466974013268955
2011-11-14,0.007223530054658256
2011-11-15,0.006204788586289536
2011-11-16,0.005054131399631087
2011-11-17,-0.00307228851481591
2011-11-18,-0.0010368870312858903
2011-11-21,0.003953520053701147
2011-11-22,-0.0013397801766483705
2011-11-23,-0.002417369663994809
2011-11-25,-0.002021624192722501
2011-11-28,-0.00016094642377882011
2011-11-29,0.0022568159517729084
2011-11-30,-0.0019254015117699751
2011-12-01,-0.0032578139557373166
2011-12-02,0.002760071619530924
2011-12-05,0.00464921755198073
2011-12-06,0.0016890854102404424
2011-12-07,0.0005396599272455398
2011-12-08,0.006129653572765469
2011-12-09,0.003503577961459504
2011-12-12,0.015662518911970277
2011-12-13,-0.002822701275351799
2011-12-14,0.003107786891919352
2011-12-15,0.0035032424284124584
2011-12-16,0.0032765355819094257
2011-12-19,0.005832136862995879
2011-12-20,0.00048749286130084614
2011-12-21,0.00191713711437849
2011-12-22,-0.002045678758897769
2011-12-23,0.0024139101720985863
2011-12-27,0.00887520866390747
2011-12-28,0.007003212273283775
2011-12-29,0.000874168943698082
2011-12-30,-0.003235675244170592
2012-01-03,-0.017224163189941837
2012-01-04,1.2476053242651045e-05
2012-01-05,0.015868274779853246
2012-01-06,0.0024164167372712772
2012-01-09,-0.0011723160713674459
2012-01-10,-0.0055869572720418864
2012-01-11,0.007245616190426427
2012-01-12,-0.003040661137104809
2012-01-13,0.010251385864192109
2012-01-17,-0.0030105886175133614
2012-01-18,-0.002049569661602171
2012-01-19,-0.0005852165656978182
2012-01-20,-0.010008235799855053
2012-01-23,-0.017823060930695456
2012-01-24,0.004994587873744857
2012-01-25,-0.01152873170121409
2012-01-26,0.0011990991874662599
2012-01-27,-0.004485486795968935
2012-01-30,0.010611666013861092
2012-01-31,0.002056951792340386
2012-02-01,0.0006340423263825975
2012-02-02,-0.010568885154601394
2012-02-03,0.0056168464727885375
2012-02-06,0.0020349568542329744
2012-02-07,0.001758410148940923
2012-02-08,-0.0025578029364243054
2012-02-09,-0.0028578978904567373
2012-02-10,0.008480845311083554
2012-02-13,0.007724173312275156
2012-02-14,-0.003498744077486551
2012-02-15,-0.0018220962401448615
2012-02-16,-0.008334190702335683
2012-02-17,-0.008813752105070615
2012-02-21,-0.01492884667877713
2012-02-22,-0.004964325063553878
2012-02-23,0.009179327994650408
2012-02-24,0.0005267784973341074
2012-02-27,0.012687777077411144
2012-02-28,-0.0033720838086483892
2012-02-29,0.002595482258742302
2012-03-01,0.0017207892772610604
2012-03-02,0.004024359085936618
2012-03-05,0.01285791431353037
2012-03-06,0.00945871559694468
2012-03-07,0.004832264063141099
2012-03-08,-0.003867296369916687
2012-03-09,0.005655700588281935
2012-03-12,0.010616682473754432
2012-03-13,-0.0019579005134138005
2012-03-14,0.00921543402229439
2012-03-15,0.0034266345497414486
2012-03-16,-0.01003702869940871
2012-03-19,-0.002322495223779525
2012-03-20,0.006673131845040714
2012-03-21,0.004678261682062663
2012-03-22,0.012495329414207104
2012-03-23,-0.00604991796857804
2012-03-26,0.006259274390670173
2012-03-27,0.00934112257535012
2012-03-28,0.009831193708033288
2012-03-29,0.00666866947978221
2012-03-30,-0.005089318010362588
2012-04-02,-0.008382235020158748
2012-04-03,0.011355880690407764
2012-04-04,0.01136652554581124
2012-04-05,0.005966123320132939
2012-04-09,-0.005529132290699805
2012-04-10,-0.004149343970398497
2012-04-11,0.006775289183098004
2012-04-12,-0.009392702283396993
2012-04-13,0.007007929759172026
2012-04-16,0.001063247624071927
2012-04-17,0.0052238831055271195
2012-04-18,0.004583897628925502
2012-04-19,0.0031075806391992577
2012-04-20,0.0005454882738454663
2012-04-23,0.0003331785698599145
2012-04-24,0.0008757010255025146
2012-04-25,-0.004480054024693335
2012-04-26,0.00955506214812843
2012-04-27,0.00031949280591773304
2012-04-30,-0.00919551271674846
2012-05-01,-0.004296615650604286
2012-05-02,0.022208767020082242
2012-05-03,-0.00084754632180884
2012-05-04,-0.0017742203787590432
2012-05-07,-0.0029793017215804657
2012-05-08,0.003467528893987644
2012-05-09,0.00640326757529006
2012-05-10,-0.00494518736767319
2012-05-11,0.009494103866830587
2012-05-14,0.013004494572295654
2012-05-15,0.011662982463575187
2012-05-16,-0.0029849811392530733
2012-05-17,-0.02378183077265354
2012-05-18,-0.012277984480148453
2012-05-21,0.0031766797398064014
2012-05-22,0.011503594485578944
2012-05-23,0.0014294392943526419
2012-05-24,0.009888032153991946
2012-05-25,0.0013689851881338582
2012-05-29,0.012420657399678695
2012-05-30,0.004071250198918413
2012-05-31,0.0009631443942392289
2012-06-01,-0.02057405231243198
2012-06-04,-0.018466686700394135
2012-06-05,0.007336340762763355
2012-06-06,-0.0026025593764302025
2012-06-07,0.009417572086716052
2012-06-08,0.010729710422673877
2012-06-11,0.002185905726569442
2012-06-12,-0.004926232283154849
2012-06-13,-0.005012112272648026
2012-06-14,-0.007070179010955387
2012-06-15,0.002131722607976644
2012-06-18,0.006129150538499498
2012-06-19,-0.0024785819537952135
2012-06-20,0.0031588671788814722
2012-06-21,0.008911985199328891
2012-06-22,-0.0023475870793779672
2012-06-25,0.0002954381716688307
2012-06-26,0.0039813132044427295
2012-06-27,0.0030363862328933134
2012-06-28,0.004032344286546509
2012-06-29,-0.018225893238738765
2012-07-02,0.008007741021808113
2012-07-03,-0.016693178476340702
2012-07-05,0.01150152188349049
2012-07-06,0.017637368951150117
2012-07-09,-0.0027217213986108855
2012-07-10,0.00647370462167525
2012-07-11,-0.013981826283310518
2012-07-12,0.009513865882468883
2012-07-13,0.0003847510086772116
2012-07-16,0.0039159365958008315
2012-07-17,0.0022729279693319776
2012-07-18,-0.005215850748460943
2012-07-19,-0.013658084737300421
2012-07-20,0.007059183594670242
2012-07-23,0.009528224453649188
2012-07-24,-0.0013181253012295208
2012-07-25,-0.004813414079062929
2012-07-26,-0.002902796724874302
2012-07-27,-0.005624141463225641
2012-07-30,-0.010899899394108821
2012-07-31,-0.0031654403909481396
2012-08-01,-0.007224504148900034
2012-08-02,0.01318772135350988
2012-08-03,-0.014015129051719876
2012-08-06,-0.008524752511036454
2012-08-07,-0.006655556360161514
2012-08-08,-0.0007898273273027961
2012-08-09,-0.0016255536138372237
2012-08-10,-0.0021085270523520674
2012-08-13,0.008237702526682501
2012-08-14,0.0020681512039945017
2012-08-15,0.002410733394083664
2012-08-16,-0.004073653824313755
2012-08-17,0.0008119419524265942
2012-08-20,-0.0077337113726912605
2012-08-21,-0.008191683011964192
2012-08-22,0.00035730541335452816
2012-08-23,0.0012993567104506239
2012-08-24,0.009113148949595584
2012-08-27,0.004984283602818795
2012-08-28,0.002819943333146142
2012-08-29,0.004111053894339486
2012-08-30,0.0020141017554576946
2012-08-31,-0.007819755120048628
2012-09-04,0.010373858078486793
2012-09-05,5.718946163588194e-06
2012-09-06,0.0005346444576300059
2012-09-07,-0.01800702325154202
2012-09-10,0.0007717378328768193
2012-09-11,-0.006347920843531755
2012-09-12,0.0022155957799166724
2012-09-13,-0.010366552904116722
2012-09-14,-0.0023097450456228807
2012-09-17,0.00553686510071184
2012-09-18,-0.0031037502960357586
2012-09-19,0.0062409199963481855
2012-09-20,0.003861399593449455
2012-09-21,-0.0017229671056666893
2012-09-24,0.0017347857419716356
2012-09-25,-0.0008169532592584227
2012-09-26,-0.010714544883276899
2012-09-27,-0.004889009311168337
2012-09-28,-0.0007162824398799945
2012-10-01,-0.008095540818742749
2012-10-02,0.003485071195928538
2012-10-03,0.016001763391421297
2012-10-04,-0.006651699294509751
2012-10-05,0.003943264954798867
2012-10-08,-0.004023515285172637
2012-10-09,-0.009613787934815404
2012-10-10,0.0030412920379272127
2012-10-11,-0.008980644924754816
2012-10-12,4.341857929164442e-05
2012-10-15,0.0020308813341684915
2012-10-16,-0.0015275676141234978
2012-10-17,0.004132979531533365
2012-10-18,-0.003451478897638058
2012-10-19,0.0016060050390538012
2012-10-22,-0.002705140596663043
2012-10-23,0.0023641889717865364
2012-10-24,0.005064350000952863
2012-10-25,-0.008397376823138574
2012-10-26,-0.0026963640537304707
2012-10-31,0.0041259073055355915
2012-11-01,-0.004091825723048139
2012-11-02,-0.0038486721152248254
2012-11-05,0.0036913255854906686
2012-11-06,-0.0052463415220207615
2012-11-07,0.00923894168594324
2012-11-08,0.00065873423665974
2012-11-09,-0.003620208492533965
2012-11-12,-0.0018928418155151677
2012-11-13,0.0037586357436498997
2012-11-14,-0.004341952130115473
2012-11-15,-0.003788424822916839
2012-11-16,0.006416530942916077
2012-11-19,-0.0027553461417859112
2012-11-20,0.014590822069434841
2012-11-21,0.002729858428171749
2012-11-23,0.0015296069422947374
2012-11-26,-0.004659953890905041
2012-11-27,0.0017780515299032165
2012-11-28,-0.0021794977040852726
2012-11-29,-0.004831873066307093
2012-11-30,-0.002488587186132126
2012-12-03,0.0020471287606468845
2012-12-04,0.0009477226474068216
2012-12-05,-0.005275368623076503
2012-12-06,0.0006011595804771553
2012-12-07,-0.0020684239460585386
2012-12-10,-0.0016418588905071857
2012-12-11,-0.002137750381195256
2012-12-12,0.0021710128292645194
2012-12-13,0.0018905635076802458
2012-12-14,-0.0012722685606970255
2012-12-17,0.003741146012432655
2012-12-18,-0.0024124326591524825
2012-12-19,-0.005023269452636325
2012-12-20,0.0011486635990355064
2012-12-21,-0.0023573238876929054
2012-12-24,0.0002481142365691102
2012-12-26,-0.00500767607189265
2012-12-27,0.0018380804791474714
2012-12-28,0.0028501798417179293
2012-12-31,-0.0013999993277067021
2013-01-02,-0.0015361976922715283
2013-01-03,0.0024622581630306247
2013-01-04,-0.0002675460888287679
2013-01-07,0.002626598581010057
2013-01-08,0.00129174768565619
2013-01-09,0.008922987413154851
2013-01-10,-0.005494894737452526
2013-01-11,-0.0015445082548400544
2013-01-14,-0.0016163745151093884
2013-01-15,-0.0017532838389220434
2013-01-16,-0.002416101878845101
2013-01-17,0.0023192379260901404
2013-01-18,-0.0039356349221300185
2013-01-22,-0.0040484607760105425
2013-01-23,0.006626943310251263
2013-01-24,0.014361472167945658
2013-01-25,0.009830539374828926
2013-01-28,0.005440628672000835
2013-01-29,-0.0035512644762684007
2013-01-30,-0.004882999595069048
2013-01-31,-0.00021544992882110533
2013-02-01,-0.002631951694448887
2013-02-04,-0.007444812861816322
2013-02-05,-0.0011580679911354936
2013-02-06,-0.0060956243373725535
2013-02-07,0.0017073901403154214
2013-02-08,0.004186040126558001
2013-02-11,0.003062460396763583
2013-02-12,0.007120779027622765
2013-02-13,0.0025089049011810726
2013-02-14,0.001457089855734908
2013-02-15,0.011061791136254558
2013-02-19,0.0028721817080142736
2013-02-20,0.00480456454811379
2013-02-21,-0.002612433305151027
2013-02-22,0.003725710255173381
2013-02-25,-0.018141218695633343
2013-02-26,0.004563767478528635
2013-02-27,0.014492409461203195
2013-02-28,0.005016955329767666
2013-03-01,0.007185991340497312
2013-03-04,0.01261713840596137
2013-03-05,0.005351249514843264
2013-03-06,-0.009865895356408411
2013-03-07,-0.003129276838275356
2013-03-08,-5.9926507338948517e-05
2013-03-11,0.00435515120447284
2013-03-12,-0.0048673010605366565
2013-03-13,0.009519341684504473
2013-03-14,0.0005009942531675586
2013-03-15,0.00010364207518930862
2013-03-18,-0.0020029930311686287
2013-03-19,0.0029443933145388867
2013-03-20,0.008874685992097876
2013-03-21,-0.0076850267221018585
2013-03-22,0.004408629948771305
2013-03-25,-0.0002186871165732435
2013-03-26,0.0002513303455480586
2013-03-27,-0.0024526099802297378
2013-03-28,0.004381144779806253
2013-04-01,-0.0001186879770572292
2013-04-02,0.010701410838221114
2013-04-03,0.00029971540946373005
2013-04-04,0.004868900691494009
2013-04-05,-0.0015886188339914265
2013-04-08,0.009643126155906153
2013-04-09,-0.015637991066480256
2013-04-10,0.013105658926600263
2013-04-11,0.009263713548577768
2013-04-12,0.022912972528187955
2013-04-15,0.01647896140022391
2013-04-16,0.003232300576575591
2013-04-17,0.007838599896714772
2013-04-18,-0.011136751354867096
2013-04-19,0.008341427469637317
2013-04-22,-0.004687585219971357
2013-04-23,0.014890570532577894
2013-04-24,-0.01784868079340078
2013-04-25,-0.005373922215428769
2013-04-26,0.011231808814724964
2013-04-29,-0.004656247851133062
2013-04-30,-0.007122695929291997
2013-05-01,0.0008869321971715653
2013-05-02,-0.00013712604912057696
2013-05-03,0.0025508099442792457
2013-05-06,0.001008890768807042
2013-05-07,0.004745259542240026
2013-05-08,-0.00892084671548538
2013-05-09,0.004163587455132363
2013-05-10,0.007916465507918387
2013-05-13,0.012301810896113256
2013-05-14,0.013917796974255381
2013-05-15,0.014498147798543552
2013-05-16,-0.011625618150613696
2013-05-17,0.016905302499556005
2013-05-20,-0.02199520925311829
2013-05-21,0.012250819440758787
2013-05-22,-0.0034121240627726568
2013-05-23,-0.0046983817515816925
2013-05-24,0.003170589873577813
2013-05-28,0.0022726375887371373
2013-05-29,-0.014447279977094666
2013-05-30,-0.008725443865188065
2013-05-31,0.0023549496013451792
2013-06-03,-0.014299353703272791
2013-06-04,0.0005811382493243786
2013-06-05,-0.00854027529794005
2013-06-06,0.0038585245380409507
2013-06-07,0.02858707559283233
2013-06-10,0.0007172757561574709
2013-06-11,0.0034680186684690867
2013-06-12,-0.005395283370390983
2013-06-13,0.006444799729589082
2013-06-14,-0.001597319017584308
2013-06-17,0.007208692916117948
2013-06-18,0.014327523944433639
2013-06-19,0.003898905693731185
2013-06-20,0.01383130480500026
2013-06-21,-0.004956960635305721
2013-06-24,0.007588020106608129
2013-06-25,0.0019426668511689762
2013-06-26,0.021502442227053803
2013-06-27,-0.0006211422358387445
2013-06-28,-0.024949665308498577
2013-07-01,0.004129659207080217
2013-07-02,0.012482551320011871
2013-07-03,-0.0003593678684380978
2013-07-05,0.026832179684953928
2013-07-08,-0.0001761383543454376
2013-07-09,-0.0015689916565857504
2013-07-10,0.005026425106373476
2013-07-11,-0.02109028347373016
2013-07-12,0.015697889100129273
2013-07-15,-0.00554101886222657
2013-07-16,-0.01236045553912137
2013-07-17,0.00619365878865312
2013-07-18,0.0034698681807155923
2013-07-19,-0.0013000911999525538
2013-07-22,-0.017090064272841564
2013-07-23,-0.01219228433903671
2013-07-24,0.010367731346404343
2013-07-25,-0.0003342250258432678
2013-07-26,-0.002264432174564334
2013-07-29,0.004048867308555881
2013-07-30,0.008971316762975268
2013-07-31,0.00445566334860849
2013-08-01,0.01596430213257223
2013-08-02,0.0028814402648609534
2013-08-05,0.00536056434042592
2013-08-06,0.004287482617064492
2013-08-07,-0.0005135567729340062
2013-08-08,-0.023772448237875114
2013-08-09,-0.0076899368954080755
2013-08-12,-0.014835677383894966
2013-08-13,0.005984594863738167
2013-08-14,-0.013973438872556263
2013-08-15,-0.021207672023464803
2013-08-16,0.008492810025513319
2013-08-19,0.005983055918056785
2013-08-20,0.0007967027256739398
2013-08-21,0.011181175785263606
2013-08-22,-0.002844086450471142
2013-08-23,-0.01457604588768368
2013-08-26,0.0033473255012124894
2013-08-27,-0.005904239931799725
2013-08-28,0.007831691537459337
2013-08-29,0.000660029769998397
2013-08-30,-0.0074156771468471645
2013-09-03,0.003954335019643191
2013-09-04,0.0014740720246220712
2013-09-05,0.004467859102909697
2013-09-06,-0.01331969232243196
2013-09-09,-0.0019867947049443395
2013-09-10,0.011020313972348513
2013-09-11,-0.003271328668984256
2013-09-12,0.014342376869240078
2013-09-13,-0.002478496295522086
2013-09-16,0.003758860642243242
2013-09-17,0.00024978243303453644
2013-09-18,-0.029866501113321117
2013-09-19,0.004906933629461592
2013-09-20,0.017900914739348597
2013-09-23,-9.99823000694993e-05
2013-09-24,0.001847605685334592
2013-09-25,-0.00327420859970772
2013-09-26,0.005939994422601023
2013-09-27,0.0051849558111853
2013-09-30,0.0007745591542632204
2013-10-01,0.007356952843079647
2013-10-02,-0.006378476399600566
2013-10-03,-0.002147647989633435
2013-10-04,0.0045064682706978726
2013-10-07,-0.015669346473539323
2013-10-08,-0.008258091859916135
2013-10-09,-0.007646018466219313
2013-10-10,0.011793427572448053
2013-10-11,0.003082389521400876
2013-10-14,0.002840320453780305
2013-10-15,-0.002237756186670788
2013-10-16,0.00900902455310485
2013-10-17,-0.008964628812818216
2013-10-18,0.004638380171153082
2013-10-21,-0.0028416503607799296
2013-10-22,-0.008759675931734063
2013-10-23,0.001761725107114967
2013-10-24,-5.279361593262739e-05
2013-10-25,-0.0054666757447970294
2013-10-28,0.0002822532603581904
2013-10-29,0.0057498780158616895
2013-10-30,-0.007314447774559674
2013-10-31,0.008352407224289184
2013-11-01,0.004432836679085867
2013-11-04,-0.00040648446025872407
2013-11-05,0.0058403339677526485
2013-11-06,-0.004590645829877046
2013-11-07,-0.004214409260108918
2013-11-08,0.017092059508833312
2013-11-11,0.0041871843125079935
2013-11-12,0.005491754630247181
2013-11-13,0.00022109889909609058
2013-11-14,-0.010572360940726994
2013-11-15,0.002072173589503549
2013-11-18,-0.0006531924432320046
2013-11-19,0.00030063596536721065
2013-11-20,0.007540525985635277
2013-11-21,0.00771870721946463
2013-11-22,0.006781820118051785
2013-11-25,0.0008329363047906997
2013-11-26,0.005307249062018415
2013-11-27,0.0015232303132520547
2013-11-29,-0.005380891639106027
2013-12-02,0.013531747808962161
2013-12-03,-0.006739275442894411
2013-12-04,-0.012133610642552587
2013-12-05,0.0019220900008876034
2013-12-06,0.002481388544801876
2013-12-09,-0.007308409387010137
2013-12-10,-0.013741133085233405
2013-12-11,0.0010871139077387008
2013-12-12,0.006100347314587758
2013-12-13,-0.0019136292810956518
2013-12-16,0.00381756399860474
2013-12-17,-0.00044542472913099965
2013-12-18,0.009896141714497762
2013-12-19,0.007610718212279487
2013-12-20,0.004842852612740822
2013-12-23,0.0034686883281062376
2013-12-24,-0.002190680318155235
2013-12-26,0.0034061159290573874
2013-12-27,-0.007647007865370017
2013-12-30,0.007310495206176442
2013-12-31,0.0002656846916513003
2014-01-02,-0.009590165578037328
2014-01-03,-0.000789495049846257
2014-01-06,-0.003109259530424396
2014-01-07,0.008501251080009493
2014-01-08,0.009815025126425896
2014-01-09,0.007563781199275503
2014-01-10,-0.008069433884079939
2014-01-13,-0.01297250256112635
2014-01-14,0.014390297658047294
2014-01-15,0.0019458526020840119
2014-01-16,0.0009976385804080703
2014-01-17,-0.005746427085108398
2014-01-21,0.007833284011348508
2014-01-22,0.001649035453678281
2014-01-23,-0.0025231198449855176
2014-01-24,-0.011723549882834357
2014-01-27,-0.00516195592024859
2014-01-28,0.006080355259333206
2014-01-29,-0.00578642952339677
2014-01-30,0.004673937449090317
2014-01-31,-0.008534439396242731
2014-02-03,-0.014040268871848687
2014-02-04,0.0045747482900046444
2014-02-05,-0.005026903862361723
2014-02-06,-0.0016821159000012576
2014-02-07,0.0041873027668679445
2014-02-10,-0.00033883668548077806
2014-02-11,0.003008019941709566
2014-02-12,0.004554447557280929
2014-02-13,0.005535371930331524
2014-02-14,-0.010613954775746537
2014-02-18,0.01140929372110184
2014-02-19,-0.0006173606698961039
2014-02-20,0.002214546296607608
2014-02-21,0.0042530338049250474
2014-02-24,-0.001072667128173102
2014-02-25,0.006696708715189048
2014-02-26,-0.0003862970943382083
2014-02-27,-0.0065519576703945565
2014-02-28,-3.715667828667435e-05
2014-03-03,-0.006214298453419325
2014-03-04,0.013704852185685658
2014-03-05,-0.0029674812510544694
2014-03-06,-0.010892599404051274
2014-03-07,0.006455063535585087
2014-03-10,0.006424576342647345
2014-03-11,-0.0021817069214945077
2014-03-12,-0.0038589106933856043
2014-03-13,-0.009068987052178793
2014-03-14,-0.0015255379698200279
2014-03-17,0.0058322867023529665
2014-03-18,0.0038644295149638953
2014-03-19,0.002602848912761143
2014-03-20,-0.004720143317186286
2014-03-21,-0.021559080322820737
2014-03-24,-0.012884089562032009
2014-03-25,-6.933801637339513e-05
2014-03-26,-0.010349783017703677
2014-03-27,-0.008032820763420427
2014-03-28,-0.009247588705417637
2014-03-31,0.008556338603483152
2014-04-01,0.005261366095024163
2014-04-02,-0.004607183746851898
2014-04-03,-0.002016792918251188
2014-04-04,-0.020710030754384365
2014-04-07,-0.006916792909721137
2014-04-08,-0.0014635588352878356
2014-04-09,0.012210919907268058
2014-04-10,-0.019304296361739214
2014-04-11,-0.011759131462002657
2014-04-14,-0.001164174482490876
2014-04-15,0.01486220368560452
2014-04-16,0.002761291584380033
2014-04-17,0.0035201782015297774
2014-04-21,0.008310619158169255
2014-04-22,0.009710257119520057
2014-04-23,-0.0006899372259090989
2014-04-24,-0.003979960236966728
2014-04-25,-0.004738212023800093
2014-04-28,0.002233518531489463
2014-04-29,0.001195014556861735
2014-04-30,0.006636400641303965
2014-05-01,-0.0029838717951917197
2014-05-02,-0.010127637484328118
2014-05-05,0.0035183045609397242
2014-05-06,-0.0014590061367799072
2014-05-07,0.005822404463462812
2014-05-08,-0.003253699656701573
2014-05-09,-0.004195794929396477
2014-05-12,-0.0048566144265917
2014-05-13,-0.0017849221372360847
2014-05-14,-0.0027592486826252933
2014-05-15,0.0007905962443635656
2014-05-16,0.005347144400444874
2014-05-19,0.0025758582231996787
2014-05-20,0.0023485974746489365
2014-05-21,0.0023316709791482014
2014-05-22,-0.006520281380140258
2014-05-23,0.0005989410795340913
2014-05-27,0.0069772916916151775
2014-05-28,0.005001644886860288
2014-05-29,9.199987811546708e-05
2014-05-30,0.0023490469140859276
2014-06-02,0.005929496440451045
2014-06-03,-0.0006043712197419371
2014-06-04,0.00029438711304026867
2014-06-05,0.0005856948500303518
2014-06-06,0.0026082272967616455
2014-06-09,-0.007126455904688354
2014-06-10,-0.007418622158763926
2014-06-11,-0.004173831740852446
2014-06-12,-0.0002271883693423316
2014-06-13,-0.0012870538199526676
2014-06-16,-0.002383487576065968
2014-06-17,0.00021578894892649388
2014-06-18,-0.001966598134868962
2014-06-19,-0.01619552899141588
2014-06-20,0.0010569719021912333
2014-06-23,-0.0031526420532605737
2014-06-24,-0.0011948037338910269
2014-06-25,-0.001086535893179574
2014-06-26,-0.004512585298523389
2014-06-27,-0.0003460704858058275
2014-06-30,-0.0007668991364361429
2014-07-01,0.0012217901412142416
2014-07-02,-0.0012222969199791624
2014-07-03,-0.002425779767474253
2014-07-07,0.0014542434936643327
2014-07-08,-0.003920618394340422
2014-07-09,-0.0015192247832429486
2014-07-10,0.0013578200300818854
2014-07-11,-0.004262813147040492
2014-07-14,0.0057069387480821274
2014-07-15,0.0031197560966060773
2014-07-16,0.002603434258275399
2014-07-17,-0.008157670570820166
2014-07-18,0.004997854425371127
2014-07-21,0.00018804071517577412
2014-07-22,0.002461936171710518
2014-07-23,-0.0011405957983415284
2014-07-24,0.00295903162701524
2014-07-25,-0.0014424338489449815
2014-07-28,0.003079190186277745
2014-07-29,-0.002349081175825841
2014-07-30,0.0013747270486581574
2014-07-31,-0.0012038865755326976
2014-08-01,0.00018486668547595877
2014-08-04,0.00022146165164867117
2014-08-05,-0.004766135918983177
2014-08-06,-0.003369507291114554
2014-08-07,0.0007815708875948145
2014-08-08,-0.0021042915692827055
2014-08-11,0.00102093121395217
2014-08-12,0.0027818961938374845
2014-08-13,0.003988842640129613
2014-08-14,0.00043711731587163944
2014-08-15,0.004628382504273238
2014-08-18,-0.0013358740920613233
2014-08-19,-0.0016234205366267348
2014-08-20,0.0025538121245292957
2014-08-21,-0.003525266882370964
2014-08-22,0.0018911694107910544
2014-08-25,-0.0014549730094269005
2014-08-26,-0.0031477356049879166
2014-08-27,0.0015948329184286374
2014-08-28,-1.3128027811179873e-05
2014-08-29,0.0006530749094309762
2014-09-02,0.005260424715322116
2014-09-03,0.005460721686422303
2014-09-04,-0.001473906593811782
2014-09-05,0.003195309567340486
2014-09-08,-0.001378738967348791
2014-09-09,-0.004665456845516838
2014-09-10,-0.003925811847256485
2014-09-11,0.0002832900921188544
2014-09-12,-0.0030807392104071924
2014-09-15,-0.00511778008530928
2014-09-16,2.6173119700998023e-05
2014-09-17,0.0007763003580717673
2014-09-18,0.006576766167214437
2014-09-19,0.0075427205347506614
2014-09-22,0.001908058639161231
2014-09-23,0.00033307686384164586
2014-09-24,0.0034504379924830317
2014-09-25,-0.004446716000515278
2014-09-26,0.004438074875300976
2014-09-29,-0.0007413139819347354
2014-09-30,0.00929789014995168
2014-10-01,-0.0012503868662532983
2014-10-02,0.001670364382074339
2014-10-03,0.01602381697359693
2014-10-06,-0.005893140029655137
2014-10-07,0.003688464568371544
2014-10-08,0.0009937003543059868
2014-10-09,0.010694490009940265
2014-10-10,-0.0005157901582617814
2014-10-13,-0.0025863890603188356
2014-10-14,0.005794368882990871
2014-10-15,-0.005417527748092676
2014-10-16,-0.004732807778960215
2014-10-17,0.005343873587437339
2014-10-20,0.0024648667304067572
2014-10-21,0.0009533096251543137
2014-10-22,0.011893463136066991
2014-10-23,0.002210191287122619
2014-10-24,0.00501850135349437
2014-10-27,0.012203894352345137
2014-10-28,-0.010660542959790048
2014-10-29,0.002531580253068244
2014-10-30,0.014257741244621341
2014-10-31,0.007869624317862433
2014-11-03,0.007353589346389977
2014-11-04,0.009766089507954248
2014-11-05,0.004703506904781502
2014-11-06,0.0006099531642253525
2014-11-07,-0.021521240538161332
2014-11-10,0.019132510226950922
2014-11-11,-0.009171772994817131
2014-11-12,0.0034831384697368564
2014-11-13,0.008875354028116898
2014-11-14,-0.020353645598038705
2014-11-17,0.0035521610794828993
2014-11-18,-0.0020054760252089026
2014-11-19,0.004449478004796079
2014-11-20,-0.005513057976822379
2014-11-21,-0.01285000455935633
2014-11-24,0.011358450423873699
2014-11-25,-0.0009001192925317807
2014-11-26,0.007546673187794003
2014-11-28,0.04929576822554128
2014-12-01,-0.015850279564261743
2014-12-02,0.01755960470326196
2014-12-03,-0.0017896020151234363
2014-12-04,0.007565761959449264
2014-12-05,0.008608567094034148
2014-12-08,0.019341072390092872
2014-12-09,-0.011222634214633138
2014-12-10,0.009272134359146141
2014-12-11,0.012404323738945195
2014-12-12,0.007410932957024883
2014-12-15,0.014245415534536865
2014-12-16,-0.008902744784611418
2014-12-17,-0.004238722724329794
2014-12-18,0.008357245787192715
2014-12-19,-0.011215402996055604
2014-12-22,0.01789220843353467
2014-12-23,-0.014371450601618043
2014-12-24,0.00487908843119095
2014-12-26,0.0038613342248745098
2014-12-29,0.00831453060985574
2014-12-30,-0.00541414133965091
2014-12-31,0.0013459487046510496
2015-01-02,0.007702880827082178
2015-01-05,0.01620592108868016
2015-01-06,-0.003984368118709731
2015-01-07,0.01269818838202106
2015-01-08,0.001446809793302268
2015-01-09,-0.004755942451963742
2015-01-12,0.017990221564996047
2015-01-13,-0.006134856381265181
2015-01-14,-0.012594586979022632
2015-01-15,0.0008944978138978359
2015-01-16,-0.008070465601896209
2015-01-20,0.011279405515065661
2015-01-21,-0.014808112224239384
2015-01-22,0.011613562050283915
2015-01-23,0.007457249296179242
2015-01-26,0.00483479419745418
2015-01-27,-0.01499123709866281
2015-01-28,0.012905182211635188
2015-01-29,0.013336065047083819
2015-01-30,-0.01975186845810915
2015-02-02,-0.01425281587515428
2015-02-03,-0.01891064050128064
2015-02-04,0.014420498670507221
2015-02-05,-0.003679967801001819
2015-02-06,-0.005005036545295244
2015-02-09,-0.01173406203025588
2015-02-10,0.018136654141120367
2015-02-11,0.0036140911048085033
2015-02-12,-0.005727605832987965
2015-02-13,-0.012871991073917947
2015-02-17,0.0016089224314926724
2015-02-18,0.008776844610079344
2015-02-19,0.0003753555586676604
2015-02-20,0.004168104318825012
2015-02-23,0.01134289056829966
2015-02-24,-0.006527467417710266
2015-02-25,-0.004244752125259967
2015-02-26,0.014546623681067346
2015-02-27,-0.003820631978397172
2015-03-02,0.012337389647427243
2015-03-03,-0.004590145418572461
2015-03-04,-0.0012727798475822155
2015-03-05,0.007186053931786232
2015-03-06,0.003723863046244664
2015-03-09,0.014657468407817125
2015-03-10,0.0063791624615138695
2015-03-11,-0.0048964303115801005
2015-03-12,0.01353769780021428
2015-03-13,0.012108452185365
2015-03-16,0.009497950698781819
2015-03-17,-0.00207382027303071
2015-03-18,-0.02190622144037664
2015-03-19,0.023634517727319587
2015-03-20,-0.012136150222255952
2015-03-23,-0.014981484308032079
2015-03-24,-0.0054199845925360065
2015-03-25,-0.020811960480878373
2015-03-26,-0.003534709777470858
2015-03-27,0.026633482289500444
2015-03-30,0.006602277926669503
2015-03-31,-0.007700512304190043
2015-04-01,-0.011258920952122015
2015-04-02,-0.007362749925308968
2015-04-06,-0.01169278916042348
2015-04-07,-0.00469919110581108
2015-04-08,0.023701577196504408
2015-04-09,0.009095887454793854
2015-04-10,-0.002497386874722365
2015-04-13,0.006317429857640299
2015-04-14,-0.011360255365256955
2015-04-15,-0.020609295178389622
2015-04-16,-0.003745526197013141
2015-04-17,-0.004898298582077945
2015-04-20,0.009952600505302103
2015-04-21,0.008961426658997334
2015-04-22,0.002416801082480139
2015-04-23,-0.008771099319599492
2015-04-24,-0.000697591820575934
2015-04-27,-0.013046596257326163
2015-04-28,-0.011790914586867336
2015-04-29,-0.012552702932027022
2015-04-30,-0.020536047055252037
2015-05-01,0.011834502256500798
2015-05-04,0.0010242088558855954
2015-05-05,-0.018062589516859254
2015-05-06,0.004835277321453636
2015-05-07,0.01037799796090153
2015-05-08,0.0011756273416738277
2015-05-11,0.0037502628950689437
2015-05-12,-0.010357173523659387
2015-05-13,-0.006198452663248924
2015-05-14,-0.0007555236689454677
2015-05-15,0.0016397346329661904
2015-05-18,0.009171923315934473
2015-05-19,0.021772085334405722
2015-05-20,0.001374888650309767
2015-05-21,-0.003764496471642132
2015-05-22,0.012842605154847588
2015-05-26,0.01230688497587525
2015-05-27,0.0071347636215818265
2015-05-28,-0.0005436965832497831
2015-05-29,-0.0031535303193601827
2015-06-01,0.002959526357465696
2015-06-02,-0.012390913095306488
2015-06-03,0.016899686042698328
2015-06-04,0.002593765867162531
2015-06-05,0.0045556774723641315
2015-06-08,-0.006916737582741205
2015-06-09,-0.012106173510263739
2015-06-10,-0.003914033427899702
2015-06-11,0.009273563972801041
2015-06-12,0.003222317452290928
2015-06-15,-0.00836329947506242
2015-06-16,-0.003521960780811288
2015-06-17,0.0002976880377112387
2015-06-18,0.008911922129574751
2015-06-19,0.004520848921851448
2015-06-22,0.012402185300793019
2015-06-23,0.00041941461813716017
2015-06-24,-0.0038216014552093927
2015-06-25,-0.0003530306769412566
2015-06-26,-0.0041639333516423965
2015-06-29,-0.011212752142725744
2015-06-30,0.01109088394058287
2015-07-01,0.01219940307179233
2015-07-02,-0.007817124684190236
2015-07-06,0.008591192152189061
2015-07-07,-0.0008054192403051414
2015-07-08,-0.009816358494702707
2015-07-09,-0.0005200442675877835
2015-07-10,0.0054128925138467255
2015-07-13,0.004757620253237306
2015-07-14,0.005009938680178776
2015-07-15,0.009079885938048236
2015-07-16,0.009350655577559926
2015-07-17,0.011728393931131826
2015-07-20,0.02039621202216607
2015-07-21,-0.010936272101615897
2015-07-22,0.010294761765778
2015-07-23,0.008529329328787952
2015-07-24,-0.007708621725879148
2015-07-27,0.0027176588209082628
2015-07-28,-0.0030582466290577327
2015-07-29,-0.011706433615076247
2015-07-30,0.01288425810130387
2015-07-31,0.006224389085984182
2015-08-03,0.010669823600022244
2015-08-04,-0.002358030637055397
2015-08-05,0.00913121038165939
2015-08-06,-0.020566762094586268
2015-08-07,0.005498238221078943
2015-08-10,-0.019753872184876856
2015-08-11,0.0006533583039468768
2015-08-12,-0.010922487524451421
2015-08-13,0.015252820891364241
2015-08-14,0.0018652910767548582
2015-08-17,0.008650137905585215
2015-08-18,0.0027678402867289042
2015-08-19,0.0005627218977000613
2015-08-20,-0.026250616247668147
2015-08-21,-0.002763321131954043
2015-08-24,0.0005075432297821995
2015-08-25,-0.006275544128368192
2015-08-26,0.029288080684249315
2015-08-27,-0.02640878556796073
2015-08-28,-0.012155596452755681
2015-08-31,-0.018600387167476334
2015-09-01,0.00618623917316906
2015-09-02,0.013520917940724098
2015-09-03,-0.006480179724360185
2015-09-04,0.005964261322097748
2015-09-08,0.011016639990152937
2015-09-09,-0.00021621130950651613
2015-09-10,0.003597406757011772
2015-09-11,0.011509401430372511
2015-09-14,0.0003524636487816377
2015-09-15,0.005740688001245274
2015-09-16,-0.024742202388993238
2015-09-17,0.005918517259966895
2015-09-18,0.003261612939231526
2015-09-21,-0.002401942712410032
2015-09-22,0.002016047807053147
2015-09-23,0.015427332416893784
2015-09-24,-0.019798030699623506
2015-09-25,-0.002489150750569754
2015-09-28,-0.008839894160314164
2015-09-29,-0.007779379846014896
2015-09-30,0.0042672077383843895
2015-10-01,0.006741113217578383
2015-10-02,-0.014890468850403075
2015-10-05,-0.005456475732871572
2015-10-06,-0.027093523079224777
2015-10-07,0.0034941532492960875
2015-10-08,-0.0037369441922015818
2015-10-09,-0.006478210051057147
2015-10-12,0.016021587648882462
2015-10-13,0.0022899378498754666
2015-10-14,-0.017286937122122318
2015-10-15,0.012125700305321405
2015-10-16,0.00843738685706311
2015-10-19,0.017144359702934174
2015-10-20,-0.002317539444787201
2015-10-21,0.01093938979393954
2015-10-22,-0.0006973030998487699
2015-10-23,0.009337761458867055
2015-10-26,0.014151096342411833
2015-10-27,0.003449476578163149
2015-10-28,0.0053789005077456405
2015-10-29,0.003113228781942051
2015-10-30,-0.01077211209775782
2015-11-02,0.006124070260066335
2015-11-03,-0.017340869332319573
2015-11-04,0.008297724130987403
2015-11-05,-0.0005340973898761211
2015-11-06,0.0067035495268989165
2015-11-09,0.0033013395733551927
2015-11-10,0.0007875883332013
2015-11-11,0.003903930882172217
2015-11-12,-0.00014355572970659942
2015-11-13,-0.010944100003838822
2015-11-16,0.0014896391233698322
2015-11-17,0.010017088694050888
2015-11-18,0.002790478313461972
2015-11-19,0.0006658136344204839
2015-11-20,0.014346188334333551
2015-11-23,0.0016847472462192638
2015-11-24,-0.010052984546945247
2015-11-25,0.00988518449049278
2015-11-27,0.016850147299128496
2015-11-30,-0.0009666243737404095
2015-12-01,0.001356334770216383
2015-12-02,0.003260591188006684
2015-12-03,-0.02111423661852194
2015-12-04,0.01909796152424972
2015-12-07,0.022834094541589824
2015-12-08,7.517314730293334e-05
2015-12-09,-0.01440388689301702
2015-12-10,0.008570503586689579
2015-12-11,0.00170727543204378
2015-12-14,0.014268116577710023
2015-12-15,0.009388872567361213
2015-12-16,0.008635012956029616
2015-12-17,0.010135207456221436
2015-12-18,-0.012951593673576452
2015-12-21,-0.0016101545332567865
2015-12-22,0.0009064552422381135
2015-12-23,-0.01650435392247539
2015-12-24,-0.004920030491151307
2015-12-28,0.002818924440079192
2015-12-29,-0.00027603639482667614
2015-12-30,0.010617160244467462
2015-12-31,-0.01414312789944337
2016-01-04,-0.01068104018039232
2016-01-05,0.0027353171683245766
2016-01-06,0.004551998116668925
2016-01-07,-0.01542636298384444
2016-01-08,-0.00861568061190877
2016-01-11,0.024921894449360472
2016-01-12,0.0167496591029438
2016-01-13,-0.016467868902240723
2016-01-14,0.01027277932291376
2016-01-15,0.004772503165995145
2016-01-19,0.014289427954189143
2016-01-20,-0.006118746612105769
2016-01-21,-0.014022072663165009
2016-01-22,-0.003688227667131118
2016-01-25,0.009258045409252033
2016-01-26,-0.01659242093158383
2016-01-27,-0.015842082557627372
2016-01-28,-0.01699352840379707
2016-01-29,-0.00886907182733723
2016-02-01,0.020770534196744385
2016-02-02,0.01334440919795815
2016-02-03,-0.032071170807546685
2016-02-04,-0.002556349034051692
2016-02-05,-0.01264283952596871
2016-02-08,-0.008085935945618522
2016-02-09,0.016106338528741094
2016-02-10,0.0028086111118989896
2016-02-11,-0.0014167529418597127
2016-02-12,-0.005021717846611769
2016-02-16,0.0129334126875179
2016-02-17,-0.011893390537006344
2016-02-18,0.01727532756733431
2016-02-19,0.0076402144511507715
2016-02-22,-0.009657356762050236
2016-02-23,0.015336520985659782
2016-02-24,-0.001765165186850212
2016-02-25,0.010360634726962697
2016-02-26,-0.01027818234086125
2016-02-29,-0.002436107773195686
2016-03-01,-0.00505130748422513
2016-03-02,-0.005871709532359258
2016-03-03,0.004100154185872323
2016-03-04,-0.01365497217823465
2016-03-07,-0.015907024242410875
2016-03-08,0.01373990019408333
2016-03-09,-0.009422335029722803
2016-03-10,0.00900680664540166
2016-03-11,-0.01132502579980591
2016-03-14,-0.003872976131607324
2016-03-15,0.008173119816250714
2016-03-16,0.009271966823264068
2016-03-17,-0.00476556796287662
2016-03-18,-0.0009045269053274246
2016-03-21,-0.0010136786588106417
2016-03-22,-0.008704389017071504
2016-03-23,0.005116885077886518
2016-03-24,0.0025085236462439884
2016-03-28,0.002261169976286344
2016-03-29,0.006412264444058354
2016-03-30,0.0013137783579130935
2016-03-31,-0.0063945906764324885
2016-04-01,0.007584723630415534
2016-04-04,-0.011829045823163522
2016-04-05,0.006261508227620548
2016-04-06,-0.018118465266194112
2016-04-07,-0.0024044063229294766
2016-04-08,0.0017376605039268833
2016-04-11,0.014649962197037477
2016-04-12,-0.012526403040345427
2016-04-13,-0.006938444989529854
2016-04-14,-0.003963058667421267
2016-04-15,0.014907567014461316
2016-04-18,-0.006972236137732028
2016-04-19,0.0034468824415133043
2016-04-20,-0.014620686555005964
2016-04-21,-0.008725672872650003
2016-04-22,-0.010306050082426103
2016-04-25,0.004617367365400032
2016-04-26,0.011019574041906094
2016-04-27,0.007860488657945582
2016-04-28,0.013818930161674226
2016-04-29,0.010868840039093722
2016-05-02,0.004373769362793619
2016-05-03,-0.002520175491690531
2016-05-04,0.0004517354721932493
2016-05-05,0.0022597855751399897
2016-05-06,0.009730094173188377
2016-05-09,-0.016436350817708854
2016-05-10,0.0019168739052506792
2016-05-11,0.0023260129018539814
2016-05-12,-0.0002829919230064544
2016-05-13,2.896621162403948e-05
2016-05-16,-0.002917310249092739
2016-05-17,-0.0034039013743449235
2016-05-18,-0.02313092365420373
2016-05-19,0.001347150227933152
2016-05-20,-0.004525561436467608
2016-05-23,-0.0039129850318223025
2016-05-24,-0.010881765273719814
2016-05-25,-0.0020536800972645315
2016-05-26,0.002249591429942194
2016-05-27,-0.010210198374150607
2016-05-31,-0.006488572485581588
2016-06-01,-0.00262351629443518
2016-06-02,-0.002437971026387447
2016-06-03,0.024321281226799638
2016-06-06,-0.005163687322217145
2016-06-07,-0.0028932695010357736
2016-06-08,0.013374247961698305
2016-06-09,0.0020111008493029284
2016-06-10,0.008902314513113697
2016-06-13,0.006602441521673513
2016-06-14,-0.003763084716058461
2016-06-15,0.009535803039813993
2016-06-16,-0.004566770814842421
2016-06-17,0.00013595946024076347
2016-06-20,-0.012018110378219
2016-06-21,-0.008086473092998698
2016-06-22,0.002565495844577427
2016-06-23,-0.011213091118787669
2016-06-24,0.04212748837968178
2016-06-27,0.002210826976575441
2016-06-28,-0.01188790417827494
2016-06-29,-0.001238719524577141
2016-06-30,0.005297188749656749
2016-07-01,0.007242882827700919
2016-07-05,0.016224395228474246
2016-07-06,0.0044125396226791765
2016-07-07,-0.011136742278399545
2016-07-08,0.008573987188364302
2016-07-11,0.000274832103056589
2016-07-12,-0.0108598849299567
2016-07-13,0.012949476048883714
2016-07-14,-0.005241568879610999
2016-07-15,-0.002234894320312188
2016-07-18,0.00039513271729102353
2016-07-19,-0.00014290253371255677
2016-07-20,-0.021410277695246758
2016-07-21,0.006246526227196614
2016-07-22,0.0010405759199096248
2016-07-25,-0.008145872974577282
2016-07-26,0.01104475759972721
2016-07-27,0.003244058803822123
2016-07-28,0.0016506819398753312
2016-07-29,0.006070720672257867
2016-08-01,0.004227860159538287
2016-08-02,0.003613021604273811
2016-08-03,-0.004386384121495382
2016-08-04,0.000962600010811108
2016-08-05,-0.013982970746303907
2016-08-08,1.8803660255640725e-05
2016-08-09,-0.0007490016889807611
2016-08-10,0.00387775278802555
2016-08-11,-0.011607229672889357
2016-08-12,-0.01049918084847054
2016-08-15,-0.00015124025092077133
2016-08-16,-0.006056088347899406
2016-08-17,-0.003948644161454779
2016-08-18,-0.0010226480220733498
2016-08-19,-0.006785299965109944
2016-08-22,-0.008246040493470502
2016-08-23,-0.006480115814818272
2016-08-24,-0.013121517267248632
2016-08-25,0.005050658307424415
2016-08-26,-0.003916212668873147
2016-08-29,0.01005930298208579
2016-08-30,-0.011204361850354252
2016-08-31,0.0010967836279725226
2016-09-01,0.010902707582869129
2016-09-02,0.005817443024974004
2016-09-06,0.015954579626060107
2016-09-07,-0.007119894194438022
2016-09-08,-0.01527808275123298
2016-09-09,-0.01894268783678048
2016-09-12,0.004242074282844112
2016-09-13,-0.01165371050972752
2016-09-14,0.006445784782517373
2016-09-15,0.006774913473401499
2016-09-16,0.0027658867071563907
2016-09-19,0.005898933400878091
2016-09-20,-5.753815103780541e-05
2016-09-21,0.013820736352631884
2016-09-22,-0.004230134205884001
2016-09-23,-0.000934035079819634
2016-09-26,-0.004682251731568948
2016-09-27,0.0029687777344105295
2016-09-28,-0.002487295651402596
2016-09-29,-0.004193293650079146
2016-09-30,-0.004201996165980902
2016-10-03,-0.003400666895397027
2016-10-04,-0.026735509100565553
2016-10-05,0.000258043276641907
2016-10-06,-0.0025859997375807897
2016-10-07,0.00816702034503337
2016-10-10,-0.004007174949282973
2016-10-11,-0.005743360285829183
2016-10-12,0.006897750827565409
2016-10-13,0.0008794052907123594
2016-10-14,-0.00035560798123181935
2016-10-17,0.00435597379292719
2016-10-18,0.006021035302072658
2016-10-19,-0.002002193672890158
2016-10-20,0.006643691690220186
2016-10-21,-0.001994821303180404
2016-10-24,-0.0003232544508705936
2016-10-25,0.009018477204955822
2016-10-26,-0.003620882813950278
2016-10-27,-0.0027302821811743504
2016-10-28,-0.002412377068060801
2016-10-31,0.011554774469370976
2016-11-01,0.003285083911899939
2016-11-02,-2.4656516189694845e-05
2016-11-03,0.009005326229662412
2016-11-04,-0.008815925357160715
2016-11-07,-0.0019512904550484183
2016-11-08,0.0036727347561073018
2016-11-09,-0.021152989810769744
2016-11-10,-0.007432513857952902
2016-11-11,0.002007311285051947
2016-11-14,-0.0022619445652624507
2016-11-15,0.008108893566789161
2016-11-16,0.001448424544278446
2016-11-17,-0.0040635468002382606
2016-11-18,0.009156483989113182
2016-11-21,0.003169605364213657
2016-11-22,0.009879596029789372
2016-11-23,0.0009102441407050992
2016-11-25,-0.005018195849212555
2016-11-28,0.006859462754303733
2016-11-29,-0.009086693809396482
2016-11-30,0.005394859741033876
2016-12-01,-0.004223837722114151
2016-12-02,0.0010418022184397297
2016-12-05,0.0004049775852210389
2016-12-06,-0.0023931928692368
2016-12-07,0.004546696101209894
2016-12-08,-0.000390286212241825
2016-12-09,-0.004326779924962339
2016-12-12,-0.007228302821856184
2016-12-13,-0.0021570623570790403
2016-12-14,0.0022797205920403736
2016-12-15,0.007643014353744206
2016-12-16,-0.008531552925531278
2016-12-19,0.005626511837563346
2016-12-20,0.005981265754426884
2016-12-21,0.0012596789372250133
2016-12-22,0.001495921448843777
2016-12-23,-0.0030360917390208175
2016-12-27,0.003054595766616655
2016-12-28,-0.004443962108532055
2016-12-29,-0.006790049093850236
2016-12-30,-0.00624658374243414
2017-01-03,-0.002437756562918366
2017-01-04,-0.0005047037612412114
2017-01-05,-0.011490561472140908
2017-01-06,0.001085725616106832
2017-01-09,-0.0062530533367001545
2017-01-10,0.006911015101028595
2017-01-11,0.0048198640314319205
2017-01-12,-0.011404005200617039
2017-01-13,0.0020534131282094275
2017-01-17,-0.008409738524518947
2017-01-18,0.009727331612722188
2017-01-19,-0.0011878688366131016
2017-01-20,0.0003941784303261803
2017-01-23,-0.010012958412566884
2017-01-24,0.009649375395659996
2017-01-25,-0.0015582185711642777
2017-01-26,0.005423856315227389
2017-01-27,-0.004273366941202916
2017-01-30,-0.0039303251090627945
2017-01-31,-0.010092745068372634
2017-02-01,-0.002259079288348393
2017-02-02,-0.004592896644026131
2017-02-03,0.004432284353140588
2017-02-06,0.0017289925283042026
2017-02-07,0.0004799671740618938
2017-02-08,-0.006573556603044246
2017-02-09,0.004087972261781174
2017-02-10,0.0008283993311806922
2017-02-13,0.0082629698827865
2017-02-14,0.0031893213927806324
2017-02-15,-0.0010415346773158386
2017-02-16,0.0008323856513674129
2017-02-17,-0.0005016373608685251
2017-02-21,0.0030804736798825216
2017-02-22,-0.001078843767597786
2017-02-23,-0.008433620803120141
2017-02-24,-0.0022908276487979503
2017-02-27,-0.0006980049851337963
2017-02-28,-0.0031327128422798047
2017-03-01,0.006174112173947092
2017-03-02,-0.008043478973504402
2017-03-03,-0.002966679868797254
2017-03-06,-0.004330811109107863
2017-03-07,-0.0001653232512435043
2017-03-08,-0.0013866259565194173
2017-03-09,4.2469591928276634e-05
2017-03-10,-0.0028816721180841475
2017-03-13,0.00129000608315433
2017-03-14,0.0029034188588271123
2017-03-15,-0.01067584515237188
2017-03-16,-0.002195144251893041
2017-03-17,-0.0055813295029977054
2017-03-20,-0.001806212904733078
2017-03-21,-0.017744832514565764
2017-03-22,0.004534963752719424
2017-03-23,-0.004187333637819519
2017-03-24,-0.0007002379655695705
2017-03-27,-0.0003134635137272458
2017-03-28,-0.0007244911452864104
2017-03-29,-0.009024844220534557
2017-03-30,0.0032857878990017937
2017-03-31,-0.0027756867365663074
2017-04-03,0.004373951203668978
2017-04-04,-0.006495497370466482
2017-04-05,-0.0016523461297649911
2017-04-06,-0.00591605979016045
2017-04-07,0.00026667439188861043
2017-04-10,-0.0072675353050176816
2017-04-11,-0.004311787966312929
2017-04-12,-0.0006970200769716836
2017-04-13,-0.0015711075199038736
2017-04-17,0.008626108630226847
2017-04-18,-0.001483809456933295
2017-04-19,0.007807131710060056
2017-04-20,0.004691404187820599
2017-04-21,0.0035507799250681224
2017-04-24,0.00903787141854263
2017-04-25,0.003067130537981736
2017-04-26,-0.0003979204461536969
2017-04-27,0.007639929921359279
2017-04-28,-0.0022895218987823915
2017-05-01,0.007928121379836027
2017-05-02,0.004459623228547328
2017-05-03,0.0017117242104071214
2017-05-04,0.016650986895347705
2017-05-05,-0.012430938215401324
2017-05-08,0.00041169751741829477
2017-05-09,0.006074941702214806
2017-05-10,-0.009899078581266672
2017-05-11,-0.002945153272031965
2017-05-12,-0.0013737224370687097
2017-05-15,0.0012597953478630409
2017-05-16,0.0053340673337138695
2017-05-17,-0.019734158823793466
2017-05-18,0.0025016993508585506
2017-05-19,-0.0018978251467334623
2017-05-22,-0.0013914641849220842
2017-05-23,0.0013865735487927158
2017-05-24,0.004077281571558493
2017-05-25,0.01633681740615547
2017-05-26,-0.005824960211884022
2017-05-30,0.007121459818282676
2017-05-31,0.00699076575734465
2017-06-01,0.004153547706825234
2017-06-02,0.010728328213507533
2017-06-05,-0.0013466821023408917
2017-06-06,-0.012727075271463502
2017-06-07,0.014649839587371554
2017-06-08,0.004333667348632631
2017-06-09,-0.014278539513445761
2017-06-12,-0.004037744371244419
2017-06-13,0.0012762885268174842
2017-06-14,0.013278699875931799
2017-06-15,-0.0018388852012902403
2017-06-16,0.0015480570755832257
2017-06-19,0.012252192879604336
2017-06-20,0.0015247165107728912
2017-06-21,0.008872935448158726
2017-06-22,-0.004696525136622312
2017-06-23,-0.006377642691309929
2017-06-26,-0.00394586991386946
2017-06-27,-0.008692632395592082
2017-06-28,0.0007750295471165287
2017-06-29,-0.009901124881152535
2017-06-30,-0.005167052343569235
2017-07-03,-0.0032114327801528735
2017-07-05,0.01630198790491541
2017-07-06,-0.0011960193632301352
2017-07-07,0.012726894711387191
2017-07-10,-0.0028812234427537044
2017-07-11,-0.006845092281731223
2017-07-12,0.005981537538205728
2017-07-13,0.0008174612812623717
2017-07-14,-0.0006301181473313119
2017-07-17,-0.005002588592799341
2017-07-18,-0.0022111299326719363
2017-07-19,-0.004711405557542175
2017-07-20,0.005395863032275412
2017-07-21,0.00547365549781134
2017-07-24,0.0045302533919215566
2017-07-25,-0.012613162516416546
2017-07-26,-0.0015116760757520476
2017-07-27,-0.011114472267608522
2017-07-28,-0.0016595164958587568
2017-07-31,0.0005984530587205294
2017-08-01,0.005538759983256375
2017-08-02,0.00452383529680218
2017-08-03,0.0044950020253264125
2017-08-04,0.004003576798387409
2017-08-07,0.003219057968939992
2017-08-08,-0.0036779948548410963
2017-08-09,-0.010317636339216346
2017-08-10,-0.017943927671765565
2017-08-11,0.002034923705886306
2017-08-14,0.014981151438966531
2017-08-15,0.006474646593310771
2017-08-16,0.002243172762716566
2017-08-17,-0.011747813983580657
2017-08-18,-0.0037136430068854904
2017-08-21,0.0021946716591235015
2017-08-22,0.008029545809448663
2017-08-23,-0.00795396189777186
2017-08-24,0.0025060928591786303
2017-08-25,0.001881656115973248
2017-08-28,-0.0011061305334452358
2017-08-29,-0.000508033158134879
2017-08-30,0.005530878075098426
2017-08-31,-0.0059734530664234484
2017-09-01,-0.004350345572244034
2017-09-05,-0.009888009548632233
2017-09-06,-0.002944438314127228
2017-09-07,0.0006533338685723621
2017-09-08,0.007904282594704949
2017-09-11,0.006140118820349718
2017-09-12,-0.007106091824463382
2017-09-13,-0.008669075441356991
2017-09-14,-0.0016971230197197259
2017-09-15,0.0035901297762970744
2017-09-18,0.0001096930504349383
2017-09-19,0.002534752824628112
2017-09-20,-0.003364162171305878
2017-09-21,0.0035817811552449333
2017-09-22,-0.0034825899681839197
2017-09-25,-0.01986643169334785
2017-09-26,0.0002032549763522725
2017-09-27,-0.0031744600233424994
2017-09-28,0.002740788571945798
2017-09-29,0.007822845371694623
2017-10-02,0.004568757069796417
2017-10-03,0.005855552638415667
2017-10-04,-0.0014058130949942973
2017-10-05,-0.0005011994112832657
2017-10-06,0.005734352468004145
2017-10-09,0.0005154062516106225
2017-10-10,-0.0009942059522939873
2017-10-11,-0.0007318183327619798
2017-10-12,-0.0011022622179316208
2017-10-13,0.0009050326379648192
2017-10-16,0.0024487165194690894
2017-10-17,-0.002582374063271132
2017-10-18,0.003304021001982026
2017-10-19,-0.0015291199341480508
2017-10-20,0.0023082059107436682
2017-10-23,-0.00030737614740062333
2017-10-24,0.0011898896975218306
2017-10-25,0.0036783543699822293
2017-10-26,0.006208517923693346
2017-10-27,0.005188124037847287
2017-10-30,-0.0019557462456738627
2017-10-31,0.00427256216906252
2017-11-01,-0.004738462825479172
2017-11-02,-0.0033810236907993152
2017-11-03,0.0037970811091855767
2017-11-06,-0.013917001223775411
2017-11-07,0.0010861894374777014
2017-11-08,0.00011402519201218878
2017-11-09,-0.00724159747398433
2017-11-10,0.004455603391400422
2017-11-13,0.0027761051146750195
2017-11-14,0.007211178130755631
2017-11-15,-0.003592797736653292
2017-11-16,0.004122571523303926
2017-11-17,-0.011882397816086236
2017-11-20,0.00788401715917839
2017-11-21,0.006160378657245771
2017-11-22,-0.0037299657732002517
2017-11-24,0.009336770195033145
2017-11-27,-0.004392303019037779
2017-11-28,-0.00012738580339252182
2017-11-29,-0.005779377121517853
2017-11-30,0.010538299063461331
2017-12-01,-0.007144208393907892
2017-12-04,-0.00048417707784229134
2017-12-05,0.002050276803356131
2017-12-06,-0.000436940976546117
2017-12-07,0.01337282200577899
2017-12-08,-0.0017085301564922937
2017-12-11,0.0012055283149458738
2017-12-12,1.2798090504319054e-05
2017-12-13,-0.003042238605500467
2017-12-14,0.0027523409053102042
2017-12-15,0.005160474600337239
2017-12-18,-0.005393842079646678
2017-12-19,1.1953906977175694e-05
2017-12-20,7.299637861322929e-05
2017-12-21,-0.001998282474577259
2017-12-22,-0.0031079636147739675
2017-12-26,-0.0061546292654278915
2017-12-27,-0.003025834552088567
2017-12-28,-0.007353879620163613
2017-12-29,-0.004082047826799603
2018-01-02,-0.007362558132238227
2018-01-03,0.009224018151027167
2018-01-04,0.0058774591773020956
2018-01-05,0.007511905194703148
2018-01-08,0.002050324766880835
2018-01-09,0.0008316192446886018
2018-01-10,0.0003101640572691953
2018-01-11,-0.0037502287569709607
2018-01-12,-0.001960359798650542
2018-01-16,-0.002532216909497591
2018-01-17,0.0022536005166676853
2018-01-18,0.0026044568768911554
2018-01-19,0.003754289858333018
2018-01-22,-0.00015072804316807633
2018-01-23,-0.0024862938411949727
2018-01-24,-0.01037066074706463
2018-01-25,-0.004482850931706503
2018-01-26,0.0035450366011672957
2018-01-29,-0.000775946041005791
2018-01-30,-0.002036888210874058
2018-01-31,0.0028167829468468825
2018-02-01,6.354926468759327e-05
2018-02-02,-0.004433894143014246
2018-02-05,-0.010380304292649361
2018-02-06,0.013617328787654362
2018-02-07,-0.001362994339171413
2018-02-08,-0.010087540729347687
2018-02-09,0.00036581971386597943
2018-02-12,0.005765479552051193
2018-02-13,-0.0009763666423213581
2018-02-14,0.0036687227514777734
2018-02-15,0.0020317703799486338
2018-02-16,0.0016967676374913313
2018-02-20,-0.002433837978476429
2018-02-21,0.005540469394801288
2018-02-22,-0.005199930563323152
2018-02-23,-0.000877115512790294
2018-02-26,0.004551753621138599
2018-02-27,0.0025259656233945988
2018-02-28,-0.0021484667785999553
2018-03-01,-0.01198415792879206
2018-03-02,0.0011243803990848514
2018-03-05,-0.0005630119982010901
2018-03-06,-0.0013028191071219367
2018-03-07,-0.0005692369961558304
2018-03-08,-0.0010381679464797017
2018-03-09,0.0047133783038914865
2018-03-12,-0.0024087673251594627
2018-03-13,-0.004342941911340403
2018-03-14,0.0004603217238884761
2018-03-15,0.004315629222805301
2018-03-16,-0.00454268489114139
2018-03-19,0.0006305601919852657
2018-03-20,0.0010369507657125912
2018-03-21,-0.003473402873386744
2018-03-22,-0.0065416640489088605
2018-03-23,0.0002638796219835854
2018-03-26,0.0020291597229250414
2018-03-27,-0.010947188013941511
2018-03-28,-0.00860782586671642
2018-03-29,0.000685036679278119
2018-04-02,-0.0016716798162240694
2018-04-03,-0.0023105940367019826
2018-04-04,-0.002107256854310164
2018-04-05,-0.004309272452739005
2018-04-06,-0.004362737334250163
2018-04-09,0.00211247291392586
2018-04-10,0.005856872052153912
2018-04-11,-0.001144479478417064
2018-04-12,0.005169113978365984
2018-04-13,-0.00895965258309323
2018-04-16,-0.007331895320346527
2018-04-17,0.001113214845016112
2018-04-18,-6.219752314314464e-05
2018-04-19,0.004478004879955137
2018-04-20,-0.000975333984293454
2018-04-23,-0.0019344745296743502
2018-04-24,-0.006518771798915921
2018-04-25,-0.002652992865221449
2018-04-26,-9.878629326807715e-05
2018-04-27,-0.002071462652916876
2018-04-30,0.0037084760958925648
2018-05-01,-0.00226788152111648
2018-05-02,0.0035873497477238708
2018-05-03,0.0020145317282090425
2018-05-04,0.0029024244865980273
2018-05-07,-0.00019934710556987408
2018-05-08,0.003147317146652654
2018-05-09,0.0030119234242334124
2018-05-10,-0.004925149644097224
2018-05-11,-0.002229787849738493
2018-05-14,0.0042423999629611
2018-05-15,0.005495885973271107
2018-05-16,0.0010000418842783683
2018-05-17,0.004760288099516842
2018-05-18,0.000997582281408518
2018-05-21,0.004916449324189443
2018-05-22,-0.00603836505894573
2018-05-23,-0.0012792375758029675
2018-05-24,-0.0030813082139976313
2018-05-25,-0.011420920755025196
2018-05-29,0.006613470513878579
2018-05-30,0.006224541370762948
2018-05-31,-0.0019483304156503233
2018-06-01,-0.005004476659002055
2018-06-04,-0.006874195773173017
2018-06-05,0.011736486115587998
2018-06-06,-0.003018816628430878
2018-06-07,0.012251940432665944
2018-06-08,-0.011788003068473864
2018-06-11,0.0016179232346535581
2018-06-12,-0.001122226322437615
2018-06-13,0.0020830098286007737
2018-06-14,0.005569317830197397
2018-06-15,-0.013355061150254225
2018-06-18,0.014062124437423757
2018-06-19,-0.003646313226142995
2018-06-20,0.0020191913492103733
2018-06-21,-4.846080587887197e-05
2018-06-22,0.003678177060863458
2018-06-25,-0.014582734198201209
2018-06-26,0.010829274565906374
2018-06-27,0.00997913935355195
2018-06-28,-0.005763342320766501
2018-06-29,-0.005274047953193642
2018-07-02,0.0074242447807531435
2018-07-03,-0.009532319176947213
2018-07-05,-0.004408935786745112
2018-07-06,-7.633712729141092e-05
2018-07-09,-0.00025939287250710986
2018-07-10,-0.001729762370235221
2018-07-11,-0.0011671982913197393
2018-07-12,-0.00322541747801493
2018-07-13,-0.0020545489446189454
2018-07-16,-0.0086353384670024
2018-07-17,-0.003515141321790918
2018-07-18,0.0050745039001614005
2018-07-19,0.006700915519137871
2018-07-20,-0.0143404527652986
2018-07-23,0.005025907545162914
2018-07-24,-0.0121620335365246
2018-07-25,-0.004048048113094828
2018-07-26,0.006470125269613025
2018-07-27,-0.01676602853050185
2018-07-30,-0.0031381584190973083
2018-07-31,0.0029742596441830857
2018-08-01,0.00382765566780126
2018-08-02,0.01383861472150008
2018-08-03,-0.010481224907352912
2018-08-06,0.008984334381004537
2018-08-07,-0.001748519521425513
2018-08-08,-0.0034512240115229524
2018-08-09,0.00271367959607305
2018-08-10,0.018374073423016
2018-08-13,0.0050467284295614215
2018-08-14,-0.00033069398876254576
2018-08-15,0.006990049888314825
2018-08-16,0.004324538424004718
2018-08-17,-0.004040558182313887
2018-08-20,0.0006356090477488111
2018-08-21,0.0005223942479454474
2018-08-22,-0.0019903810207892395
2018-08-23,0.013722657589377088
2018-08-24,-0.0073159692462822406
2018-08-27,-0.008134056425401949
2018-08-28,0.00892340772635797
2018-08-29,-0.00022027928660928647
2018-08-30,0.014398687548842767
2018-08-31,-0.0012650227713706685
2018-09-04,0.014986883603142428
2018-09-05,0.0004272103288949074
2018-09-06,-0.007798679825357671
2018-09-07,0.0009720388086033116
2018-09-10,0.004847154054773013
2018-09-11,0.008293199769391607
2018-09-12,-0.008569352017891902
2018-09-13,-0.0017571010123567645
2018-09-14,0.0005286328698465119
2018-09-17,-0.011114106714732203
2018-09-18,-0.002477698542554584
2018-09-19,-0.006371539088439311
2018-09-20,-0.003729561643422901
2018-09-21,-0.001873706110870518
2018-09-24,0.004987926147005897
2018-09-25,-0.005692613477548124
2018-09-26,-0.001167174973835916
2018-09-27,0.002902052028678986
2018-09-28,0.005242203029283902
2018-10-01,0.0012778276619513375
2018-10-02,-0.01180529822487948
2018-10-03,0.002979184638630146
2018-10-04,-0.00019620707523763822
2018-10-05,-0.002616425856278836
2018-10-08,-0.004043313735828825
2018-10-09,0.0047221270890370455
2018-10-10,-0.014634059664853299
2018-10-11,-0.022169213009034218
2018-10-12,0.002048820457034593
2018-10-15,0.00045314548352401793
2018-10-16,0.0029317282137951844
2018-10-17,0.0032592427746517163
2018-10-18,0.0002100064125436376
2018-10-19,-0.0023902820601254186
2018-10-22,-0.0010016144236198224
2018-10-23,-0.00844336940837025
2018-10-24,1.862605088578229e-05
2018-10-25,0.006222229775480533
2018-10-26,-0.007129326516207164
2018-10-29,0.0011976267168851825
2018-10-30,-0.003129377736908661
2018-10-31,0.0030211904845598844
2018-11-01,-0.019356987736070946
2018-11-02,-0.006601506897513077
2018-11-05,0.007648688440895714
2018-11-06,0.0019406399572250287
2018-11-07,0.00491640251507124
2018-11-08,0.009916373667512222
2018-11-09,0.007243571535889309
2018-11-12,0.004448897206331286
2018-11-13,-0.01043978281454918
2018-11-14,0.012616475542070028
2018-11-15,-0.018377847718166487
2018-11-16,0.008865086004570486
2018-11-19,-0.0005232553425365653
2018-11-20,-0.012272332582663553
2018-11-21,-0.00630707810944268
2018-11-23,-0.00046334587632837325
2018-11-26,-0.005824557569074001
2018-11-27,0.007751962936789934
2018-11-28,0.010197323960025704
2018-11-29,1.3533136662614257e-05
2018-11-30,0.00964216209784565
2018-12-03,-0.010449036086898794
2018-12-04,-0.00023233582945947438
2018-12-06,0.00048749926294471783
2018-12-07,-0.008281624615160738
2018-12-10,0.007361908692654488
2018-12-11,-0.0020274455628192
2018-12-12,-0.0138248741315157
2018-12-13,0.002139062528210853
2018-12-14,-0.01138212918341816
2018-12-17,-0.0189017696104193
2018-12-18,0.008009931830927719
2018-12-19,-0.008553999194192
2018-12-20,-0.0006896238145687181
2018-12-21,0.0018320827411125134
2018-12-24,-0.009210251864102974
2018-12-26,-0.004807282383715412
2018-12-27,0.010368104409989117
2018-12-28,-0.005485113154097154
2018-12-31,-0.010516139838065212
2019-01-02,-0.000831232562498073
2019-01-03,-0.009133491125506467
2019-01-04,0.00020284974049475878
2019-01-07,-0.00904718469375606
2019-01-08,0.0019522186444623157
2019-01-09,-0.01124946887106824
2019-01-10,0.002395777214166129
2019-01-11,0.00863423763152277
2019-01-14,0.014702831996487753
2019-01-15,-0.00021073965390278052
2019-01-16,-0.006029555235154431
2019-01-17,0.0014857509141801136
2019-01-18,-0.003739918639834021
2019-01-22,-0.004364877160028891
2019-01-23,0.004466406067987075
2019-01-24,0.003315410663553991
2019-01-25,-0.0037245292683223447
2019-01-28,-0.00802729159048574
2019-01-29,-0.002840545718469396
2019-01-30,0.0005538876467120369
2019-01-31,0.008388860197059375
2019-02-01,-0.008568897700312458
2019-02-04,0.0019044253507755119
2019-02-05,0.005363053895106781
2019-02-06,-0.00433949944435901
2019-02-07,0.00939206080949166
2019-02-08,0.005795573526188785
2019-02-11,-0.003167493354344907
2019-02-12,-0.002845027653245984
2019-02-13,-0.003063147449206365
2019-02-14,0.002424505307895115
2019-02-15,-0.008838679609812104
2019-02-19,-0.002510064524311231
2019-02-20,-0.008374414315056694
2019-02-21,0.0011200194240587444
2019-02-22,0.004520487490510373
2019-02-25,0.0011426200750333242
2019-02-26,-0.0011663065828702937
2019-02-27,-0.00215777672621936
2019-02-28,-0.0016770215713277266
2019-03-01,-0.001738666785980638
2019-03-04,-0.0014383901231112687
2019-03-05,-0.0005411883059825829
2019-03-06,-0.0026970985721115827
2019-03-07,0.0028840279411163137
2019-03-08,0.005920078493052655
2019-03-11,0.007922253802809594
2019-03-12,2.049799998057143e-05
2019-03-13,-0.0037380805980381697
2019-03-14,-0.002434741448770922
2019-03-15,0.0015143000983923985
2019-03-18,-0.007835154769701085
2019-03-19,0.0009801348614041036
2019-03-20,-0.003198747639019071
2019-03-21,0.005009058157057647
2019-03-22,0.004442484986878111
2019-03-25,0.0014420085753037242
2019-03-26,0.0024252001820382124
2019-03-27,-0.010868246109799721
2019-03-28,0.0026860285559035108
2019-03-29,0.0038440944714510684
2019-04-01,-0.008033603985734833
2019-04-02,0.004464483765399779
2019-04-03,-0.000813761336949769
2019-04-04,-0.005374353977428557
2019-04-05,-0.0017715016037185018
2019-04-08,-0.004074390291724865
2019-04-09,0.0011924336705086435
2019-04-10,0.00041296821472018694
2019-04-11,0.002885018286158573
2019-04-12,-0.0028657615578363558
2019-04-15,0.002224024070959049
2019-04-16,-0.007615752438973068
2019-04-17,-0.003732391981119101
2019-04-18,0.007788655822041873
2019-04-22,-0.004799671243517146
2019-04-23,0.006317791402741097
2019-04-24,0.006928498517386372
2019-04-25,-0.003068126430334293
2019-04-26,-0.0021401136496443916
2019-04-29,-0.005538803497726212
2019-04-30,0.005855280614527762
2019-05-01,0.004350575840796335
2019-05-02,0.004843513965309209
2019-05-03,-0.0022209587634310353
2019-05-06,0.00017579806767436672
2019-05-07,-0.004895312896491167
2019-05-08,-0.0037531093193829265
2019-05-09,0.003193465056521874
2019-05-10,0.0015895368763959867
2019-05-13,4.842909360418257e-05
2019-05-14,-0.00085636862416414
2019-05-15,0.0047342578421066955
2019-05-16,0.006856064008147108
2019-05-17,0.0036016296672614573
2019-05-20,-0.00890994191554367
2019-05-21,-0.0005921329436244505
2019-05-22,0.0071895846604277105
2019-05-23,0.0034626146341581988
2019-05-24,-0.0013655792088782888
2019-05-28,-0.0015024580373403167
2019-05-29,-0.0075410857167229105
2019-05-30,0.007533371844378827
2019-05-31,0.0020117268644534933
2019-06-03,-0.010627015977393408
2019-06-04,0.0014723577837479377
2019-06-05,0.016803434864984094
2019-06-06,0.0014821770399339367
2019-06-07,0.00272475057389449
2019-06-10,0.0041329821113655265
2019-06-11,-0.007227012116340221
2019-06-12,0.008618281177526355
2019-06-13,-0.0009149802387316252
2019-06-14,0.0009037693092203013
2019-06-17,-0.003078982788901327
2019-06-18,-0.004518652630839496
2019-06-19,0.0007349093074434205
2019-06-20,-0.00048313112008064295
2019-06-21,-0.00487409671016668
2019-06-24,-0.0028046529526861924
2019-06-25,-0.0052402627286686435
2019-06-26,-0.01070098943786884
2019-06-27,-0.0012282039707708272
2019-06-28,-0.004177800435164835
2019-07-01,0.007750939413630106
2019-07-02,0.012407982326529045
2019-07-03,0.003994075499093964
2019-07-05,-0.008222433045259324
2019-07-08,0.005063170021194293
2019-07-09,0.00017241705303538025
2019-07-10,-0.0036416336425747725
2019-07-11,0.0028805003765651664
2019-07-12,-0.002280570101040126
2019-07-15,0.006504936166703187
2019-07-16,0.0038406029478684884
2019-07-17,0.006434640951679257
2019-07-18,0.0082584967247369
2019-07-19,-0.008359065198142354
2019-07-22,-0.0009215626870436364
2019-07-23,-0.0015371772674019966
2019-07-24,0.004182237244606261
2019-07-25,-5.912313207788705e-05
2019-07-26,0.0041401740629791696
2019-07-29,0.005671800671854112
2019-07-30,-0.008977857628035095
2019-07-31,-0.014850568683603677
2019-08-01,0.02427760181913948
2019-08-02,0.0023841478564123973
2019-08-05,0.0028240412184112147
2019-08-06,0.008259486959346193
2019-08-07,0.00929538555697474
2019-08-08,0.003959914920136723
2019-08-09,-0.00305613695533297
2019-08-12,-0.002355678983546681
2019-08-13,-0.00158871655708333
2019-08-14,0.0003116081047564275
2019-08-15,0.0023034819713653363
2019-08-16,-0.002625782751981556
2019-08-19,-0.006173623737188961
2019-08-20,0.0027538508126356957
2019-08-21,0.004607612356339329
2019-08-22,0.001886316473423585
2019-08-23,0.0013158287599078621
2019-08-26,-0.0020926527590715096
2019-08-27,0.005788910650077137
2019-08-28,-0.007003258662293135
2019-08-29,-0.0050678229000999395
2019-08-30,0.004051192330568215
2019-09-03,0.0032574447551506173
2019-09-04,-0.003615796345977833
2019-09-05,-0.010651968167201849
2019-09-06,-0.006841975688542791
2019-09-09,-0.01993501669871732
2019-09-10,-0.00766292314429787
2019-09-11,0.0045811065009750615
2019-09-12,0.0022090741432872324
2019-09-13,-0.014417072290852284
2019-09-16,-0.012021552518012568
2019-09-17,0.015761346025156442
2019-09-18,0.0018072679890143715
2019-09-19,0.00609626939786298
2019-09-20,-0.005560326676335584
2019-09-23,0.003992739190438164
2019-09-24,0.006608722433648614
2019-09-25,4.4880283964685686e-05
2019-09-26,0.005634784198736253
2019-09-27,-0.004985946890075375
2019-09-30,0.004139981591344526
2019-10-01,0.005457854023642097
2019-10-02,0.004437890599541286
2019-10-03,-0.002832238048766907
2019-10-04,0.008389402361161431
2019-10-07,-9.250339336945617e-05
2019-10-08,0.004891674401814785
2019-10-09,0.0023576620265902603
2019-10-10,-0.004069268615269028
2019-10-11,-0.00998816654520843
2019-10-14,0.0025387222774070233
2019-10-15,-0.003040243231126741
2019-10-16,0.0029116652442307636
2019-10-17,-0.0006187285483076235
2019-10-18,0.0009972123246498523
2019-10-21,0.00048446168878070163
2019-10-22,-0.00656016297906176
2019-10-23,-0.005670449546108909
2019-10-24,0.006492521421976914
2019-10-25,-0.0016462453668895432
2019-10-28,-0.007770432759692805
2019-10-29,-0.003965472047088117
2019-10-30,0.008767281902099532
2019-10-31,0.003874107643207054
2019-11-01,-0.009034708586510606
2019-11-04,-0.012358758662329248
2019-11-05,-0.007564107475024749
2019-11-06,0.00982323967544431
2019-11-07,-0.00734504204385244
2019-11-08,-0.0022327492476555094
2019-11-11,0.00795934309692948
2019-11-12,0.00433796411260857
2019-11-13,0.004265361673183825
2019-11-14,0.0057636702053741875
2019-11-15,-0.004624376630689479
2019-11-18,0.013441437036276175
2019-11-19,0.005364596625081156
2019-11-20,-0.008780726689493689
2019-11-21,-0.011441882524851545
2019-11-22,-0.0038967245892656197
2019-11-25,0.007670256670982641
2019-11-26,0.009989600359013605
2019-11-27,0.0017486365936737493
2019-11-29,0.015320162299495203
2019-12-02,-0.00933616832831288
2019-12-03,-0.004049548070749846
2019-12-04,-0.004110478468345459
2019-12-05,0.00477687434173211
2019-12-06,-0.0025621877847403374
2019-12-09,0.0023999647414624267
2019-12-10,-0.002083936458190854
2019-12-11,0.007580087257810201
2019-12-12,-0.008355349919781542
2019-12-13,0.005237340562467375
2019-12-16,-0.004649833118518913
2019-12-17,-0.004340494733331429
2019-12-18,-0.0016250810101885646
2019-12-19,-0.0013082239266387946
2019-12-20,0.001742773557377322
2019-12-23,0.003304955337477252
2019-12-24,0.0028791223808783384
2019-12-26,-0.0033112005271371337
2019-12-27,0.0007495070037631065
2019-12-30,0.0019346172758959417
2019-12-31,-0.000786840053429276
2020-01-02,0.004757966749611461
2020-01-03,-0.004738111188715079
2020-01-06,1.8709523845029298e-05
2020-01-07,0.0002161687011309965
2020-01-08,0.006586464152590872
2020-01-09,0.0021649092225123137
2020-01-10,-0.00389908575391111
2020-01-13,0.0003061136889388814
2020-01-14,0.003987808833930883
2020-01-15,0.009036239907246457
2020-01-16,0.006353204740842961
2020-01-17,0.006685727723402541
2020-01-21,0.01808655388485481
2020-01-22,0.005489309248889352
2020-01-23,0.0038583174793946798
2020-01-24,0.004514002529123688
2020-01-27,0.001913579559950465
2020-01-28,0.0022609654508783275
2020-01-29,0.00406331858216353
2020-01-30,0.004011859145535218
2020-01-31,-0.0026415381226196784
2020-02-03,0.010970471944792773
2020-02-04,0.002048609485823272
2020-02-05,-0.004667908626758535
2020-02-06,0.006105256947207357
2020-02-07,0.0012224370979798467
2020-02-10,0.01816725688779978
2020-02-11,-0.004688431833685409
2020-02-12,-0.005059559474678711
2020-02-13,0.003215443510125889
2020-02-14,0.0032439917939656865
2020-02-18,-0.006027375752496463
2020-02-19,-0.0019929125869538942
2020-02-20,0.0008632920091722906
2020-02-21,-0.00177811163698253
2020-02-24,0.0027160581594778176
2020-02-25,-0.005815867393739451
2020-02-26,0.011597847669836766
2020-02-27,-0.0065091698421468275
2020-02-28,-0.0020438951513599957
2020-03-02,0.01961174168339895
2020-03-03,-0.008337625999800351
2020-03-04,0.025448848209185013
2020-03-05,0.00672481251413512
2020-03-06,0.02152568099889309
2020-03-09,0.05006819299244113
2020-03-10,-0.02770035846665047
2020-03-11,-0.0038116760918012133
2020-03-12,-0.014492219855010343
2020-03-13,0.0026360599495266106
2020-03-16,-0.028943705752541807
2020-03-17,0.037468794867909584
2020-03-18,0.029303895278491535
2020-03-19,-0.03490320113205776
2020-03-20,-0.014462498675228728
2020-03-23,0.009128516046604484
2020-03-24,0.008860911570664032
2020-03-25,-0.010007611076731893
2020-03-26,0.030415771590397708
2020-03-27,0.00944116765611687
2020-03-30,0.02499043592553273
2020-03-31,-0.020264804068883577
2020-04-01,-0.009099360969725434
2020-04-02,-0.021826667218944513
2020-04-03,-0.034429702041955904
2020-04-06,0.029585025514000825
2020-04-07,-0.012807533990419404
2020-04-08,0.0024178400807558197
2020-04-09,0.008793918007954787
2020-04-13,-0.0028192399030181696
2020-04-14,0.03896754014896849
2020-04-15,0.011898195475842336
2020-04-16,0.01581918138603377
2020-04-17,-0.012112944632246917
2020-04-20,-0.0007952200748486855
2020-04-21,0.02017244835161918
2020-04-22,0.018155772507447245
2020-04-23,-0.006626733615389392
2020-04-24,0.02276341674801595
2020-04-27,0.010574821310165333
2020-04-28,-0.016475469445580645
2020-04-29,-0.015570875043640891
2020-04-30,-0.015801875409781545
2020-05-01,0.006890084375754388
2020-05-04,-0.010885409782680981
2020-05-05,-0.006350231212514804
2020-05-06,0.01926656492193413
2020-05-07,0.008547369120303974
2020-05-08,-0.011424508656848081
2020-05-11,0.017367936744901648
2020-05-12,0.00246881620134782
2020-05-13,0.011309422696259874
2020-05-14,-0.0007041443428140082
2020-05-15,0.007494764831861259
2020-05-18,-0.03374301463200883
2020-05-19,0.00629003428299653
2020-05-20,-0.003262606439058157
2020-05-21,-0.013700431702240959
2020-05-22,0.007922740956616289
2020-05-26,-0.027839893072334292
2020-05-27,0.0011424976840950375
2020-05-28,0.003403634481824407
2020-05-29,0.003867773378632972
2020-06-01,-0.007209064993031231
2020-06-02,-0.014074361604181058
2020-06-03,-0.013577014041693055
2020-06-04,-0.007599429408563466
2020-06-05,-0.014236175178103386
2020-06-08,-0.008394914419499189
2020-06-09,0.014558011895375776
2020-06-10,0.017342130628815816
2020-06-11,-0.003207466958578358
2020-06-12,-0.0049299227730846785
2020-06-15,0.015442950164476946
2020-06-16,0.0077804886475747286
2020-06-17,0.003508455003711034
2020-06-18,-0.0011655187330486467
2020-06-19,0.0028129197374934887
2020-06-22,0.009366358751362878
2020-06-23,0.00835486709068161
2020-06-24,0.006305331730360877
2020-06-25,0.004938268489843638
2020-06-26,0.0019530411127277928
2020-06-29,-0.015057645126084297
2020-06-30,0.010318668888666206
2020-07-01,0.0009607464131866798
2020-07-02,-0.00444142390600482
2020-07-06,0.00026735147151287625
2020-07-07,0.008432824109341902
2020-07-08,0.011667863967513776
2020-07-09,0.014687465706526221
2020-07-10,-0.013133505502266418
2020-07-13,-0.004742549408365019
2020-07-14,0.008485024134267747
2020-07-15,-0.004300850891593318
2020-07-16,0.0029905204427644865
2020-07-17,0.009270183116877986
2020-07-20,0.02084206137398814
2020-07-21,-0.016174311813424932
2020-07-22,0.008694787389889408
2020-07-23,-0.015524173544083895
2020-07-24,-0.0025091888027420446
2020-07-27,0.029322288225936802
2020-07-28,-0.015883185278513172
2020-07-29,-0.0034587202822478295
2020-07-30,0.008099598676145521
2020-07-31,0.012036578192765225
2020-08-03,-0.007268293302083401
2020-08-04,0.0034907936809191777
2020-08-05,0.0002499227978623918
2020-08-06,0.013343723298423801
2020-08-07,-0.016835870821299052
2020-08-10,-0.0006133130081618763
2020-08-11,-0.028661630231094436
2020-08-12,0.006150078668244317
2020-08-13,0.015871693434255593
2020-08-14,-0.01420157808170945
2020-08-17,0.021540652927230907
2020-08-18,0.00034070703841371014
2020-08-19,-0.005976161802330484
2020-08-20,0.011782224522669261
2020-08-21,0.0017656621404392113
2020-08-24,-0.009872826338857511
2020-08-25,0.002915791154273796
2020-08-26,0.021042256456673666
2020-08-27,-0.016154659118726343
2020-08-28,0.0031056459575495147
2020-08-31,0.010651846003972253
2020-09-01,0.01107852154227198
2020-09-02,0.0029758696344555787
2020-09-03,-0.027976552765344685
2020-09-04,-0.008313140813776081
2020-09-08,0.003950488848381239
2020-09-09,0.014914645491323795
2020-09-10,0.0052894786839754555
2020-09-11,-0.0014479819685502444
2020-09-14,0.009356479330657178
2020-09-15,0.0023439041008459093
2020-09-16,-0.011183684953833614
2020-09-17,-0.004177029572941247
2020-09-18,-0.001501159556756711
2020-09-21,-0.002288721178063601
2020-09-22,0.012565400427143688
2020-09-23,-0.017115668114341624
2020-09-24,-0.0037152434151932635
2020-09-25,0.006033168283085914
2020-09-28,0.010449488586164736
2020-09-29,0.011517019496877997
2020-09-30,-0.0032897790980065795
2020-10-01,0.01806274615693012
2020-10-02,-0.010278870905565824
2020-10-05,-0.002897079546593963
2020-10-06,-0.01147715507556918
2020-10-07,0.009370055025536369
2020-10-08,-0.009574610941296339
2020-10-09,0.017047822111345416
2020-10-12,0.005416649118645299
2020-10-13,0.0015790900171949234
2020-10-14,-0.001065297309237042
2020-10-15,-0.004079937303699212
2020-10-16,0.0017008850523744343
2020-10-19,-0.003587671379293536
2020-10-20,-0.004452945390466647
2020-10-21,0.003191435019788337
2020-10-22,-0.01754162251844668
2020-10-23,0.006055980998703096
2020-10-26,-0.0030845575126293902
2020-10-27,0.007213238143271677
2020-10-28,0.00031907187040820003
2020-10-29,0.0019160719456630263
2020-10-30,-0.00933501124523066
2020-11-02,-0.004418437505302167
2020-11-03,0.008791415368140336
2020-11-04,0.015063299473793559
2020-11-05,0.010363554994281033
2020-11-06,0.0028944302378416686
2020-11-09,-0.0640084307342882
2020-11-10,-0.01792407487565514
2020-11-11,0.008667861842196275
2020-11-12,0.0084692066634798
2020-11-13,-0.0007004347488564762
2020-11-16,-0.0030682381545529954
2020-11-17,-0.007852620722247834
2020-11-18,0.002120940387053849
2020-11-19,0.0013249718566529325
2020-11-20,-0.0003028473208445199
2020-11-23,-0.00866622122958454
2020-11-24,-0.01645675207371919
2020-11-25,-0.002530196744084937
2020-11-27,0.014149682963928897
2020-11-30,0.009353821408182519
2020-12-01,0.005001124812902707
2020-12-02,-0.003261225966563129
2020-12-03,0.008135163033331281
2020-12-04,-0.008747665683022054
2020-12-07,0.015563520009449987
2020-12-08,-0.0016176712143112773
2020-12-09,-0.006332063548242982
2020-12-10,-0.014647007043873582
2020-12-11,0.00019857635739026463
2020-12-14,0.008216505645523647
2020-12-15,0.0015092905692788772
2020-12-16,-5.501448704080031e-05
2020-12-17,0.0027754634685522896
2020-12-18,0.0012386091371825534
2020-12-21,0.010286443073793393
2020-12-22,0.004073161927381306
2020-12-23,-0.0006834376637697674
2020-12-24,0.0032698442616836206
2020-12-28,0.011193290343042022
2020-12-29,-0.009343093832488826
2020-12-30,0.005452050244556507
2020-12-31,-0.007976241464014025
2021-01-04,0.0031691518774208186
2021-01-05,-0.005680144980105942
2021-01-06,0.0012118865196989743
2021-01-07,0.012713389521067023
2021-01-08,-0.002376601855393858
2021-01-11,-0.0015075816987230148
2021-01-12,-0.00016172335354891314
2021-01-13,-0.004655874226591508
2021-01-14,0.00925374722117072
2021-01-15,-0.013133287254444006
2021-01-19,0.016129592432043167
2021-01-20,-0.0027632152817713635
2021-01-21,0.007101699348463279
2021-01-22,0.005518236344082714
2021-01-25,-0.001008088185075438
2021-01-26,-0.0033908342519457955
2021-01-27,0.00039067900954105675
2021-01-28,-0.008201968749652991
2021-01-29,0.011781026813991131
2021-02-01,-0.001180519736898253
2021-02-02,-0.012374635542174722
2021-02-03,-0.0024476048311835494
2021-02-04,-0.007439846886096129
2021-02-05,0.008703454045793667
2021-02-08,0.008802684537827907
2021-02-09,0.0007766523201818401
2021-02-10,-0.011764277537834517
2021-02-11,0.007186092212040834
2021-02-12,-0.0019109874874292392
2021-02-16,-0.005821103212697052
2021-02-17,-0.004811987862860809
2021-02-18,-0.006246645657207726
2021-02-19,0.012075819627336627
2021-02-22,-0.00470666533082656
2021-02-23,-0.009075593914159717
2021-02-24,0.010802893621363772
2021-02-25,-0.008631749005303752
2021-02-26,0.006461352748873295
2021-03-01,0.018726130979855215
2021-03-02,-0.017374888462729936
2021-03-03,-0.0069363182325849915
2021-03-04,-0.0160879879195211
2021-03-05,0.005273176680342503
2021-03-08,0.003316357173358967
2021-03-09,0.01388296424815133
2021-03-10,-0.006177508422166439
2021-03-11,0.00748189865691171
2021-03-12,-0.0018712542737635415
2021-03-15,-0.0027455945080483816
2021-03-16,-0.01093310715347867
2021-03-17,0.0004285578576448881
2021-03-18,-0.018706703616112066
2021-03-19,0.00988607854268639
2021-03-22,-0.0009191253556948586
2021-03-23,-0.019614959786092196
2021-03-24,-0.007233041919547365
2021-03-25,0.0011155316163653497
2021-03-26,0.012642124444609066
2021-03-29,-0.011044971768324505
2021-03-30,0.003936256047344063
2021-03-31,0.0009217826903580189
2021-04-01,0.006855482595529178
2021-04-05,-0.012584149628375585
2021-04-06,-0.0013332154691522403
2021-04-07,-0.003963028267822965
2021-04-08,-0.0076453737735500465
2021-04-09,0.010306396735299535
2021-04-12,-0.00019619532654381263
2021-04-13,-0.009071148321805922
2021-04-14,0.0015436565770519852
2021-04-15,-0.006526623742193475
2021-04-16,-0.0003124820707922625
2021-04-19,-0.007113178670463628
2021-04-20,-0.00820232322022315
2021-04-21,0.0028825627591356835
2021-04-22,-0.005315082184531412
2021-04-23,0.011711018136659387
2021-04-26,-0.0020275500076159187
2021-04-27,0.007993579375313229
2021-04-28,-0.009864146943724224
2021-04-29,0.009454403421739652
2021-04-30,0.0010734529874055114
2021-05-03,0.007118607705515624
2021-05-04,0.016277871953639216
2021-05-05,-0.0016933755344787727
2021-05-06,-0.0023019317729526903
2021-05-07,-0.003848574284805171
2021-05-10,0.00569750469952352
2021-05-11,-0.011139003315285908
2021-05-12,-0.008979809388225929
2021-05-13,0.006710380720264819
2021-05-14,-0.006104762475618693
2021-05-17,-0.003487105760197261
2021-05-18,-0.00819236699647784
2021-05-19,-0.004081251396413964
2021-05-20,-0.01083430157052134
2021-05-21,0.007634646146886832
2021-05-24,0.0040374296956332935
2021-05-25,-0.0021486306124059895
2021-05-26,-0.001283648279207635
2021-05-27,0.004196293273994398
2021-05-28,-0.003950025762393599
2021-06-01,-0.0014359139257745677
2021-06-02,-0.006104834857829126
2021-06-03,0.0022829611391347064
2021-06-04,-0.004841893762452891
2021-06-07,-0.00830767441364941
2021-06-08,0.004484523092274829
2021-06-09,-0.0067192412247624725
2021-06-10,-0.005769149476827464
2021-06-11,0.002275365436151474
2021-06-14,-0.005321542820161437
2021-06-15,0.004624435945561955
2021-06-16,-0.002641468162588298
2021-06-17,-0.017025543959723378
2021-06-18,-0.003430489345587837
2021-06-21,0.00855427304402497
2021-06-22,0.0035417214381117186
2021-06-23,-0.0005536377297395523
2021-06-24,-0.00101654695359176
2021-06-25,-0.002922705073029064
2021-06-28,-0.0019441699693880641
2021-06-29,0.00521757881613577
2021-06-30,0.003622005300480643
2021-07-01,-0.0016940649782997868
2021-07-02,0.00433498992280061
2021-07-06,-0.0047697384384110435
2021-07-07,-0.0034763600509587
2021-07-08,0.009345306112502715
2021-07-09,0.0019363466425746036
2021-07-12,0.006585108547450466
2021-07-13,-0.0009953005279427453
2021-07-14,0.0004840138703487973
2021-07-15,-0.006048258456546064
2021-07-16,0.0030341696170601918
2021-07-19,-0.010953460527696638
2021-07-20,0.008814098361608055
2021-07-21,0.0059324929703689295
2021-07-22,0.003729032767596183
2021-07-23,0.008420868047606537
2021-07-26,0.012974982367066124
2021-07-27,-0.002267871136148584
2021-07-28,-0.01165059050229614
2021-07-29,0.004840074561973771
2021-07-30,-0.0021221280791814743
2021-08-02,-0.0059995024999076095
2021-08-03,0.0032207844445978923
2021-08-04,-0.007635526741281903
2021-08-05,0.007061210749623107
2021-08-06,0.00589547447355076
2021-08-09,-0.002063808932947211
2021-08-10,0.005607406051534744
2021-08-11,-0.0046857632344362255
2021-08-12,0.000987105374223164
2021-08-13,-0.007304502443814571
2021-08-16,0.006464363687617132
2021-08-17,-0.0036456176665578266
2021-08-18,-0.003696264922369222
2021-08-19,0.009136796968518216
2021-08-20,0.0018881662029997894
2021-08-23,-0.0039119162019825
2021-08-24,-0.004154741626439419
2021-08-25,0.0031144300491330007
2021-08-26,0.009252904419884328
2021-08-27,-0.0006822686146408492
2021-08-30,0.00516202009322735
2021-08-31,-0.0035401401221380035
2021-09-01,0.00042191481390732485
2021-09-02,0.00475159294730812
2021-09-03,-0.003184945177251049
2021-09-07,-0.00427497182306754
2021-09-08,0.01348909426411982
2021-09-09,-0.002875257090251029
2021-09-10,0.0017699403832630292
2021-09-13,6.257650636889674e-05
2021-09-14,0.0028868689606431843
2021-09-15,0.010817000119619896
2021-09-16,0.009301916086782103
2021-09-17,-0.00671498729448299
2021-09-20,-0.0012722473508353623
2021-09-21,-0.009056979619626438
2021-09-22,0.0013127197124539185
2021-09-23,0.013197784159919887
2021-09-24,0.009481862013033847
2021-09-27,0.007232048001506435
2021-09-28,-0.004642008440946843
2021-09-29,0.0008495043919969768
2021-09-30,-0.00872845500263962
2021-10-01,0.0002414874325778843
2021-10-04,0.010338918948461286
2021-10-05,0.011233003831072019
2021-10-06,-0.011758085867184388
2021-10-07,0.0028998317712959874
2021-10-08,-0.007200389538903171
2021-10-11,-0.002923695540540577
2021-10-12,0.00026575978824129983
2021-10-13,-0.0052018895146945235
2021-10-14,0.003518207937861405
2021-10-15,-0.004758358556472252
2021-10-18,-0.002828819110173604
2021-10-19,0.0014373309569351692
2021-10-20,0.0029411556322643914
2021-10-21,0.005009011569439376
2021-10-22,0.0030301177875339375
2021-10-25,0.007668354435431794
2021-10-26,0.00546889245785769
2021-10-27,-0.006431353063087717
2021-10-28,-0.0012612700284004524
2021-10-29,0.0045921241402656805
2021-11-01,-0.007654365478374733
2021-11-02,0.015158826154091155
2021-11-03,-0.0032650374075890803
2021-11-04,-0.0015728801296469213
2021-11-05,0.0026044609176731205
2021-11-08,-0.003054321533549291
2021-11-09,-0.011583606930652746
2021-11-10,-0.014621011631864075
2021-11-11,-0.004914747054639197
2021-11-12,-0.006530186006511677
2021-11-15,0.010832183076428841
2021-11-16,0.008121576250510252
2021-11-17,-0.011005460726534284
2021-11-18,0.011465011948061321
2021-11-19,-0.010809635961099674
2021-11-22,0.002283869922559357
2021-11-23,0.020983622128804075
2021-11-24,0.0010688270758140179
2021-11-26,-0.014256078413482816
2021-11-29,-0.0025420630090378263
2021-11-30,-0.019463715406667293
2021-12-01,-0.01381488287705243
2021-12-02,-0.001065027482080663
2021-12-03,-0.002394399670924643
2021-12-06,0.0005955142451533292
2021-12-07,0.0029125703647205157
2021-12-08,-0.0021424459703418006
2021-12-09,0.002994225772357327
2021-12-10,0.009756581077638535
2021-12-13,-0.008507786377334818
2021-12-14,-0.0015716374164622786
2021-12-15,0.004982215960072294
2021-12-16,-0.01277069715938981
2021-12-17,-0.01271108781821568
2021-12-20,-0.0004893857272470443
2021-12-21,0.012074597262951844
2021-12-22,0.002718036423195789
2021-12-23,-0.0010844767455939646
2021-12-27,0.01518842163428445
2021-12-28,0.004622837558728352
2021-12-29,0.006630209903732853
2021-12-30,-0.013553261453943958
2021-12-31,0.0019173219589492605
